exchange,trade_date,is_open,previous_trade_date,source
SSE,19901219,1,,sina_finance
SSE,19901220,1,19901219,sina_finance
SSE,19901221,1,19901220,sina_finance
SSE,19901224,1,19901221,sina_finance
SSE,19901225,1,19901224,sina_finance
SSE,19901226,1,19901225,sina_finance
SSE,19901227,1,19901226,sina_finance
SSE,19901228,1,19901227,sina_finance
SSE,19901231,1,19901228,sina_finance
SSE,19910102,1,19901231,sina_finance
SSE,19910103,1,19910102,sina_finance
SSE,19910104,1,19910103,sina_finance
SSE,19910107,1,19910104,sina_finance
SSE,19910108,1,19910107,sina_finance
SSE,19910109,1,19910108,sina_finance
SSE,19910110,1,19910109,sina_finance
SSE,19910111,1,19910110,sina_finance
SSE,19910114,1,19910111,sina_finance
SSE,19910115,1,19910114,sina_finance
SSE,19910116,1,19910115,sina_finance
SSE,19910117,1,19910116,sina_finance
SSE,19910118,1,19910117,sina_finance
SSE,19910121,1,19910118,sina_finance
SSE,19910122,1,19910121,sina_finance
SSE,19910123,1,19910122,sina_finance
SSE,19910124,1,19910123,sina_finance
SSE,19910125,1,19910124,sina_finance
SSE,19910128,1,19910125,sina_finance
SSE,19910129,1,19910128,sina_finance
SSE,19910130,1,19910129,sina_finance
SSE,19910131,1,19910130,sina_finance
SSE,19910201,1,19910131,sina_finance
SSE,19910204,1,19910201,sina_finance
SSE,19910205,1,19910204,sina_finance
SSE,19910206,1,19910205,sina_finance
SSE,19910207,1,19910206,sina_finance
SSE,19910208,1,19910207,sina_finance
SSE,19910211,1,19910208,sina_finance
SSE,19910212,1,19910211,sina_finance
SSE,19910213,1,19910212,sina_finance
SSE,19910214,1,19910213,sina_finance
SSE,19910219,1,19910214,sina_finance
SSE,19910220,1,19910219,sina_finance
SSE,19910221,1,19910220,sina_finance
SSE,19910222,1,19910221,sina_finance
SSE,19910225,1,19910222,sina_finance
SSE,19910226,1,19910225,sina_finance
SSE,19910227,1,19910226,sina_finance
SSE,19910228,1,19910227,sina_finance
SSE,19910301,1,19910228,sina_finance
SSE,19910304,1,19910301,sina_finance
SSE,19910305,1,19910304,sina_finance
SSE,19910306,1,19910305,sina_finance
SSE,19910307,1,19910306,sina_finance
SSE,19910308,1,19910307,sina_finance
SSE,19910311,1,19910308,sina_finance
SSE,19910312,1,19910311,sina_finance
SSE,19910313,1,19910312,sina_finance
SSE,19910314,1,19910313,sina_finance
SSE,19910315,1,19910314,sina_finance
SSE,19910318,1,19910315,sina_finance
SSE,19910319,1,19910318,sina_finance
SSE,19910320,1,19910319,sina_finance
SSE,19910321,1,19910320,sina_finance
SSE,19910322,1,19910321,sina_finance
SSE,19910325,1,19910322,sina_finance
SSE,19910326,1,19910325,sina_finance
SSE,19910327,1,19910326,sina_finance
SSE,19910328,1,19910327,sina_finance
SSE,19910329,1,19910328,sina_finance
SSE,19910401,1,19910329,sina_finance
SSE,19910402,1,19910401,sina_finance
SSE,19910403,1,19910402,sina_finance
SSE,19910404,1,19910403,sina_finance
SSE,19910405,1,19910404,sina_finance
SSE,19910408,1,19910405,sina_finance
SSE,19910409,1,19910408,sina_finance
SSE,19910410,1,19910409,sina_finance
SSE,19910411,1,19910410,sina_finance
SSE,19910412,1,19910411,sina_finance
SSE,19910415,1,19910412,sina_finance
SSE,19910416,1,19910415,sina_finance
SSE,19910417,1,19910416,sina_finance
SSE,19910418,1,19910417,sina_finance
SSE,19910419,1,19910418,sina_finance
SSE,19910422,1,19910419,sina_finance
SSE,19910423,1,19910422,sina_finance
SSE,19910424,1,19910423,sina_finance
SSE,19910425,1,19910424,sina_finance
SSE,19910426,1,19910425,sina_finance
SSE,19910429,1,19910426,sina_finance
SSE,19910430,1,19910429,sina_finance
SSE,19910502,1,19910430,sina_finance
SSE,19910503,1,19910502,sina_finance
SSE,19910506,1,19910503,sina_finance
SSE,19910507,1,19910506,sina_finance
SSE,19910508,1,19910507,sina_finance
SSE,19910509,1,19910508,sina_finance
SSE,19910510,1,19910509,sina_finance
SSE,19910513,1,19910510,sina_finance
SSE,19910514,1,19910513,sina_finance
SSE,19910515,1,19910514,sina_finance
SSE,19910516,1,19910515,sina_finance
SSE,19910517,1,19910516,sina_finance
SSE,19910520,1,19910517,sina_finance
SSE,19910521,1,19910520,sina_finance
SSE,19910522,1,19910521,sina_finance
SSE,19910523,1,19910522,sina_finance
SSE,19910524,1,19910523,sina_finance
SSE,19910527,1,19910524,sina_finance
SSE,19910528,1,19910527,sina_finance
SSE,19910529,1,19910528,sina_finance
SSE,19910530,1,19910529,sina_finance
SSE,19910531,1,19910530,sina_finance
SSE,19910603,1,19910531,sina_finance
SSE,19910604,1,19910603,sina_finance
SSE,19910605,1,19910604,sina_finance
SSE,19910606,1,19910605,sina_finance
SSE,19910607,1,19910606,sina_finance
SSE,19910610,1,19910607,sina_finance
SSE,19910611,1,19910610,sina_finance
SSE,19910612,1,19910611,sina_finance
SSE,19910613,1,19910612,sina_finance
SSE,19910614,1,19910613,sina_finance
SSE,19910617,1,19910614,sina_finance
SSE,19910618,1,19910617,sina_finance
SSE,19910619,1,19910618,sina_finance
SSE,19910620,1,19910619,sina_finance
SSE,19910621,1,19910620,sina_finance
SSE,19910624,1,19910621,sina_finance
SSE,19910625,1,19910624,sina_finance
SSE,19910626,1,19910625,sina_finance
SSE,19910627,1,19910626,sina_finance
SSE,19910628,1,19910627,sina_finance
SSE,19910701,1,19910628,sina_finance
SSE,19910702,1,19910701,sina_finance
SSE,19910703,1,19910702,sina_finance
SSE,19910704,1,19910703,sina_finance
SSE,19910705,1,19910704,sina_finance
SSE,19910708,1,19910705,sina_finance
SSE,19910709,1,19910708,sina_finance
SSE,19910710,1,19910709,sina_finance
SSE,19910711,1,19910710,sina_finance
SSE,19910712,1,19910711,sina_finance
SSE,19910715,1,19910712,sina_finance
SSE,19910716,1,19910715,sina_finance
SSE,19910717,1,19910716,sina_finance
SSE,19910718,1,19910717,sina_finance
SSE,19910719,1,19910718,sina_finance
SSE,19910722,1,19910719,sina_finance
SSE,19910723,1,19910722,sina_finance
SSE,19910724,1,19910723,sina_finance
SSE,19910725,1,19910724,sina_finance
SSE,19910726,1,19910725,sina_finance
SSE,19910729,1,19910726,sina_finance
SSE,19910730,1,19910729,sina_finance
SSE,19910731,1,19910730,sina_finance
SSE,19910801,1,19910731,sina_finance
SSE,19910802,1,19910801,sina_finance
SSE,19910805,1,19910802,sina_finance
SSE,19910806,1,19910805,sina_finance
SSE,19910807,1,19910806,sina_finance
SSE,19910808,1,19910807,sina_finance
SSE,19910809,1,19910808,sina_finance
SSE,19910812,1,19910809,sina_finance
SSE,19910813,1,19910812,sina_finance
SSE,19910814,1,19910813,sina_finance
SSE,19910815,1,19910814,sina_finance
SSE,19910816,1,19910815,sina_finance
SSE,19910819,1,19910816,sina_finance
SSE,19910820,1,19910819,sina_finance
SSE,19910821,1,19910820,sina_finance
SSE,19910822,1,19910821,sina_finance
SSE,19910823,1,19910822,sina_finance
SSE,19910826,1,19910823,sina_finance
SSE,19910827,1,19910826,sina_finance
SSE,19910828,1,19910827,sina_finance
SSE,19910829,1,19910828,sina_finance
SSE,19910830,1,19910829,sina_finance
SSE,19910902,1,19910830,sina_finance
SSE,19910903,1,19910902,sina_finance
SSE,19910904,1,19910903,sina_finance
SSE,19910905,1,19910904,sina_finance
SSE,19910906,1,19910905,sina_finance
SSE,19910909,1,19910906,sina_finance
SSE,19910910,1,19910909,sina_finance
SSE,19910911,1,19910910,sina_finance
SSE,19910912,1,19910911,sina_finance
SSE,19910913,1,19910912,sina_finance
SSE,19910916,1,19910913,sina_finance
SSE,19910917,1,19910916,sina_finance
SSE,19910918,1,19910917,sina_finance
SSE,19910919,1,19910918,sina_finance
SSE,19910920,1,19910919,sina_finance
SSE,19910923,1,19910920,sina_finance
SSE,19910924,1,19910923,sina_finance
SSE,19910925,1,19910924,sina_finance
SSE,19910926,1,19910925,sina_finance
SSE,19910927,1,19910926,sina_finance
SSE,19910930,1,19910927,sina_finance
SSE,19911003,1,19910930,sina_finance
SSE,19911004,1,19911003,sina_finance
SSE,19911007,1,19911004,sina_finance
SSE,19911008,1,19911007,sina_finance
SSE,19911009,1,19911008,sina_finance
SSE,19911010,1,19911009,sina_finance
SSE,19911011,1,19911010,sina_finance
SSE,19911014,1,19911011,sina_finance
SSE,19911015,1,19911014,sina_finance
SSE,19911016,1,19911015,sina_finance
SSE,19911017,1,19911016,sina_finance
SSE,19911018,1,19911017,sina_finance
SSE,19911021,1,19911018,sina_finance
SSE,19911022,1,19911021,sina_finance
SSE,19911023,1,19911022,sina_finance
SSE,19911024,1,19911023,sina_finance
SSE,19911025,1,19911024,sina_finance
SSE,19911028,1,19911025,sina_finance
SSE,19911029,1,19911028,sina_finance
SSE,19911030,1,19911029,sina_finance
SSE,19911031,1,19911030,sina_finance
SSE,19911101,1,19911031,sina_finance
SSE,19911104,1,19911101,sina_finance
SSE,19911105,1,19911104,sina_finance
SSE,19911106,1,19911105,sina_finance
SSE,19911107,1,19911106,sina_finance
SSE,19911108,1,19911107,sina_finance
SSE,19911111,1,19911108,sina_finance
SSE,19911112,1,19911111,sina_finance
SSE,19911113,1,19911112,sina_finance
SSE,19911114,1,19911113,sina_finance
SSE,19911115,1,19911114,sina_finance
SSE,19911118,1,19911115,sina_finance
SSE,19911119,1,19911118,sina_finance
SSE,19911120,1,19911119,sina_finance
SSE,19911121,1,19911120,sina_finance
SSE,19911122,1,19911121,sina_finance
SSE,19911125,1,19911122,sina_finance
SSE,19911126,1,19911125,sina_finance
SSE,19911127,1,19911126,sina_finance
SSE,19911128,1,19911127,sina_finance
SSE,19911129,1,19911128,sina_finance
SSE,19911202,1,19911129,sina_finance
SSE,19911203,1,19911202,sina_finance
SSE,19911204,1,19911203,sina_finance
SSE,19911205,1,19911204,sina_finance
SSE,19911206,1,19911205,sina_finance
SSE,19911209,1,19911206,sina_finance
SSE,19911210,1,19911209,sina_finance
SSE,19911211,1,19911210,sina_finance
SSE,19911212,1,19911211,sina_finance
SSE,19911213,1,19911212,sina_finance
SSE,19911216,1,19911213,sina_finance
SSE,19911217,1,19911216,sina_finance
SSE,19911218,1,19911217,sina_finance
SSE,19911219,1,19911218,sina_finance
SSE,19911220,1,19911219,sina_finance
SSE,19911223,1,19911220,sina_finance
SSE,19911224,1,19911223,sina_finance
SSE,19911225,1,19911224,sina_finance
SSE,19911226,1,19911225,sina_finance
SSE,19911227,1,19911226,sina_finance
SSE,19911230,1,19911227,sina_finance
SSE,19911231,1,19911230,sina_finance
SSE,19920102,1,19911231,sina_finance
SSE,19920103,1,19920102,sina_finance
SSE,19920106,1,19920103,sina_finance
SSE,19920107,1,19920106,sina_finance
SSE,19920108,1,19920107,sina_finance
SSE,19920109,1,19920108,sina_finance
SSE,19920110,1,19920109,sina_finance
SSE,19920113,1,19920110,sina_finance
SSE,19920114,1,19920113,sina_finance
SSE,19920115,1,19920114,sina_finance
SSE,19920116,1,19920115,sina_finance
SSE,19920117,1,19920116,sina_finance
SSE,19920120,1,19920117,sina_finance
SSE,19920121,1,19920120,sina_finance
SSE,19920122,1,19920121,sina_finance
SSE,19920123,1,19920122,sina_finance
SSE,19920124,1,19920123,sina_finance
SSE,19920127,1,19920124,sina_finance
SSE,19920128,1,19920127,sina_finance
SSE,19920129,1,19920128,sina_finance
SSE,19920130,1,19920129,sina_finance
SSE,19920131,1,19920130,sina_finance
SSE,19920203,1,19920131,sina_finance
SSE,19920207,1,19920203,sina_finance
SSE,19920210,1,19920207,sina_finance
SSE,19920211,1,19920210,sina_finance
SSE,19920212,1,19920211,sina_finance
SSE,19920213,1,19920212,sina_finance
SSE,19920214,1,19920213,sina_finance
SSE,19920217,1,19920214,sina_finance
SSE,19920218,1,19920217,sina_finance
SSE,19920219,1,19920218,sina_finance
SSE,19920220,1,19920219,sina_finance
SSE,19920221,1,19920220,sina_finance
SSE,19920224,1,19920221,sina_finance
SSE,19920225,1,19920224,sina_finance
SSE,19920226,1,19920225,sina_finance
SSE,19920227,1,19920226,sina_finance
SSE,19920228,1,19920227,sina_finance
SSE,19920302,1,19920228,sina_finance
SSE,19920303,1,19920302,sina_finance
SSE,19920304,1,19920303,sina_finance
SSE,19920305,1,19920304,sina_finance
SSE,19920306,1,19920305,sina_finance
SSE,19920309,1,19920306,sina_finance
SSE,19920310,1,19920309,sina_finance
SSE,19920311,1,19920310,sina_finance
SSE,19920312,1,19920311,sina_finance
SSE,19920313,1,19920312,sina_finance
SSE,19920316,1,19920313,sina_finance
SSE,19920317,1,19920316,sina_finance
SSE,19920318,1,19920317,sina_finance
SSE,19920319,1,19920318,sina_finance
SSE,19920320,1,19920319,sina_finance
SSE,19920323,1,19920320,sina_finance
SSE,19920324,1,19920323,sina_finance
SSE,19920325,1,19920324,sina_finance
SSE,19920326,1,19920325,sina_finance
SSE,19920327,1,19920326,sina_finance
SSE,19920330,1,19920327,sina_finance
SSE,19920331,1,19920330,sina_finance
SSE,19920401,1,19920331,sina_finance
SSE,19920402,1,19920401,sina_finance
SSE,19920403,1,19920402,sina_finance
SSE,19920406,1,19920403,sina_finance
SSE,19920407,1,19920406,sina_finance
SSE,19920408,1,19920407,sina_finance
SSE,19920409,1,19920408,sina_finance
SSE,19920410,1,19920409,sina_finance
SSE,19920413,1,19920410,sina_finance
SSE,19920414,1,19920413,sina_finance
SSE,19920415,1,19920414,sina_finance
SSE,19920416,1,19920415,sina_finance
SSE,19920417,1,19920416,sina_finance
SSE,19920420,1,19920417,sina_finance
SSE,19920421,1,19920420,sina_finance
SSE,19920422,1,19920421,sina_finance
SSE,19920423,1,19920422,sina_finance
SSE,19920424,1,19920423,sina_finance
SSE,19920427,1,19920424,sina_finance
SSE,19920428,1,19920427,sina_finance
SSE,19920429,1,19920428,sina_finance
SSE,19920430,1,19920429,sina_finance
SSE,19920504,1,19920430,sina_finance
SSE,19920505,1,19920504,sina_finance
SSE,19920506,1,19920505,sina_finance
SSE,19920507,1,19920506,sina_finance
SSE,19920508,1,19920507,sina_finance
SSE,19920511,1,19920508,sina_finance
SSE,19920512,1,19920511,sina_finance
SSE,19920513,1,19920512,sina_finance
SSE,19920514,1,19920513,sina_finance
SSE,19920515,1,19920514,sina_finance
SSE,19920518,1,19920515,sina_finance
SSE,19920519,1,19920518,sina_finance
SSE,19920520,1,19920519,sina_finance
SSE,19920521,1,19920520,sina_finance
SSE,19920522,1,19920521,sina_finance
SSE,19920525,1,19920522,sina_finance
SSE,19920526,1,19920525,sina_finance
SSE,19920527,1,19920526,sina_finance
SSE,19920528,1,19920527,sina_finance
SSE,19920529,1,19920528,sina_finance
SSE,19920601,1,19920529,sina_finance
SSE,19920602,1,19920601,sina_finance
SSE,19920603,1,19920602,sina_finance
SSE,19920604,1,19920603,sina_finance
SSE,19920605,1,19920604,sina_finance
SSE,19920608,1,19920605,sina_finance
SSE,19920609,1,19920608,sina_finance
SSE,19920610,1,19920609,sina_finance
SSE,19920611,1,19920610,sina_finance
SSE,19920612,1,19920611,sina_finance
SSE,19920615,1,19920612,sina_finance
SSE,19920616,1,19920615,sina_finance
SSE,19920617,1,19920616,sina_finance
SSE,19920618,1,19920617,sina_finance
SSE,19920619,1,19920618,sina_finance
SSE,19920622,1,19920619,sina_finance
SSE,19920623,1,19920622,sina_finance
SSE,19920624,1,19920623,sina_finance
SSE,19920625,1,19920624,sina_finance
SSE,19920626,1,19920625,sina_finance
SSE,19920629,1,19920626,sina_finance
SSE,19920630,1,19920629,sina_finance
SSE,19920701,1,19920630,sina_finance
SSE,19920702,1,19920701,sina_finance
SSE,19920703,1,19920702,sina_finance
SSE,19920706,1,19920703,sina_finance
SSE,19920707,1,19920706,sina_finance
SSE,19920708,1,19920707,sina_finance
SSE,19920709,1,19920708,sina_finance
SSE,19920710,1,19920709,sina_finance
SSE,19920713,1,19920710,sina_finance
SSE,19920714,1,19920713,sina_finance
SSE,19920715,1,19920714,sina_finance
SSE,19920716,1,19920715,sina_finance
SSE,19920717,1,19920716,sina_finance
SSE,19920720,1,19920717,sina_finance
SSE,19920721,1,19920720,sina_finance
SSE,19920722,1,19920721,sina_finance
SSE,19920723,1,19920722,sina_finance
SSE,19920724,1,19920723,sina_finance
SSE,19920727,1,19920724,sina_finance
SSE,19920728,1,19920727,sina_finance
SSE,19920729,1,19920728,sina_finance
SSE,19920730,1,19920729,sina_finance
SSE,19920731,1,19920730,sina_finance
SSE,19920803,1,19920731,sina_finance
SSE,19920804,1,19920803,sina_finance
SSE,19920805,1,19920804,sina_finance
SSE,19920806,1,19920805,sina_finance
SSE,19920807,1,19920806,sina_finance
SSE,19920810,1,19920807,sina_finance
SSE,19920811,1,19920810,sina_finance
SSE,19920812,1,19920811,sina_finance
SSE,19920813,1,19920812,sina_finance
SSE,19920814,1,19920813,sina_finance
SSE,19920817,1,19920814,sina_finance
SSE,19920818,1,19920817,sina_finance
SSE,19920819,1,19920818,sina_finance
SSE,19920820,1,19920819,sina_finance
SSE,19920821,1,19920820,sina_finance
SSE,19920824,1,19920821,sina_finance
SSE,19920825,1,19920824,sina_finance
SSE,19920826,1,19920825,sina_finance
SSE,19920827,1,19920826,sina_finance
SSE,19920828,1,19920827,sina_finance
SSE,19920831,1,19920828,sina_finance
SSE,19920901,1,19920831,sina_finance
SSE,19920902,1,19920901,sina_finance
SSE,19920903,1,19920902,sina_finance
SSE,19920904,1,19920903,sina_finance
SSE,19920907,1,19920904,sina_finance
SSE,19920908,1,19920907,sina_finance
SSE,19920909,1,19920908,sina_finance
SSE,19920910,1,19920909,sina_finance
SSE,19920911,1,19920910,sina_finance
SSE,19920914,1,19920911,sina_finance
SSE,19920915,1,19920914,sina_finance
SSE,19920916,1,19920915,sina_finance
SSE,19920917,1,19920916,sina_finance
SSE,19920918,1,19920917,sina_finance
SSE,19920921,1,19920918,sina_finance
SSE,19920922,1,19920921,sina_finance
SSE,19920923,1,19920922,sina_finance
SSE,19920924,1,19920923,sina_finance
SSE,19920925,1,19920924,sina_finance
SSE,19920928,1,19920925,sina_finance
SSE,19920929,1,19920928,sina_finance
SSE,19920930,1,19920929,sina_finance
SSE,19921005,1,19920930,sina_finance
SSE,19921006,1,19921005,sina_finance
SSE,19921007,1,19921006,sina_finance
SSE,19921008,1,19921007,sina_finance
SSE,19921009,1,19921008,sina_finance
SSE,19921012,1,19921009,sina_finance
SSE,19921013,1,19921012,sina_finance
SSE,19921014,1,19921013,sina_finance
SSE,19921015,1,19921014,sina_finance
SSE,19921016,1,19921015,sina_finance
SSE,19921019,1,19921016,sina_finance
SSE,19921020,1,19921019,sina_finance
SSE,19921021,1,19921020,sina_finance
SSE,19921022,1,19921021,sina_finance
SSE,19921023,1,19921022,sina_finance
SSE,19921026,1,19921023,sina_finance
SSE,19921027,1,19921026,sina_finance
SSE,19921028,1,19921027,sina_finance
SSE,19921029,1,19921028,sina_finance
SSE,19921030,1,19921029,sina_finance
SSE,19921102,1,19921030,sina_finance
SSE,19921103,1,19921102,sina_finance
SSE,19921104,1,19921103,sina_finance
SSE,19921105,1,19921104,sina_finance
SSE,19921106,1,19921105,sina_finance
SSE,19921109,1,19921106,sina_finance
SSE,19921110,1,19921109,sina_finance
SSE,19921111,1,19921110,sina_finance
SSE,19921112,1,19921111,sina_finance
SSE,19921113,1,19921112,sina_finance
SSE,19921116,1,19921113,sina_finance
SSE,19921117,1,19921116,sina_finance
SSE,19921118,1,19921117,sina_finance
SSE,19921119,1,19921118,sina_finance
SSE,19921120,1,19921119,sina_finance
SSE,19921123,1,19921120,sina_finance
SSE,19921124,1,19921123,sina_finance
SSE,19921125,1,19921124,sina_finance
SSE,19921126,1,19921125,sina_finance
SSE,19921127,1,19921126,sina_finance
SSE,19921130,1,19921127,sina_finance
SSE,19921201,1,19921130,sina_finance
SSE,19921202,1,19921201,sina_finance
SSE,19921203,1,19921202,sina_finance
SSE,19921204,1,19921203,sina_finance
SSE,19921207,1,19921204,sina_finance
SSE,19921208,1,19921207,sina_finance
SSE,19921209,1,19921208,sina_finance
SSE,19921210,1,19921209,sina_finance
SSE,19921211,1,19921210,sina_finance
SSE,19921214,1,19921211,sina_finance
SSE,19921215,1,19921214,sina_finance
SSE,19921216,1,19921215,sina_finance
SSE,19921217,1,19921216,sina_finance
SSE,19921218,1,19921217,sina_finance
SSE,19921221,1,19921218,sina_finance
SSE,19921222,1,19921221,sina_finance
SSE,19921223,1,19921222,sina_finance
SSE,19921224,1,19921223,sina_finance
SSE,19921225,1,19921224,sina_finance
SSE,19921228,1,19921225,sina_finance
SSE,19921229,1,19921228,sina_finance
SSE,19921230,1,19921229,sina_finance
SSE,19921231,1,19921230,sina_finance
SSE,19930104,1,19921231,sina_finance
SSE,19930105,1,19930104,sina_finance
SSE,19930106,1,19930105,sina_finance
SSE,19930107,1,19930106,sina_finance
SSE,19930108,1,19930107,sina_finance
SSE,19930111,1,19930108,sina_finance
SSE,19930112,1,19930111,sina_finance
SSE,19930113,1,19930112,sina_finance
SSE,19930114,1,19930113,sina_finance
SSE,19930115,1,19930114,sina_finance
SSE,19930118,1,19930115,sina_finance
SSE,19930119,1,19930118,sina_finance
SSE,19930120,1,19930119,sina_finance
SSE,19930121,1,19930120,sina_finance
SSE,19930122,1,19930121,sina_finance
SSE,19930127,1,19930122,sina_finance
SSE,19930128,1,19930127,sina_finance
SSE,19930129,1,19930128,sina_finance
SSE,19930201,1,19930129,sina_finance
SSE,19930202,1,19930201,sina_finance
SSE,19930203,1,19930202,sina_finance
SSE,19930204,1,19930203,sina_finance
SSE,19930205,1,19930204,sina_finance
SSE,19930208,1,19930205,sina_finance
SSE,19930209,1,19930208,sina_finance
SSE,19930210,1,19930209,sina_finance
SSE,19930211,1,19930210,sina_finance
SSE,19930212,1,19930211,sina_finance
SSE,19930215,1,19930212,sina_finance
SSE,19930216,1,19930215,sina_finance
SSE,19930217,1,19930216,sina_finance
SSE,19930218,1,19930217,sina_finance
SSE,19930219,1,19930218,sina_finance
SSE,19930222,1,19930219,sina_finance
SSE,19930223,1,19930222,sina_finance
SSE,19930224,1,19930223,sina_finance
SSE,19930225,1,19930224,sina_finance
SSE,19930226,1,19930225,sina_finance
SSE,19930301,1,19930226,sina_finance
SSE,19930302,1,19930301,sina_finance
SSE,19930303,1,19930302,sina_finance
SSE,19930304,1,19930303,sina_finance
SSE,19930305,1,19930304,sina_finance
SSE,19930308,1,19930305,sina_finance
SSE,19930309,1,19930308,sina_finance
SSE,19930310,1,19930309,sina_finance
SSE,19930311,1,19930310,sina_finance
SSE,19930312,1,19930311,sina_finance
SSE,19930315,1,19930312,sina_finance
SSE,19930316,1,19930315,sina_finance
SSE,19930317,1,19930316,sina_finance
SSE,19930318,1,19930317,sina_finance
SSE,19930319,1,19930318,sina_finance
SSE,19930322,1,19930319,sina_finance
SSE,19930323,1,19930322,sina_finance
SSE,19930324,1,19930323,sina_finance
SSE,19930325,1,19930324,sina_finance
SSE,19930326,1,19930325,sina_finance
SSE,19930329,1,19930326,sina_finance
SSE,19930330,1,19930329,sina_finance
SSE,19930331,1,19930330,sina_finance
SSE,19930401,1,19930331,sina_finance
SSE,19930402,1,19930401,sina_finance
SSE,19930405,1,19930402,sina_finance
SSE,19930406,1,19930405,sina_finance
SSE,19930407,1,19930406,sina_finance
SSE,19930408,1,19930407,sina_finance
SSE,19930409,1,19930408,sina_finance
SSE,19930412,1,19930409,sina_finance
SSE,19930413,1,19930412,sina_finance
SSE,19930414,1,19930413,sina_finance
SSE,19930415,1,19930414,sina_finance
SSE,19930416,1,19930415,sina_finance
SSE,19930419,1,19930416,sina_finance
SSE,19930420,1,19930419,sina_finance
SSE,19930421,1,19930420,sina_finance
SSE,19930422,1,19930421,sina_finance
SSE,19930423,1,19930422,sina_finance
SSE,19930426,1,19930423,sina_finance
SSE,19930427,1,19930426,sina_finance
SSE,19930428,1,19930427,sina_finance
SSE,19930429,1,19930428,sina_finance
SSE,19930430,1,19930429,sina_finance
SSE,19930503,1,19930430,sina_finance
SSE,19930504,1,19930503,sina_finance
SSE,19930505,1,19930504,sina_finance
SSE,19930506,1,19930505,sina_finance
SSE,19930507,1,19930506,sina_finance
SSE,19930510,1,19930507,sina_finance
SSE,19930511,1,19930510,sina_finance
SSE,19930512,1,19930511,sina_finance
SSE,19930513,1,19930512,sina_finance
SSE,19930514,1,19930513,sina_finance
SSE,19930517,1,19930514,sina_finance
SSE,19930518,1,19930517,sina_finance
SSE,19930519,1,19930518,sina_finance
SSE,19930520,1,19930519,sina_finance
SSE,19930521,1,19930520,sina_finance
SSE,19930524,1,19930521,sina_finance
SSE,19930525,1,19930524,sina_finance
SSE,19930526,1,19930525,sina_finance
SSE,19930527,1,19930526,sina_finance
SSE,19930528,1,19930527,sina_finance
SSE,19930531,1,19930528,sina_finance
SSE,19930601,1,19930531,sina_finance
SSE,19930602,1,19930601,sina_finance
SSE,19930603,1,19930602,sina_finance
SSE,19930604,1,19930603,sina_finance
SSE,19930607,1,19930604,sina_finance
SSE,19930608,1,19930607,sina_finance
SSE,19930609,1,19930608,sina_finance
SSE,19930610,1,19930609,sina_finance
SSE,19930611,1,19930610,sina_finance
SSE,19930614,1,19930611,sina_finance
SSE,19930615,1,19930614,sina_finance
SSE,19930616,1,19930615,sina_finance
SSE,19930617,1,19930616,sina_finance
SSE,19930618,1,19930617,sina_finance
SSE,19930621,1,19930618,sina_finance
SSE,19930622,1,19930621,sina_finance
SSE,19930623,1,19930622,sina_finance
SSE,19930624,1,19930623,sina_finance
SSE,19930625,1,19930624,sina_finance
SSE,19930628,1,19930625,sina_finance
SSE,19930629,1,19930628,sina_finance
SSE,19930630,1,19930629,sina_finance
SSE,19930701,1,19930630,sina_finance
SSE,19930702,1,19930701,sina_finance
SSE,19930705,1,19930702,sina_finance
SSE,19930706,1,19930705,sina_finance
SSE,19930707,1,19930706,sina_finance
SSE,19930708,1,19930707,sina_finance
SSE,19930709,1,19930708,sina_finance
SSE,19930712,1,19930709,sina_finance
SSE,19930713,1,19930712,sina_finance
SSE,19930714,1,19930713,sina_finance
SSE,19930715,1,19930714,sina_finance
SSE,19930716,1,19930715,sina_finance
SSE,19930719,1,19930716,sina_finance
SSE,19930720,1,19930719,sina_finance
SSE,19930721,1,19930720,sina_finance
SSE,19930722,1,19930721,sina_finance
SSE,19930723,1,19930722,sina_finance
SSE,19930726,1,19930723,sina_finance
SSE,19930727,1,19930726,sina_finance
SSE,19930728,1,19930727,sina_finance
SSE,19930729,1,19930728,sina_finance
SSE,19930730,1,19930729,sina_finance
SSE,19930802,1,19930730,sina_finance
SSE,19930803,1,19930802,sina_finance
SSE,19930804,1,19930803,sina_finance
SSE,19930805,1,19930804,sina_finance
SSE,19930806,1,19930805,sina_finance
SSE,19930809,1,19930806,sina_finance
SSE,19930810,1,19930809,sina_finance
SSE,19930811,1,19930810,sina_finance
SSE,19930812,1,19930811,sina_finance
SSE,19930813,1,19930812,sina_finance
SSE,19930816,1,19930813,sina_finance
SSE,19930817,1,19930816,sina_finance
SSE,19930818,1,19930817,sina_finance
SSE,19930819,1,19930818,sina_finance
SSE,19930820,1,19930819,sina_finance
SSE,19930823,1,19930820,sina_finance
SSE,19930824,1,19930823,sina_finance
SSE,19930825,1,19930824,sina_finance
SSE,19930826,1,19930825,sina_finance
SSE,19930827,1,19930826,sina_finance
SSE,19930830,1,19930827,sina_finance
SSE,19930831,1,19930830,sina_finance
SSE,19930901,1,19930831,sina_finance
SSE,19930902,1,19930901,sina_finance
SSE,19930903,1,19930902,sina_finance
SSE,19930906,1,19930903,sina_finance
SSE,19930907,1,19930906,sina_finance
SSE,19930908,1,19930907,sina_finance
SSE,19930909,1,19930908,sina_finance
SSE,19930910,1,19930909,sina_finance
SSE,19930913,1,19930910,sina_finance
SSE,19930914,1,19930913,sina_finance
SSE,19930915,1,19930914,sina_finance
SSE,19930916,1,19930915,sina_finance
SSE,19930917,1,19930916,sina_finance
SSE,19930920,1,19930917,sina_finance
SSE,19930921,1,19930920,sina_finance
SSE,19930922,1,19930921,sina_finance
SSE,19930923,1,19930922,sina_finance
SSE,19930924,1,19930923,sina_finance
SSE,19930927,1,19930924,sina_finance
SSE,19930928,1,19930927,sina_finance
SSE,19930929,1,19930928,sina_finance
SSE,19930930,1,19930929,sina_finance
SSE,19931004,1,19930930,sina_finance
SSE,19931005,1,19931004,sina_finance
SSE,19931006,1,19931005,sina_finance
SSE,19931007,1,19931006,sina_finance
SSE,19931008,1,19931007,sina_finance
SSE,19931011,1,19931008,sina_finance
SSE,19931012,1,19931011,sina_finance
SSE,19931013,1,19931012,sina_finance
SSE,19931014,1,19931013,sina_finance
SSE,19931015,1,19931014,sina_finance
SSE,19931018,1,19931015,sina_finance
SSE,19931019,1,19931018,sina_finance
SSE,19931020,1,19931019,sina_finance
SSE,19931021,1,19931020,sina_finance
SSE,19931022,1,19931021,sina_finance
SSE,19931025,1,19931022,sina_finance
SSE,19931026,1,19931025,sina_finance
SSE,19931027,1,19931026,sina_finance
SSE,19931028,1,19931027,sina_finance
SSE,19931029,1,19931028,sina_finance
SSE,19931101,1,19931029,sina_finance
SSE,19931102,1,19931101,sina_finance
SSE,19931103,1,19931102,sina_finance
SSE,19931104,1,19931103,sina_finance
SSE,19931105,1,19931104,sina_finance
SSE,19931108,1,19931105,sina_finance
SSE,19931109,1,19931108,sina_finance
SSE,19931110,1,19931109,sina_finance
SSE,19931111,1,19931110,sina_finance
SSE,19931112,1,19931111,sina_finance
SSE,19931115,1,19931112,sina_finance
SSE,19931116,1,19931115,sina_finance
SSE,19931117,1,19931116,sina_finance
SSE,19931118,1,19931117,sina_finance
SSE,19931119,1,19931118,sina_finance
SSE,19931122,1,19931119,sina_finance
SSE,19931123,1,19931122,sina_finance
SSE,19931124,1,19931123,sina_finance
SSE,19931125,1,19931124,sina_finance
SSE,19931126,1,19931125,sina_finance
SSE,19931129,1,19931126,sina_finance
SSE,19931130,1,19931129,sina_finance
SSE,19931201,1,19931130,sina_finance
SSE,19931202,1,19931201,sina_finance
SSE,19931203,1,19931202,sina_finance
SSE,19931206,1,19931203,sina_finance
SSE,19931207,1,19931206,sina_finance
SSE,19931208,1,19931207,sina_finance
SSE,19931209,1,19931208,sina_finance
SSE,19931210,1,19931209,sina_finance
SSE,19931213,1,19931210,sina_finance
SSE,19931214,1,19931213,sina_finance
SSE,19931215,1,19931214,sina_finance
SSE,19931216,1,19931215,sina_finance
SSE,19931217,1,19931216,sina_finance
SSE,19931220,1,19931217,sina_finance
SSE,19931221,1,19931220,sina_finance
SSE,19931222,1,19931221,sina_finance
SSE,19931223,1,19931222,sina_finance
SSE,19931224,1,19931223,sina_finance
SSE,19931227,1,19931224,sina_finance
SSE,19931228,1,19931227,sina_finance
SSE,19931229,1,19931228,sina_finance
SSE,19931230,1,19931229,sina_finance
SSE,19931231,1,19931230,sina_finance
SSE,19940103,1,19931231,sina_finance
SSE,19940104,1,19940103,sina_finance
SSE,19940105,1,19940104,sina_finance
SSE,19940106,1,19940105,sina_finance
SSE,19940107,1,19940106,sina_finance
SSE,19940110,1,19940107,sina_finance
SSE,19940111,1,19940110,sina_finance
SSE,19940112,1,19940111,sina_finance
SSE,19940113,1,19940112,sina_finance
SSE,19940114,1,19940113,sina_finance
SSE,19940117,1,19940114,sina_finance
SSE,19940118,1,19940117,sina_finance
SSE,19940119,1,19940118,sina_finance
SSE,19940120,1,19940119,sina_finance
SSE,19940121,1,19940120,sina_finance
SSE,19940124,1,19940121,sina_finance
SSE,19940125,1,19940124,sina_finance
SSE,19940126,1,19940125,sina_finance
SSE,19940127,1,19940126,sina_finance
SSE,19940128,1,19940127,sina_finance
SSE,19940131,1,19940128,sina_finance
SSE,19940201,1,19940131,sina_finance
SSE,19940202,1,19940201,sina_finance
SSE,19940203,1,19940202,sina_finance
SSE,19940204,1,19940203,sina_finance
SSE,19940214,1,19940204,sina_finance
SSE,19940215,1,19940214,sina_finance
SSE,19940216,1,19940215,sina_finance
SSE,19940217,1,19940216,sina_finance
SSE,19940218,1,19940217,sina_finance
SSE,19940221,1,19940218,sina_finance
SSE,19940222,1,19940221,sina_finance
SSE,19940223,1,19940222,sina_finance
SSE,19940224,1,19940223,sina_finance
SSE,19940225,1,19940224,sina_finance
SSE,19940228,1,19940225,sina_finance
SSE,19940301,1,19940228,sina_finance
SSE,19940302,1,19940301,sina_finance
SSE,19940303,1,19940302,sina_finance
SSE,19940304,1,19940303,sina_finance
SSE,19940307,1,19940304,sina_finance
SSE,19940308,1,19940307,sina_finance
SSE,19940309,1,19940308,sina_finance
SSE,19940310,1,19940309,sina_finance
SSE,19940311,1,19940310,sina_finance
SSE,19940314,1,19940311,sina_finance
SSE,19940315,1,19940314,sina_finance
SSE,19940316,1,19940315,sina_finance
SSE,19940317,1,19940316,sina_finance
SSE,19940318,1,19940317,sina_finance
SSE,19940321,1,19940318,sina_finance
SSE,19940322,1,19940321,sina_finance
SSE,19940323,1,19940322,sina_finance
SSE,19940324,1,19940323,sina_finance
SSE,19940325,1,19940324,sina_finance
SSE,19940328,1,19940325,sina_finance
SSE,19940329,1,19940328,sina_finance
SSE,19940330,1,19940329,sina_finance
SSE,19940331,1,19940330,sina_finance
SSE,19940401,1,19940331,sina_finance
SSE,19940404,1,19940401,sina_finance
SSE,19940405,1,19940404,sina_finance
SSE,19940406,1,19940405,sina_finance
SSE,19940407,1,19940406,sina_finance
SSE,19940408,1,19940407,sina_finance
SSE,19940411,1,19940408,sina_finance
SSE,19940412,1,19940411,sina_finance
SSE,19940413,1,19940412,sina_finance
SSE,19940414,1,19940413,sina_finance
SSE,19940415,1,19940414,sina_finance
SSE,19940418,1,19940415,sina_finance
SSE,19940419,1,19940418,sina_finance
SSE,19940420,1,19940419,sina_finance
SSE,19940421,1,19940420,sina_finance
SSE,19940422,1,19940421,sina_finance
SSE,19940425,1,19940422,sina_finance
SSE,19940426,1,19940425,sina_finance
SSE,19940427,1,19940426,sina_finance
SSE,19940428,1,19940427,sina_finance
SSE,19940429,1,19940428,sina_finance
SSE,19940503,1,19940429,sina_finance
SSE,19940504,1,19940503,sina_finance
SSE,19940505,1,19940504,sina_finance
SSE,19940506,1,19940505,sina_finance
SSE,19940509,1,19940506,sina_finance
SSE,19940510,1,19940509,sina_finance
SSE,19940511,1,19940510,sina_finance
SSE,19940512,1,19940511,sina_finance
SSE,19940513,1,19940512,sina_finance
SSE,19940516,1,19940513,sina_finance
SSE,19940517,1,19940516,sina_finance
SSE,19940518,1,19940517,sina_finance
SSE,19940519,1,19940518,sina_finance
SSE,19940520,1,19940519,sina_finance
SSE,19940523,1,19940520,sina_finance
SSE,19940524,1,19940523,sina_finance
SSE,19940525,1,19940524,sina_finance
SSE,19940526,1,19940525,sina_finance
SSE,19940527,1,19940526,sina_finance
SSE,19940530,1,19940527,sina_finance
SSE,19940531,1,19940530,sina_finance
SSE,19940601,1,19940531,sina_finance
SSE,19940602,1,19940601,sina_finance
SSE,19940603,1,19940602,sina_finance
SSE,19940606,1,19940603,sina_finance
SSE,19940607,1,19940606,sina_finance
SSE,19940608,1,19940607,sina_finance
SSE,19940609,1,19940608,sina_finance
SSE,19940610,1,19940609,sina_finance
SSE,19940613,1,19940610,sina_finance
SSE,19940614,1,19940613,sina_finance
SSE,19940615,1,19940614,sina_finance
SSE,19940616,1,19940615,sina_finance
SSE,19940617,1,19940616,sina_finance
SSE,19940620,1,19940617,sina_finance
SSE,19940621,1,19940620,sina_finance
SSE,19940622,1,19940621,sina_finance
SSE,19940623,1,19940622,sina_finance
SSE,19940624,1,19940623,sina_finance
SSE,19940627,1,19940624,sina_finance
SSE,19940628,1,19940627,sina_finance
SSE,19940629,1,19940628,sina_finance
SSE,19940630,1,19940629,sina_finance
SSE,19940701,1,19940630,sina_finance
SSE,19940704,1,19940701,sina_finance
SSE,19940705,1,19940704,sina_finance
SSE,19940706,1,19940705,sina_finance
SSE,19940707,1,19940706,sina_finance
SSE,19940708,1,19940707,sina_finance
SSE,19940711,1,19940708,sina_finance
SSE,19940712,1,19940711,sina_finance
SSE,19940713,1,19940712,sina_finance
SSE,19940714,1,19940713,sina_finance
SSE,19940715,1,19940714,sina_finance
SSE,19940718,1,19940715,sina_finance
SSE,19940719,1,19940718,sina_finance
SSE,19940720,1,19940719,sina_finance
SSE,19940721,1,19940720,sina_finance
SSE,19940722,1,19940721,sina_finance
SSE,19940725,1,19940722,sina_finance
SSE,19940726,1,19940725,sina_finance
SSE,19940727,1,19940726,sina_finance
SSE,19940728,1,19940727,sina_finance
SSE,19940729,1,19940728,sina_finance
SSE,19940801,1,19940729,sina_finance
SSE,19940802,1,19940801,sina_finance
SSE,19940803,1,19940802,sina_finance
SSE,19940804,1,19940803,sina_finance
SSE,19940805,1,19940804,sina_finance
SSE,19940808,1,19940805,sina_finance
SSE,19940809,1,19940808,sina_finance
SSE,19940810,1,19940809,sina_finance
SSE,19940811,1,19940810,sina_finance
SSE,19940812,1,19940811,sina_finance
SSE,19940815,1,19940812,sina_finance
SSE,19940816,1,19940815,sina_finance
SSE,19940817,1,19940816,sina_finance
SSE,19940818,1,19940817,sina_finance
SSE,19940819,1,19940818,sina_finance
SSE,19940822,1,19940819,sina_finance
SSE,19940823,1,19940822,sina_finance
SSE,19940824,1,19940823,sina_finance
SSE,19940825,1,19940824,sina_finance
SSE,19940826,1,19940825,sina_finance
SSE,19940829,1,19940826,sina_finance
SSE,19940830,1,19940829,sina_finance
SSE,19940831,1,19940830,sina_finance
SSE,19940901,1,19940831,sina_finance
SSE,19940902,1,19940901,sina_finance
SSE,19940905,1,19940902,sina_finance
SSE,19940906,1,19940905,sina_finance
SSE,19940907,1,19940906,sina_finance
SSE,19940908,1,19940907,sina_finance
SSE,19940909,1,19940908,sina_finance
SSE,19940912,1,19940909,sina_finance
SSE,19940913,1,19940912,sina_finance
SSE,19940914,1,19940913,sina_finance
SSE,19940915,1,19940914,sina_finance
SSE,19940916,1,19940915,sina_finance
SSE,19940919,1,19940916,sina_finance
SSE,19940920,1,19940919,sina_finance
SSE,19940921,1,19940920,sina_finance
SSE,19940922,1,19940921,sina_finance
SSE,19940923,1,19940922,sina_finance
SSE,19940926,1,19940923,sina_finance
SSE,19940927,1,19940926,sina_finance
SSE,19940928,1,19940927,sina_finance
SSE,19940929,1,19940928,sina_finance
SSE,19940930,1,19940929,sina_finance
SSE,19941005,1,19940930,sina_finance
SSE,19941006,1,19941005,sina_finance
SSE,19941007,1,19941006,sina_finance
SSE,19941010,1,19941007,sina_finance
SSE,19941011,1,19941010,sina_finance
SSE,19941012,1,19941011,sina_finance
SSE,19941013,1,19941012,sina_finance
SSE,19941014,1,19941013,sina_finance
SSE,19941017,1,19941014,sina_finance
SSE,19941018,1,19941017,sina_finance
SSE,19941019,1,19941018,sina_finance
SSE,19941020,1,19941019,sina_finance
SSE,19941021,1,19941020,sina_finance
SSE,19941024,1,19941021,sina_finance
SSE,19941025,1,19941024,sina_finance
SSE,19941026,1,19941025,sina_finance
SSE,19941027,1,19941026,sina_finance
SSE,19941028,1,19941027,sina_finance
SSE,19941031,1,19941028,sina_finance
SSE,19941101,1,19941031,sina_finance
SSE,19941102,1,19941101,sina_finance
SSE,19941103,1,19941102,sina_finance
SSE,19941104,1,19941103,sina_finance
SSE,19941107,1,19941104,sina_finance
SSE,19941108,1,19941107,sina_finance
SSE,19941109,1,19941108,sina_finance
SSE,19941110,1,19941109,sina_finance
SSE,19941111,1,19941110,sina_finance
SSE,19941114,1,19941111,sina_finance
SSE,19941115,1,19941114,sina_finance
SSE,19941116,1,19941115,sina_finance
SSE,19941117,1,19941116,sina_finance
SSE,19941118,1,19941117,sina_finance
SSE,19941121,1,19941118,sina_finance
SSE,19941122,1,19941121,sina_finance
SSE,19941123,1,19941122,sina_finance
SSE,19941124,1,19941123,sina_finance
SSE,19941125,1,19941124,sina_finance
SSE,19941128,1,19941125,sina_finance
SSE,19941129,1,19941128,sina_finance
SSE,19941130,1,19941129,sina_finance
SSE,19941201,1,19941130,sina_finance
SSE,19941202,1,19941201,sina_finance
SSE,19941205,1,19941202,sina_finance
SSE,19941206,1,19941205,sina_finance
SSE,19941207,1,19941206,sina_finance
SSE,19941208,1,19941207,sina_finance
SSE,19941209,1,19941208,sina_finance
SSE,19941212,1,19941209,sina_finance
SSE,19941213,1,19941212,sina_finance
SSE,19941214,1,19941213,sina_finance
SSE,19941215,1,19941214,sina_finance
SSE,19941216,1,19941215,sina_finance
SSE,19941219,1,19941216,sina_finance
SSE,19941220,1,19941219,sina_finance
SSE,19941221,1,19941220,sina_finance
SSE,19941222,1,19941221,sina_finance
SSE,19941223,1,19941222,sina_finance
SSE,19941226,1,19941223,sina_finance
SSE,19941227,1,19941226,sina_finance
SSE,19941228,1,19941227,sina_finance
SSE,19941229,1,19941228,sina_finance
SSE,19941230,1,19941229,sina_finance
SSE,19950103,1,19941230,sina_finance
SSE,19950104,1,19950103,sina_finance
SSE,19950105,1,19950104,sina_finance
SSE,19950106,1,19950105,sina_finance
SSE,19950109,1,19950106,sina_finance
SSE,19950110,1,19950109,sina_finance
SSE,19950111,1,19950110,sina_finance
SSE,19950112,1,19950111,sina_finance
SSE,19950113,1,19950112,sina_finance
SSE,19950116,1,19950113,sina_finance
SSE,19950117,1,19950116,sina_finance
SSE,19950118,1,19950117,sina_finance
SSE,19950119,1,19950118,sina_finance
SSE,19950120,1,19950119,sina_finance
SSE,19950123,1,19950120,sina_finance
SSE,19950124,1,19950123,sina_finance
SSE,19950125,1,19950124,sina_finance
SSE,19950126,1,19950125,sina_finance
SSE,19950127,1,19950126,sina_finance
SSE,19950206,1,19950127,sina_finance
SSE,19950207,1,19950206,sina_finance
SSE,19950208,1,19950207,sina_finance
SSE,19950209,1,19950208,sina_finance
SSE,19950210,1,19950209,sina_finance
SSE,19950213,1,19950210,sina_finance
SSE,19950214,1,19950213,sina_finance
SSE,19950215,1,19950214,sina_finance
SSE,19950216,1,19950215,sina_finance
SSE,19950217,1,19950216,sina_finance
SSE,19950220,1,19950217,sina_finance
SSE,19950221,1,19950220,sina_finance
SSE,19950222,1,19950221,sina_finance
SSE,19950223,1,19950222,sina_finance
SSE,19950224,1,19950223,sina_finance
SSE,19950227,1,19950224,sina_finance
SSE,19950228,1,19950227,sina_finance
SSE,19950301,1,19950228,sina_finance
SSE,19950302,1,19950301,sina_finance
SSE,19950303,1,19950302,sina_finance
SSE,19950306,1,19950303,sina_finance
SSE,19950307,1,19950306,sina_finance
SSE,19950308,1,19950307,sina_finance
SSE,19950309,1,19950308,sina_finance
SSE,19950310,1,19950309,sina_finance
SSE,19950313,1,19950310,sina_finance
SSE,19950314,1,19950313,sina_finance
SSE,19950315,1,19950314,sina_finance
SSE,19950316,1,19950315,sina_finance
SSE,19950317,1,19950316,sina_finance
SSE,19950320,1,19950317,sina_finance
SSE,19950321,1,19950320,sina_finance
SSE,19950322,1,19950321,sina_finance
SSE,19950323,1,19950322,sina_finance
SSE,19950324,1,19950323,sina_finance
SSE,19950327,1,19950324,sina_finance
SSE,19950328,1,19950327,sina_finance
SSE,19950329,1,19950328,sina_finance
SSE,19950330,1,19950329,sina_finance
SSE,19950331,1,19950330,sina_finance
SSE,19950403,1,19950331,sina_finance
SSE,19950404,1,19950403,sina_finance
SSE,19950405,1,19950404,sina_finance
SSE,19950406,1,19950405,sina_finance
SSE,19950407,1,19950406,sina_finance
SSE,19950410,1,19950407,sina_finance
SSE,19950411,1,19950410,sina_finance
SSE,19950412,1,19950411,sina_finance
SSE,19950413,1,19950412,sina_finance
SSE,19950414,1,19950413,sina_finance
SSE,19950417,1,19950414,sina_finance
SSE,19950418,1,19950417,sina_finance
SSE,19950419,1,19950418,sina_finance
SSE,19950420,1,19950419,sina_finance
SSE,19950421,1,19950420,sina_finance
SSE,19950424,1,19950421,sina_finance
SSE,19950425,1,19950424,sina_finance
SSE,19950426,1,19950425,sina_finance
SSE,19950427,1,19950426,sina_finance
SSE,19950428,1,19950427,sina_finance
SSE,19950502,1,19950428,sina_finance
SSE,19950503,1,19950502,sina_finance
SSE,19950504,1,19950503,sina_finance
SSE,19950505,1,19950504,sina_finance
SSE,19950508,1,19950505,sina_finance
SSE,19950509,1,19950508,sina_finance
SSE,19950510,1,19950509,sina_finance
SSE,19950511,1,19950510,sina_finance
SSE,19950512,1,19950511,sina_finance
SSE,19950515,1,19950512,sina_finance
SSE,19950516,1,19950515,sina_finance
SSE,19950517,1,19950516,sina_finance
SSE,19950518,1,19950517,sina_finance
SSE,19950519,1,19950518,sina_finance
SSE,19950522,1,19950519,sina_finance
SSE,19950523,1,19950522,sina_finance
SSE,19950524,1,19950523,sina_finance
SSE,19950525,1,19950524,sina_finance
SSE,19950526,1,19950525,sina_finance
SSE,19950529,1,19950526,sina_finance
SSE,19950530,1,19950529,sina_finance
SSE,19950531,1,19950530,sina_finance
SSE,19950601,1,19950531,sina_finance
SSE,19950602,1,19950601,sina_finance
SSE,19950605,1,19950602,sina_finance
SSE,19950606,1,19950605,sina_finance
SSE,19950607,1,19950606,sina_finance
SSE,19950608,1,19950607,sina_finance
SSE,19950609,1,19950608,sina_finance
SSE,19950612,1,19950609,sina_finance
SSE,19950613,1,19950612,sina_finance
SSE,19950614,1,19950613,sina_finance
SSE,19950615,1,19950614,sina_finance
SSE,19950616,1,19950615,sina_finance
SSE,19950619,1,19950616,sina_finance
SSE,19950620,1,19950619,sina_finance
SSE,19950621,1,19950620,sina_finance
SSE,19950622,1,19950621,sina_finance
SSE,19950623,1,19950622,sina_finance
SSE,19950626,1,19950623,sina_finance
SSE,19950627,1,19950626,sina_finance
SSE,19950628,1,19950627,sina_finance
SSE,19950629,1,19950628,sina_finance
SSE,19950630,1,19950629,sina_finance
SSE,19950703,1,19950630,sina_finance
SSE,19950704,1,19950703,sina_finance
SSE,19950705,1,19950704,sina_finance
SSE,19950706,1,19950705,sina_finance
SSE,19950707,1,19950706,sina_finance
SSE,19950710,1,19950707,sina_finance
SSE,19950711,1,19950710,sina_finance
SSE,19950712,1,19950711,sina_finance
SSE,19950713,1,19950712,sina_finance
SSE,19950714,1,19950713,sina_finance
SSE,19950717,1,19950714,sina_finance
SSE,19950718,1,19950717,sina_finance
SSE,19950719,1,19950718,sina_finance
SSE,19950720,1,19950719,sina_finance
SSE,19950721,1,19950720,sina_finance
SSE,19950724,1,19950721,sina_finance
SSE,19950725,1,19950724,sina_finance
SSE,19950726,1,19950725,sina_finance
SSE,19950727,1,19950726,sina_finance
SSE,19950728,1,19950727,sina_finance
SSE,19950731,1,19950728,sina_finance
SSE,19950801,1,19950731,sina_finance
SSE,19950802,1,19950801,sina_finance
SSE,19950803,1,19950802,sina_finance
SSE,19950804,1,19950803,sina_finance
SSE,19950807,1,19950804,sina_finance
SSE,19950808,1,19950807,sina_finance
SSE,19950809,1,19950808,sina_finance
SSE,19950810,1,19950809,sina_finance
SSE,19950811,1,19950810,sina_finance
SSE,19950814,1,19950811,sina_finance
SSE,19950815,1,19950814,sina_finance
SSE,19950816,1,19950815,sina_finance
SSE,19950817,1,19950816,sina_finance
SSE,19950818,1,19950817,sina_finance
SSE,19950821,1,19950818,sina_finance
SSE,19950822,1,19950821,sina_finance
SSE,19950823,1,19950822,sina_finance
SSE,19950824,1,19950823,sina_finance
SSE,19950825,1,19950824,sina_finance
SSE,19950828,1,19950825,sina_finance
SSE,19950829,1,19950828,sina_finance
SSE,19950830,1,19950829,sina_finance
SSE,19950831,1,19950830,sina_finance
SSE,19950901,1,19950831,sina_finance
SSE,19950904,1,19950901,sina_finance
SSE,19950905,1,19950904,sina_finance
SSE,19950906,1,19950905,sina_finance
SSE,19950907,1,19950906,sina_finance
SSE,19950908,1,19950907,sina_finance
SSE,19950911,1,19950908,sina_finance
SSE,19950912,1,19950911,sina_finance
SSE,19950913,1,19950912,sina_finance
SSE,19950914,1,19950913,sina_finance
SSE,19950915,1,19950914,sina_finance
SSE,19950918,1,19950915,sina_finance
SSE,19950919,1,19950918,sina_finance
SSE,19950920,1,19950919,sina_finance
SSE,19950921,1,19950920,sina_finance
SSE,19950922,1,19950921,sina_finance
SSE,19950925,1,19950922,sina_finance
SSE,19950926,1,19950925,sina_finance
SSE,19950927,1,19950926,sina_finance
SSE,19950928,1,19950927,sina_finance
SSE,19950929,1,19950928,sina_finance
SSE,19951004,1,19950929,sina_finance
SSE,19951005,1,19951004,sina_finance
SSE,19951006,1,19951005,sina_finance
SSE,19951009,1,19951006,sina_finance
SSE,19951010,1,19951009,sina_finance
SSE,19951011,1,19951010,sina_finance
SSE,19951012,1,19951011,sina_finance
SSE,19951013,1,19951012,sina_finance
SSE,19951016,1,19951013,sina_finance
SSE,19951017,1,19951016,sina_finance
SSE,19951018,1,19951017,sina_finance
SSE,19951019,1,19951018,sina_finance
SSE,19951020,1,19951019,sina_finance
SSE,19951023,1,19951020,sina_finance
SSE,19951024,1,19951023,sina_finance
SSE,19951025,1,19951024,sina_finance
SSE,19951026,1,19951025,sina_finance
SSE,19951027,1,19951026,sina_finance
SSE,19951030,1,19951027,sina_finance
SSE,19951031,1,19951030,sina_finance
SSE,19951101,1,19951031,sina_finance
SSE,19951102,1,19951101,sina_finance
SSE,19951103,1,19951102,sina_finance
SSE,19951106,1,19951103,sina_finance
SSE,19951107,1,19951106,sina_finance
SSE,19951108,1,19951107,sina_finance
SSE,19951109,1,19951108,sina_finance
SSE,19951110,1,19951109,sina_finance
SSE,19951113,1,19951110,sina_finance
SSE,19951114,1,19951113,sina_finance
SSE,19951115,1,19951114,sina_finance
SSE,19951116,1,19951115,sina_finance
SSE,19951117,1,19951116,sina_finance
SSE,19951120,1,19951117,sina_finance
SSE,19951121,1,19951120,sina_finance
SSE,19951122,1,19951121,sina_finance
SSE,19951123,1,19951122,sina_finance
SSE,19951124,1,19951123,sina_finance
SSE,19951127,1,19951124,sina_finance
SSE,19951128,1,19951127,sina_finance
SSE,19951129,1,19951128,sina_finance
SSE,19951130,1,19951129,sina_finance
SSE,19951201,1,19951130,sina_finance
SSE,19951204,1,19951201,sina_finance
SSE,19951205,1,19951204,sina_finance
SSE,19951206,1,19951205,sina_finance
SSE,19951207,1,19951206,sina_finance
SSE,19951208,1,19951207,sina_finance
SSE,19951211,1,19951208,sina_finance
SSE,19951212,1,19951211,sina_finance
SSE,19951213,1,19951212,sina_finance
SSE,19951214,1,19951213,sina_finance
SSE,19951215,1,19951214,sina_finance
SSE,19951218,1,19951215,sina_finance
SSE,19951219,1,19951218,sina_finance
SSE,19951220,1,19951219,sina_finance
SSE,19951221,1,19951220,sina_finance
SSE,19951222,1,19951221,sina_finance
SSE,19951225,1,19951222,sina_finance
SSE,19951226,1,19951225,sina_finance
SSE,19951227,1,19951226,sina_finance
SSE,19951228,1,19951227,sina_finance
SSE,19951229,1,19951228,sina_finance
SSE,19960102,1,19951229,sina_finance
SSE,19960103,1,19960102,sina_finance
SSE,19960104,1,19960103,sina_finance
SSE,19960105,1,19960104,sina_finance
SSE,19960108,1,19960105,sina_finance
SSE,19960109,1,19960108,sina_finance
SSE,19960110,1,19960109,sina_finance
SSE,19960111,1,19960110,sina_finance
SSE,19960112,1,19960111,sina_finance
SSE,19960115,1,19960112,sina_finance
SSE,19960116,1,19960115,sina_finance
SSE,19960117,1,19960116,sina_finance
SSE,19960118,1,19960117,sina_finance
SSE,19960119,1,19960118,sina_finance
SSE,19960122,1,19960119,sina_finance
SSE,19960123,1,19960122,sina_finance
SSE,19960124,1,19960123,sina_finance
SSE,19960125,1,19960124,sina_finance
SSE,19960126,1,19960125,sina_finance
SSE,19960129,1,19960126,sina_finance
SSE,19960130,1,19960129,sina_finance
SSE,19960131,1,19960130,sina_finance
SSE,19960201,1,19960131,sina_finance
SSE,19960202,1,19960201,sina_finance
SSE,19960205,1,19960202,sina_finance
SSE,19960206,1,19960205,sina_finance
SSE,19960207,1,19960206,sina_finance
SSE,19960208,1,19960207,sina_finance
SSE,19960209,1,19960208,sina_finance
SSE,19960212,1,19960209,sina_finance
SSE,19960213,1,19960212,sina_finance
SSE,19960214,1,19960213,sina_finance
SSE,19960215,1,19960214,sina_finance
SSE,19960216,1,19960215,sina_finance
SSE,19960304,1,19960216,sina_finance
SSE,19960305,1,19960304,sina_finance
SSE,19960306,1,19960305,sina_finance
SSE,19960307,1,19960306,sina_finance
SSE,19960308,1,19960307,sina_finance
SSE,19960311,1,19960308,sina_finance
SSE,19960312,1,19960311,sina_finance
SSE,19960313,1,19960312,sina_finance
SSE,19960314,1,19960313,sina_finance
SSE,19960315,1,19960314,sina_finance
SSE,19960318,1,19960315,sina_finance
SSE,19960319,1,19960318,sina_finance
SSE,19960320,1,19960319,sina_finance
SSE,19960321,1,19960320,sina_finance
SSE,19960322,1,19960321,sina_finance
SSE,19960325,1,19960322,sina_finance
SSE,19960326,1,19960325,sina_finance
SSE,19960327,1,19960326,sina_finance
SSE,19960328,1,19960327,sina_finance
SSE,19960329,1,19960328,sina_finance
SSE,19960401,1,19960329,sina_finance
SSE,19960402,1,19960401,sina_finance
SSE,19960403,1,19960402,sina_finance
SSE,19960404,1,19960403,sina_finance
SSE,19960405,1,19960404,sina_finance
SSE,19960408,1,19960405,sina_finance
SSE,19960409,1,19960408,sina_finance
SSE,19960410,1,19960409,sina_finance
SSE,19960411,1,19960410,sina_finance
SSE,19960412,1,19960411,sina_finance
SSE,19960415,1,19960412,sina_finance
SSE,19960416,1,19960415,sina_finance
SSE,19960417,1,19960416,sina_finance
SSE,19960418,1,19960417,sina_finance
SSE,19960419,1,19960418,sina_finance
SSE,19960422,1,19960419,sina_finance
SSE,19960423,1,19960422,sina_finance
SSE,19960424,1,19960423,sina_finance
SSE,19960425,1,19960424,sina_finance
SSE,19960426,1,19960425,sina_finance
SSE,19960429,1,19960426,sina_finance
SSE,19960430,1,19960429,sina_finance
SSE,19960502,1,19960430,sina_finance
SSE,19960503,1,19960502,sina_finance
SSE,19960506,1,19960503,sina_finance
SSE,19960507,1,19960506,sina_finance
SSE,19960508,1,19960507,sina_finance
SSE,19960509,1,19960508,sina_finance
SSE,19960510,1,19960509,sina_finance
SSE,19960513,1,19960510,sina_finance
SSE,19960514,1,19960513,sina_finance
SSE,19960515,1,19960514,sina_finance
SSE,19960516,1,19960515,sina_finance
SSE,19960517,1,19960516,sina_finance
SSE,19960520,1,19960517,sina_finance
SSE,19960521,1,19960520,sina_finance
SSE,19960522,1,19960521,sina_finance
SSE,19960523,1,19960522,sina_finance
SSE,19960524,1,19960523,sina_finance
SSE,19960527,1,19960524,sina_finance
SSE,19960528,1,19960527,sina_finance
SSE,19960529,1,19960528,sina_finance
SSE,19960530,1,19960529,sina_finance
SSE,19960531,1,19960530,sina_finance
SSE,19960603,1,19960531,sina_finance
SSE,19960604,1,19960603,sina_finance
SSE,19960605,1,19960604,sina_finance
SSE,19960606,1,19960605,sina_finance
SSE,19960607,1,19960606,sina_finance
SSE,19960610,1,19960607,sina_finance
SSE,19960611,1,19960610,sina_finance
SSE,19960612,1,19960611,sina_finance
SSE,19960613,1,19960612,sina_finance
SSE,19960614,1,19960613,sina_finance
SSE,19960617,1,19960614,sina_finance
SSE,19960618,1,19960617,sina_finance
SSE,19960619,1,19960618,sina_finance
SSE,19960620,1,19960619,sina_finance
SSE,19960621,1,19960620,sina_finance
SSE,19960624,1,19960621,sina_finance
SSE,19960625,1,19960624,sina_finance
SSE,19960626,1,19960625,sina_finance
SSE,19960627,1,19960626,sina_finance
SSE,19960628,1,19960627,sina_finance
SSE,19960701,1,19960628,sina_finance
SSE,19960702,1,19960701,sina_finance
SSE,19960703,1,19960702,sina_finance
SSE,19960704,1,19960703,sina_finance
SSE,19960705,1,19960704,sina_finance
SSE,19960708,1,19960705,sina_finance
SSE,19960709,1,19960708,sina_finance
SSE,19960710,1,19960709,sina_finance
SSE,19960711,1,19960710,sina_finance
SSE,19960712,1,19960711,sina_finance
SSE,19960715,1,19960712,sina_finance
SSE,19960716,1,19960715,sina_finance
SSE,19960717,1,19960716,sina_finance
SSE,19960718,1,19960717,sina_finance
SSE,19960719,1,19960718,sina_finance
SSE,19960722,1,19960719,sina_finance
SSE,19960723,1,19960722,sina_finance
SSE,19960724,1,19960723,sina_finance
SSE,19960725,1,19960724,sina_finance
SSE,19960726,1,19960725,sina_finance
SSE,19960729,1,19960726,sina_finance
SSE,19960730,1,19960729,sina_finance
SSE,19960731,1,19960730,sina_finance
SSE,19960801,1,19960731,sina_finance
SSE,19960802,1,19960801,sina_finance
SSE,19960805,1,19960802,sina_finance
SSE,19960806,1,19960805,sina_finance
SSE,19960807,1,19960806,sina_finance
SSE,19960808,1,19960807,sina_finance
SSE,19960809,1,19960808,sina_finance
SSE,19960812,1,19960809,sina_finance
SSE,19960813,1,19960812,sina_finance
SSE,19960814,1,19960813,sina_finance
SSE,19960815,1,19960814,sina_finance
SSE,19960816,1,19960815,sina_finance
SSE,19960819,1,19960816,sina_finance
SSE,19960820,1,19960819,sina_finance
SSE,19960821,1,19960820,sina_finance
SSE,19960822,1,19960821,sina_finance
SSE,19960823,1,19960822,sina_finance
SSE,19960826,1,19960823,sina_finance
SSE,19960827,1,19960826,sina_finance
SSE,19960828,1,19960827,sina_finance
SSE,19960829,1,19960828,sina_finance
SSE,19960830,1,19960829,sina_finance
SSE,19960902,1,19960830,sina_finance
SSE,19960903,1,19960902,sina_finance
SSE,19960904,1,19960903,sina_finance
SSE,19960905,1,19960904,sina_finance
SSE,19960906,1,19960905,sina_finance
SSE,19960909,1,19960906,sina_finance
SSE,19960910,1,19960909,sina_finance
SSE,19960911,1,19960910,sina_finance
SSE,19960912,1,19960911,sina_finance
SSE,19960913,1,19960912,sina_finance
SSE,19960916,1,19960913,sina_finance
SSE,19960917,1,19960916,sina_finance
SSE,19960918,1,19960917,sina_finance
SSE,19960919,1,19960918,sina_finance
SSE,19960920,1,19960919,sina_finance
SSE,19960923,1,19960920,sina_finance
SSE,19960924,1,19960923,sina_finance
SSE,19960925,1,19960924,sina_finance
SSE,19960926,1,19960925,sina_finance
SSE,19960927,1,19960926,sina_finance
SSE,19961003,1,19960927,sina_finance
SSE,19961004,1,19961003,sina_finance
SSE,19961007,1,19961004,sina_finance
SSE,19961008,1,19961007,sina_finance
SSE,19961009,1,19961008,sina_finance
SSE,19961010,1,19961009,sina_finance
SSE,19961011,1,19961010,sina_finance
SSE,19961014,1,19961011,sina_finance
SSE,19961015,1,19961014,sina_finance
SSE,19961016,1,19961015,sina_finance
SSE,19961017,1,19961016,sina_finance
SSE,19961018,1,19961017,sina_finance
SSE,19961021,1,19961018,sina_finance
SSE,19961022,1,19961021,sina_finance
SSE,19961023,1,19961022,sina_finance
SSE,19961024,1,19961023,sina_finance
SSE,19961025,1,19961024,sina_finance
SSE,19961028,1,19961025,sina_finance
SSE,19961029,1,19961028,sina_finance
SSE,19961030,1,19961029,sina_finance
SSE,19961031,1,19961030,sina_finance
SSE,19961101,1,19961031,sina_finance
SSE,19961104,1,19961101,sina_finance
SSE,19961105,1,19961104,sina_finance
SSE,19961106,1,19961105,sina_finance
SSE,19961107,1,19961106,sina_finance
SSE,19961108,1,19961107,sina_finance
SSE,19961111,1,19961108,sina_finance
SSE,19961112,1,19961111,sina_finance
SSE,19961113,1,19961112,sina_finance
SSE,19961114,1,19961113,sina_finance
SSE,19961115,1,19961114,sina_finance
SSE,19961118,1,19961115,sina_finance
SSE,19961119,1,19961118,sina_finance
SSE,19961120,1,19961119,sina_finance
SSE,19961121,1,19961120,sina_finance
SSE,19961122,1,19961121,sina_finance
SSE,19961125,1,19961122,sina_finance
SSE,19961126,1,19961125,sina_finance
SSE,19961127,1,19961126,sina_finance
SSE,19961128,1,19961127,sina_finance
SSE,19961129,1,19961128,sina_finance
SSE,19961202,1,19961129,sina_finance
SSE,19961203,1,19961202,sina_finance
SSE,19961204,1,19961203,sina_finance
SSE,19961205,1,19961204,sina_finance
SSE,19961206,1,19961205,sina_finance
SSE,19961209,1,19961206,sina_finance
SSE,19961210,1,19961209,sina_finance
SSE,19961211,1,19961210,sina_finance
SSE,19961212,1,19961211,sina_finance
SSE,19961213,1,19961212,sina_finance
SSE,19961216,1,19961213,sina_finance
SSE,19961217,1,19961216,sina_finance
SSE,19961218,1,19961217,sina_finance
SSE,19961219,1,19961218,sina_finance
SSE,19961220,1,19961219,sina_finance
SSE,19961223,1,19961220,sina_finance
SSE,19961224,1,19961223,sina_finance
SSE,19961225,1,19961224,sina_finance
SSE,19961226,1,19961225,sina_finance
SSE,19961227,1,19961226,sina_finance
SSE,19961230,1,19961227,sina_finance
SSE,19961231,1,19961230,sina_finance
SSE,19970102,1,19961231,sina_finance
SSE,19970103,1,19970102,sina_finance
SSE,19970106,1,19970103,sina_finance
SSE,19970107,1,19970106,sina_finance
SSE,19970108,1,19970107,sina_finance
SSE,19970109,1,19970108,sina_finance
SSE,19970110,1,19970109,sina_finance
SSE,19970113,1,19970110,sina_finance
SSE,19970114,1,19970113,sina_finance
SSE,19970115,1,19970114,sina_finance
SSE,19970116,1,19970115,sina_finance
SSE,19970117,1,19970116,sina_finance
SSE,19970120,1,19970117,sina_finance
SSE,19970121,1,19970120,sina_finance
SSE,19970122,1,19970121,sina_finance
SSE,19970123,1,19970122,sina_finance
SSE,19970124,1,19970123,sina_finance
SSE,19970127,1,19970124,sina_finance
SSE,19970128,1,19970127,sina_finance
SSE,19970129,1,19970128,sina_finance
SSE,19970130,1,19970129,sina_finance
SSE,19970131,1,19970130,sina_finance
SSE,19970217,1,19970131,sina_finance
SSE,19970218,1,19970217,sina_finance
SSE,19970219,1,19970218,sina_finance
SSE,19970220,1,19970219,sina_finance
SSE,19970221,1,19970220,sina_finance
SSE,19970224,1,19970221,sina_finance
SSE,19970225,1,19970224,sina_finance
SSE,19970226,1,19970225,sina_finance
SSE,19970227,1,19970226,sina_finance
SSE,19970228,1,19970227,sina_finance
SSE,19970303,1,19970228,sina_finance
SSE,19970304,1,19970303,sina_finance
SSE,19970305,1,19970304,sina_finance
SSE,19970306,1,19970305,sina_finance
SSE,19970307,1,19970306,sina_finance
SSE,19970310,1,19970307,sina_finance
SSE,19970311,1,19970310,sina_finance
SSE,19970312,1,19970311,sina_finance
SSE,19970313,1,19970312,sina_finance
SSE,19970314,1,19970313,sina_finance
SSE,19970317,1,19970314,sina_finance
SSE,19970318,1,19970317,sina_finance
SSE,19970319,1,19970318,sina_finance
SSE,19970320,1,19970319,sina_finance
SSE,19970321,1,19970320,sina_finance
SSE,19970324,1,19970321,sina_finance
SSE,19970325,1,19970324,sina_finance
SSE,19970326,1,19970325,sina_finance
SSE,19970327,1,19970326,sina_finance
SSE,19970328,1,19970327,sina_finance
SSE,19970331,1,19970328,sina_finance
SSE,19970401,1,19970331,sina_finance
SSE,19970402,1,19970401,sina_finance
SSE,19970403,1,19970402,sina_finance
SSE,19970404,1,19970403,sina_finance
SSE,19970407,1,19970404,sina_finance
SSE,19970408,1,19970407,sina_finance
SSE,19970409,1,19970408,sina_finance
SSE,19970410,1,19970409,sina_finance
SSE,19970411,1,19970410,sina_finance
SSE,19970414,1,19970411,sina_finance
SSE,19970415,1,19970414,sina_finance
SSE,19970416,1,19970415,sina_finance
SSE,19970417,1,19970416,sina_finance
SSE,19970418,1,19970417,sina_finance
SSE,19970421,1,19970418,sina_finance
SSE,19970422,1,19970421,sina_finance
SSE,19970423,1,19970422,sina_finance
SSE,19970424,1,19970423,sina_finance
SSE,19970425,1,19970424,sina_finance
SSE,19970428,1,19970425,sina_finance
SSE,19970429,1,19970428,sina_finance
SSE,19970430,1,19970429,sina_finance
SSE,19970505,1,19970430,sina_finance
SSE,19970506,1,19970505,sina_finance
SSE,19970507,1,19970506,sina_finance
SSE,19970508,1,19970507,sina_finance
SSE,19970509,1,19970508,sina_finance
SSE,19970512,1,19970509,sina_finance
SSE,19970513,1,19970512,sina_finance
SSE,19970514,1,19970513,sina_finance
SSE,19970515,1,19970514,sina_finance
SSE,19970516,1,19970515,sina_finance
SSE,19970519,1,19970516,sina_finance
SSE,19970520,1,19970519,sina_finance
SSE,19970521,1,19970520,sina_finance
SSE,19970522,1,19970521,sina_finance
SSE,19970523,1,19970522,sina_finance
SSE,19970526,1,19970523,sina_finance
SSE,19970527,1,19970526,sina_finance
SSE,19970528,1,19970527,sina_finance
SSE,19970529,1,19970528,sina_finance
SSE,19970530,1,19970529,sina_finance
SSE,19970602,1,19970530,sina_finance
SSE,19970603,1,19970602,sina_finance
SSE,19970604,1,19970603,sina_finance
SSE,19970605,1,19970604,sina_finance
SSE,19970606,1,19970605,sina_finance
SSE,19970609,1,19970606,sina_finance
SSE,19970610,1,19970609,sina_finance
SSE,19970611,1,19970610,sina_finance
SSE,19970612,1,19970611,sina_finance
SSE,19970613,1,19970612,sina_finance
SSE,19970616,1,19970613,sina_finance
SSE,19970617,1,19970616,sina_finance
SSE,19970618,1,19970617,sina_finance
SSE,19970619,1,19970618,sina_finance
SSE,19970620,1,19970619,sina_finance
SSE,19970623,1,19970620,sina_finance
SSE,19970624,1,19970623,sina_finance
SSE,19970625,1,19970624,sina_finance
SSE,19970626,1,19970625,sina_finance
SSE,19970627,1,19970626,sina_finance
SSE,19970702,1,19970627,sina_finance
SSE,19970703,1,19970702,sina_finance
SSE,19970704,1,19970703,sina_finance
SSE,19970707,1,19970704,sina_finance
SSE,19970708,1,19970707,sina_finance
SSE,19970709,1,19970708,sina_finance
SSE,19970710,1,19970709,sina_finance
SSE,19970711,1,19970710,sina_finance
SSE,19970714,1,19970711,sina_finance
SSE,19970715,1,19970714,sina_finance
SSE,19970716,1,19970715,sina_finance
SSE,19970717,1,19970716,sina_finance
SSE,19970718,1,19970717,sina_finance
SSE,19970721,1,19970718,sina_finance
SSE,19970722,1,19970721,sina_finance
SSE,19970723,1,19970722,sina_finance
SSE,19970724,1,19970723,sina_finance
SSE,19970725,1,19970724,sina_finance
SSE,19970728,1,19970725,sina_finance
SSE,19970729,1,19970728,sina_finance
SSE,19970730,1,19970729,sina_finance
SSE,19970731,1,19970730,sina_finance
SSE,19970801,1,19970731,sina_finance
SSE,19970804,1,19970801,sina_finance
SSE,19970805,1,19970804,sina_finance
SSE,19970806,1,19970805,sina_finance
SSE,19970807,1,19970806,sina_finance
SSE,19970808,1,19970807,sina_finance
SSE,19970811,1,19970808,sina_finance
SSE,19970812,1,19970811,sina_finance
SSE,19970813,1,19970812,sina_finance
SSE,19970814,1,19970813,sina_finance
SSE,19970815,1,19970814,sina_finance
SSE,19970818,1,19970815,sina_finance
SSE,19970819,1,19970818,sina_finance
SSE,19970820,1,19970819,sina_finance
SSE,19970821,1,19970820,sina_finance
SSE,19970822,1,19970821,sina_finance
SSE,19970825,1,19970822,sina_finance
SSE,19970826,1,19970825,sina_finance
SSE,19970827,1,19970826,sina_finance
SSE,19970828,1,19970827,sina_finance
SSE,19970829,1,19970828,sina_finance
SSE,19970901,1,19970829,sina_finance
SSE,19970902,1,19970901,sina_finance
SSE,19970903,1,19970902,sina_finance
SSE,19970904,1,19970903,sina_finance
SSE,19970905,1,19970904,sina_finance
SSE,19970908,1,19970905,sina_finance
SSE,19970909,1,19970908,sina_finance
SSE,19970910,1,19970909,sina_finance
SSE,19970911,1,19970910,sina_finance
SSE,19970912,1,19970911,sina_finance
SSE,19970915,1,19970912,sina_finance
SSE,19970916,1,19970915,sina_finance
SSE,19970917,1,19970916,sina_finance
SSE,19970918,1,19970917,sina_finance
SSE,19970919,1,19970918,sina_finance
SSE,19970922,1,19970919,sina_finance
SSE,19970923,1,19970922,sina_finance
SSE,19970924,1,19970923,sina_finance
SSE,19970925,1,19970924,sina_finance
SSE,19970926,1,19970925,sina_finance
SSE,19970929,1,19970926,sina_finance
SSE,19970930,1,19970929,sina_finance
SSE,19971006,1,19970930,sina_finance
SSE,19971007,1,19971006,sina_finance
SSE,19971008,1,19971007,sina_finance
SSE,19971009,1,19971008,sina_finance
SSE,19971010,1,19971009,sina_finance
SSE,19971013,1,19971010,sina_finance
SSE,19971014,1,19971013,sina_finance
SSE,19971015,1,19971014,sina_finance
SSE,19971016,1,19971015,sina_finance
SSE,19971017,1,19971016,sina_finance
SSE,19971020,1,19971017,sina_finance
SSE,19971021,1,19971020,sina_finance
SSE,19971022,1,19971021,sina_finance
SSE,19971023,1,19971022,sina_finance
SSE,19971024,1,19971023,sina_finance
SSE,19971027,1,19971024,sina_finance
SSE,19971028,1,19971027,sina_finance
SSE,19971029,1,19971028,sina_finance
SSE,19971030,1,19971029,sina_finance
SSE,19971031,1,19971030,sina_finance
SSE,19971103,1,19971031,sina_finance
SSE,19971104,1,19971103,sina_finance
SSE,19971105,1,19971104,sina_finance
SSE,19971106,1,19971105,sina_finance
SSE,19971107,1,19971106,sina_finance
SSE,19971110,1,19971107,sina_finance
SSE,19971111,1,19971110,sina_finance
SSE,19971112,1,19971111,sina_finance
SSE,19971113,1,19971112,sina_finance
SSE,19971114,1,19971113,sina_finance
SSE,19971117,1,19971114,sina_finance
SSE,19971118,1,19971117,sina_finance
SSE,19971119,1,19971118,sina_finance
SSE,19971120,1,19971119,sina_finance
SSE,19971121,1,19971120,sina_finance
SSE,19971124,1,19971121,sina_finance
SSE,19971125,1,19971124,sina_finance
SSE,19971126,1,19971125,sina_finance
SSE,19971127,1,19971126,sina_finance
SSE,19971128,1,19971127,sina_finance
SSE,19971201,1,19971128,sina_finance
SSE,19971202,1,19971201,sina_finance
SSE,19971203,1,19971202,sina_finance
SSE,19971204,1,19971203,sina_finance
SSE,19971205,1,19971204,sina_finance
SSE,19971208,1,19971205,sina_finance
SSE,19971209,1,19971208,sina_finance
SSE,19971210,1,19971209,sina_finance
SSE,19971211,1,19971210,sina_finance
SSE,19971212,1,19971211,sina_finance
SSE,19971215,1,19971212,sina_finance
SSE,19971216,1,19971215,sina_finance
SSE,19971217,1,19971216,sina_finance
SSE,19971218,1,19971217,sina_finance
SSE,19971219,1,19971218,sina_finance
SSE,19971222,1,19971219,sina_finance
SSE,19971223,1,19971222,sina_finance
SSE,19971224,1,19971223,sina_finance
SSE,19971225,1,19971224,sina_finance
SSE,19971226,1,19971225,sina_finance
SSE,19971229,1,19971226,sina_finance
SSE,19971230,1,19971229,sina_finance
SSE,19971231,1,19971230,sina_finance
SSE,19980105,1,19971231,sina_finance
SSE,19980106,1,19980105,sina_finance
SSE,19980107,1,19980106,sina_finance
SSE,19980108,1,19980107,sina_finance
SSE,19980109,1,19980108,sina_finance
SSE,19980112,1,19980109,sina_finance
SSE,19980113,1,19980112,sina_finance
SSE,19980114,1,19980113,sina_finance
SSE,19980115,1,19980114,sina_finance
SSE,19980116,1,19980115,sina_finance
SSE,19980119,1,19980116,sina_finance
SSE,19980120,1,19980119,sina_finance
SSE,19980121,1,19980120,sina_finance
SSE,19980122,1,19980121,sina_finance
SSE,19980123,1,19980122,sina_finance
SSE,19980209,1,19980123,sina_finance
SSE,19980210,1,19980209,sina_finance
SSE,19980211,1,19980210,sina_finance
SSE,19980212,1,19980211,sina_finance
SSE,19980213,1,19980212,sina_finance
SSE,19980216,1,19980213,sina_finance
SSE,19980217,1,19980216,sina_finance
SSE,19980218,1,19980217,sina_finance
SSE,19980219,1,19980218,sina_finance
SSE,19980220,1,19980219,sina_finance
SSE,19980223,1,19980220,sina_finance
SSE,19980224,1,19980223,sina_finance
SSE,19980225,1,19980224,sina_finance
SSE,19980226,1,19980225,sina_finance
SSE,19980227,1,19980226,sina_finance
SSE,19980302,1,19980227,sina_finance
SSE,19980303,1,19980302,sina_finance
SSE,19980304,1,19980303,sina_finance
SSE,19980305,1,19980304,sina_finance
SSE,19980306,1,19980305,sina_finance
SSE,19980309,1,19980306,sina_finance
SSE,19980310,1,19980309,sina_finance
SSE,19980311,1,19980310,sina_finance
SSE,19980312,1,19980311,sina_finance
SSE,19980313,1,19980312,sina_finance
SSE,19980316,1,19980313,sina_finance
SSE,19980317,1,19980316,sina_finance
SSE,19980318,1,19980317,sina_finance
SSE,19980319,1,19980318,sina_finance
SSE,19980320,1,19980319,sina_finance
SSE,19980323,1,19980320,sina_finance
SSE,19980324,1,19980323,sina_finance
SSE,19980325,1,19980324,sina_finance
SSE,19980326,1,19980325,sina_finance
SSE,19980327,1,19980326,sina_finance
SSE,19980330,1,19980327,sina_finance
SSE,19980331,1,19980330,sina_finance
SSE,19980401,1,19980331,sina_finance
SSE,19980402,1,19980401,sina_finance
SSE,19980403,1,19980402,sina_finance
SSE,19980406,1,19980403,sina_finance
SSE,19980407,1,19980406,sina_finance
SSE,19980408,1,19980407,sina_finance
SSE,19980409,1,19980408,sina_finance
SSE,19980410,1,19980409,sina_finance
SSE,19980413,1,19980410,sina_finance
SSE,19980414,1,19980413,sina_finance
SSE,19980415,1,19980414,sina_finance
SSE,19980416,1,19980415,sina_finance
SSE,19980417,1,19980416,sina_finance
SSE,19980420,1,19980417,sina_finance
SSE,19980421,1,19980420,sina_finance
SSE,19980422,1,19980421,sina_finance
SSE,19980423,1,19980422,sina_finance
SSE,19980424,1,19980423,sina_finance
SSE,19980427,1,19980424,sina_finance
SSE,19980428,1,19980427,sina_finance
SSE,19980429,1,19980428,sina_finance
SSE,19980430,1,19980429,sina_finance
SSE,19980504,1,19980430,sina_finance
SSE,19980505,1,19980504,sina_finance
SSE,19980506,1,19980505,sina_finance
SSE,19980507,1,19980506,sina_finance
SSE,19980508,1,19980507,sina_finance
SSE,19980511,1,19980508,sina_finance
SSE,19980512,1,19980511,sina_finance
SSE,19980513,1,19980512,sina_finance
SSE,19980514,1,19980513,sina_finance
SSE,19980515,1,19980514,sina_finance
SSE,19980518,1,19980515,sina_finance
SSE,19980519,1,19980518,sina_finance
SSE,19980520,1,19980519,sina_finance
SSE,19980521,1,19980520,sina_finance
SSE,19980522,1,19980521,sina_finance
SSE,19980525,1,19980522,sina_finance
SSE,19980526,1,19980525,sina_finance
SSE,19980527,1,19980526,sina_finance
SSE,19980528,1,19980527,sina_finance
SSE,19980529,1,19980528,sina_finance
SSE,19980601,1,19980529,sina_finance
SSE,19980602,1,19980601,sina_finance
SSE,19980603,1,19980602,sina_finance
SSE,19980604,1,19980603,sina_finance
SSE,19980605,1,19980604,sina_finance
SSE,19980608,1,19980605,sina_finance
SSE,19980609,1,19980608,sina_finance
SSE,19980610,1,19980609,sina_finance
SSE,19980611,1,19980610,sina_finance
SSE,19980612,1,19980611,sina_finance
SSE,19980615,1,19980612,sina_finance
SSE,19980616,1,19980615,sina_finance
SSE,19980617,1,19980616,sina_finance
SSE,19980618,1,19980617,sina_finance
SSE,19980619,1,19980618,sina_finance
SSE,19980622,1,19980619,sina_finance
SSE,19980623,1,19980622,sina_finance
SSE,19980624,1,19980623,sina_finance
SSE,19980625,1,19980624,sina_finance
SSE,19980626,1,19980625,sina_finance
SSE,19980629,1,19980626,sina_finance
SSE,19980630,1,19980629,sina_finance
SSE,19980701,1,19980630,sina_finance
SSE,19980702,1,19980701,sina_finance
SSE,19980703,1,19980702,sina_finance
SSE,19980706,1,19980703,sina_finance
SSE,19980707,1,19980706,sina_finance
SSE,19980708,1,19980707,sina_finance
SSE,19980709,1,19980708,sina_finance
SSE,19980710,1,19980709,sina_finance
SSE,19980713,1,19980710,sina_finance
SSE,19980714,1,19980713,sina_finance
SSE,19980715,1,19980714,sina_finance
SSE,19980716,1,19980715,sina_finance
SSE,19980717,1,19980716,sina_finance
SSE,19980720,1,19980717,sina_finance
SSE,19980721,1,19980720,sina_finance
SSE,19980722,1,19980721,sina_finance
SSE,19980723,1,19980722,sina_finance
SSE,19980724,1,19980723,sina_finance
SSE,19980727,1,19980724,sina_finance
SSE,19980728,1,19980727,sina_finance
SSE,19980729,1,19980728,sina_finance
SSE,19980730,1,19980729,sina_finance
SSE,19980731,1,19980730,sina_finance
SSE,19980803,1,19980731,sina_finance
SSE,19980804,1,19980803,sina_finance
SSE,19980805,1,19980804,sina_finance
SSE,19980806,1,19980805,sina_finance
SSE,19980807,1,19980806,sina_finance
SSE,19980810,1,19980807,sina_finance
SSE,19980811,1,19980810,sina_finance
SSE,19980812,1,19980811,sina_finance
SSE,19980813,1,19980812,sina_finance
SSE,19980814,1,19980813,sina_finance
SSE,19980817,1,19980814,sina_finance
SSE,19980818,1,19980817,sina_finance
SSE,19980819,1,19980818,sina_finance
SSE,19980820,1,19980819,sina_finance
SSE,19980821,1,19980820,sina_finance
SSE,19980824,1,19980821,sina_finance
SSE,19980825,1,19980824,sina_finance
SSE,19980826,1,19980825,sina_finance
SSE,19980827,1,19980826,sina_finance
SSE,19980828,1,19980827,sina_finance
SSE,19980831,1,19980828,sina_finance
SSE,19980901,1,19980831,sina_finance
SSE,19980902,1,19980901,sina_finance
SSE,19980903,1,19980902,sina_finance
SSE,19980904,1,19980903,sina_finance
SSE,19980907,1,19980904,sina_finance
SSE,19980908,1,19980907,sina_finance
SSE,19980909,1,19980908,sina_finance
SSE,19980910,1,19980909,sina_finance
SSE,19980911,1,19980910,sina_finance
SSE,19980914,1,19980911,sina_finance
SSE,19980915,1,19980914,sina_finance
SSE,19980916,1,19980915,sina_finance
SSE,19980917,1,19980916,sina_finance
SSE,19980918,1,19980917,sina_finance
SSE,19980921,1,19980918,sina_finance
SSE,19980922,1,19980921,sina_finance
SSE,19980923,1,19980922,sina_finance
SSE,19980924,1,19980923,sina_finance
SSE,19980925,1,19980924,sina_finance
SSE,19980928,1,19980925,sina_finance
SSE,19980929,1,19980928,sina_finance
SSE,19980930,1,19980929,sina_finance
SSE,19981005,1,19980930,sina_finance
SSE,19981006,1,19981005,sina_finance
SSE,19981007,1,19981006,sina_finance
SSE,19981008,1,19981007,sina_finance
SSE,19981009,1,19981008,sina_finance
SSE,19981012,1,19981009,sina_finance
SSE,19981013,1,19981012,sina_finance
SSE,19981014,1,19981013,sina_finance
SSE,19981015,1,19981014,sina_finance
SSE,19981016,1,19981015,sina_finance
SSE,19981019,1,19981016,sina_finance
SSE,19981020,1,19981019,sina_finance
SSE,19981021,1,19981020,sina_finance
SSE,19981022,1,19981021,sina_finance
SSE,19981023,1,19981022,sina_finance
SSE,19981026,1,19981023,sina_finance
SSE,19981027,1,19981026,sina_finance
SSE,19981028,1,19981027,sina_finance
SSE,19981029,1,19981028,sina_finance
SSE,19981030,1,19981029,sina_finance
SSE,19981102,1,19981030,sina_finance
SSE,19981103,1,19981102,sina_finance
SSE,19981104,1,19981103,sina_finance
SSE,19981105,1,19981104,sina_finance
SSE,19981106,1,19981105,sina_finance
SSE,19981109,1,19981106,sina_finance
SSE,19981110,1,19981109,sina_finance
SSE,19981111,1,19981110,sina_finance
SSE,19981112,1,19981111,sina_finance
SSE,19981113,1,19981112,sina_finance
SSE,19981116,1,19981113,sina_finance
SSE,19981117,1,19981116,sina_finance
SSE,19981118,1,19981117,sina_finance
SSE,19981119,1,19981118,sina_finance
SSE,19981120,1,19981119,sina_finance
SSE,19981123,1,19981120,sina_finance
SSE,19981124,1,19981123,sina_finance
SSE,19981125,1,19981124,sina_finance
SSE,19981126,1,19981125,sina_finance
SSE,19981127,1,19981126,sina_finance
SSE,19981130,1,19981127,sina_finance
SSE,19981201,1,19981130,sina_finance
SSE,19981202,1,19981201,sina_finance
SSE,19981203,1,19981202,sina_finance
SSE,19981204,1,19981203,sina_finance
SSE,19981207,1,19981204,sina_finance
SSE,19981208,1,19981207,sina_finance
SSE,19981209,1,19981208,sina_finance
SSE,19981210,1,19981209,sina_finance
SSE,19981211,1,19981210,sina_finance
SSE,19981214,1,19981211,sina_finance
SSE,19981215,1,19981214,sina_finance
SSE,19981216,1,19981215,sina_finance
SSE,19981217,1,19981216,sina_finance
SSE,19981218,1,19981217,sina_finance
SSE,19981221,1,19981218,sina_finance
SSE,19981222,1,19981221,sina_finance
SSE,19981223,1,19981222,sina_finance
SSE,19981224,1,19981223,sina_finance
SSE,19981225,1,19981224,sina_finance
SSE,19981228,1,19981225,sina_finance
SSE,19981229,1,19981228,sina_finance
SSE,19981230,1,19981229,sina_finance
SSE,19981231,1,19981230,sina_finance
SSE,19990104,1,19981231,sina_finance
SSE,19990105,1,19990104,sina_finance
SSE,19990106,1,19990105,sina_finance
SSE,19990107,1,19990106,sina_finance
SSE,19990108,1,19990107,sina_finance
SSE,19990111,1,19990108,sina_finance
SSE,19990112,1,19990111,sina_finance
SSE,19990113,1,19990112,sina_finance
SSE,19990114,1,19990113,sina_finance
SSE,19990115,1,19990114,sina_finance
SSE,19990118,1,19990115,sina_finance
SSE,19990119,1,19990118,sina_finance
SSE,19990120,1,19990119,sina_finance
SSE,19990121,1,19990120,sina_finance
SSE,19990122,1,19990121,sina_finance
SSE,19990125,1,19990122,sina_finance
SSE,19990126,1,19990125,sina_finance
SSE,19990127,1,19990126,sina_finance
SSE,19990128,1,19990127,sina_finance
SSE,19990129,1,19990128,sina_finance
SSE,19990201,1,19990129,sina_finance
SSE,19990202,1,19990201,sina_finance
SSE,19990203,1,19990202,sina_finance
SSE,19990204,1,19990203,sina_finance
SSE,19990205,1,19990204,sina_finance
SSE,19990208,1,19990205,sina_finance
SSE,19990209,1,19990208,sina_finance
SSE,19990301,1,19990209,sina_finance
SSE,19990302,1,19990301,sina_finance
SSE,19990303,1,19990302,sina_finance
SSE,19990304,1,19990303,sina_finance
SSE,19990305,1,19990304,sina_finance
SSE,19990308,1,19990305,sina_finance
SSE,19990309,1,19990308,sina_finance
SSE,19990310,1,19990309,sina_finance
SSE,19990311,1,19990310,sina_finance
SSE,19990312,1,19990311,sina_finance
SSE,19990315,1,19990312,sina_finance
SSE,19990316,1,19990315,sina_finance
SSE,19990317,1,19990316,sina_finance
SSE,19990318,1,19990317,sina_finance
SSE,19990319,1,19990318,sina_finance
SSE,19990322,1,19990319,sina_finance
SSE,19990323,1,19990322,sina_finance
SSE,19990324,1,19990323,sina_finance
SSE,19990325,1,19990324,sina_finance
SSE,19990326,1,19990325,sina_finance
SSE,19990329,1,19990326,sina_finance
SSE,19990330,1,19990329,sina_finance
SSE,19990331,1,19990330,sina_finance
SSE,19990401,1,19990331,sina_finance
SSE,19990402,1,19990401,sina_finance
SSE,19990405,1,19990402,sina_finance
SSE,19990406,1,19990405,sina_finance
SSE,19990407,1,19990406,sina_finance
SSE,19990408,1,19990407,sina_finance
SSE,19990409,1,19990408,sina_finance
SSE,19990412,1,19990409,sina_finance
SSE,19990413,1,19990412,sina_finance
SSE,19990414,1,19990413,sina_finance
SSE,19990415,1,19990414,sina_finance
SSE,19990416,1,19990415,sina_finance
SSE,19990419,1,19990416,sina_finance
SSE,19990420,1,19990419,sina_finance
SSE,19990421,1,19990420,sina_finance
SSE,19990422,1,19990421,sina_finance
SSE,19990423,1,19990422,sina_finance
SSE,19990426,1,19990423,sina_finance
SSE,19990427,1,19990426,sina_finance
SSE,19990428,1,19990427,sina_finance
SSE,19990429,1,19990428,sina_finance
SSE,19990430,1,19990429,sina_finance
SSE,19990504,1,19990430,sina_finance
SSE,19990505,1,19990504,sina_finance
SSE,19990506,1,19990505,sina_finance
SSE,19990507,1,19990506,sina_finance
SSE,19990510,1,19990507,sina_finance
SSE,19990511,1,19990510,sina_finance
SSE,19990512,1,19990511,sina_finance
SSE,19990513,1,19990512,sina_finance
SSE,19990514,1,19990513,sina_finance
SSE,19990517,1,19990514,sina_finance
SSE,19990518,1,19990517,sina_finance
SSE,19990519,1,19990518,sina_finance
SSE,19990520,1,19990519,sina_finance
SSE,19990521,1,19990520,sina_finance
SSE,19990524,1,19990521,sina_finance
SSE,19990525,1,19990524,sina_finance
SSE,19990526,1,19990525,sina_finance
SSE,19990527,1,19990526,sina_finance
SSE,19990528,1,19990527,sina_finance
SSE,19990531,1,19990528,sina_finance
SSE,19990601,1,19990531,sina_finance
SSE,19990602,1,19990601,sina_finance
SSE,19990603,1,19990602,sina_finance
SSE,19990604,1,19990603,sina_finance
SSE,19990607,1,19990604,sina_finance
SSE,19990608,1,19990607,sina_finance
SSE,19990609,1,19990608,sina_finance
SSE,19990610,1,19990609,sina_finance
SSE,19990611,1,19990610,sina_finance
SSE,19990614,1,19990611,sina_finance
SSE,19990615,1,19990614,sina_finance
SSE,19990616,1,19990615,sina_finance
SSE,19990617,1,19990616,sina_finance
SSE,19990618,1,19990617,sina_finance
SSE,19990621,1,19990618,sina_finance
SSE,19990622,1,19990621,sina_finance
SSE,19990623,1,19990622,sina_finance
SSE,19990624,1,19990623,sina_finance
SSE,19990625,1,19990624,sina_finance
SSE,19990628,1,19990625,sina_finance
SSE,19990629,1,19990628,sina_finance
SSE,19990630,1,19990629,sina_finance
SSE,19990701,1,19990630,sina_finance
SSE,19990702,1,19990701,sina_finance
SSE,19990705,1,19990702,sina_finance
SSE,19990706,1,19990705,sina_finance
SSE,19990707,1,19990706,sina_finance
SSE,19990708,1,19990707,sina_finance
SSE,19990709,1,19990708,sina_finance
SSE,19990712,1,19990709,sina_finance
SSE,19990713,1,19990712,sina_finance
SSE,19990714,1,19990713,sina_finance
SSE,19990715,1,19990714,sina_finance
SSE,19990716,1,19990715,sina_finance
SSE,19990719,1,19990716,sina_finance
SSE,19990720,1,19990719,sina_finance
SSE,19990721,1,19990720,sina_finance
SSE,19990722,1,19990721,sina_finance
SSE,19990723,1,19990722,sina_finance
SSE,19990726,1,19990723,sina_finance
SSE,19990727,1,19990726,sina_finance
SSE,19990728,1,19990727,sina_finance
SSE,19990729,1,19990728,sina_finance
SSE,19990730,1,19990729,sina_finance
SSE,19990802,1,19990730,sina_finance
SSE,19990803,1,19990802,sina_finance
SSE,19990804,1,19990803,sina_finance
SSE,19990805,1,19990804,sina_finance
SSE,19990806,1,19990805,sina_finance
SSE,19990809,1,19990806,sina_finance
SSE,19990810,1,19990809,sina_finance
SSE,19990811,1,19990810,sina_finance
SSE,19990812,1,19990811,sina_finance
SSE,19990813,1,19990812,sina_finance
SSE,19990816,1,19990813,sina_finance
SSE,19990817,1,19990816,sina_finance
SSE,19990818,1,19990817,sina_finance
SSE,19990819,1,19990818,sina_finance
SSE,19990820,1,19990819,sina_finance
SSE,19990823,1,19990820,sina_finance
SSE,19990824,1,19990823,sina_finance
SSE,19990825,1,19990824,sina_finance
SSE,19990826,1,19990825,sina_finance
SSE,19990827,1,19990826,sina_finance
SSE,19990830,1,19990827,sina_finance
SSE,19990831,1,19990830,sina_finance
SSE,19990901,1,19990831,sina_finance
SSE,19990902,1,19990901,sina_finance
SSE,19990903,1,19990902,sina_finance
SSE,19990906,1,19990903,sina_finance
SSE,19990907,1,19990906,sina_finance
SSE,19990908,1,19990907,sina_finance
SSE,19990909,1,19990908,sina_finance
SSE,19990910,1,19990909,sina_finance
SSE,19990913,1,19990910,sina_finance
SSE,19990914,1,19990913,sina_finance
SSE,19990915,1,19990914,sina_finance
SSE,19990916,1,19990915,sina_finance
SSE,19990917,1,19990916,sina_finance
SSE,19990920,1,19990917,sina_finance
SSE,19990921,1,19990920,sina_finance
SSE,19990922,1,19990921,sina_finance
SSE,19990923,1,19990922,sina_finance
SSE,19990924,1,19990923,sina_finance
SSE,19990927,1,19990924,sina_finance
SSE,19990928,1,19990927,sina_finance
SSE,19990929,1,19990928,sina_finance
SSE,19990930,1,19990929,sina_finance
SSE,19991008,1,19990930,sina_finance
SSE,19991011,1,19991008,sina_finance
SSE,19991012,1,19991011,sina_finance
SSE,19991013,1,19991012,sina_finance
SSE,19991014,1,19991013,sina_finance
SSE,19991015,1,19991014,sina_finance
SSE,19991018,1,19991015,sina_finance
SSE,19991019,1,19991018,sina_finance
SSE,19991020,1,19991019,sina_finance
SSE,19991021,1,19991020,sina_finance
SSE,19991022,1,19991021,sina_finance
SSE,19991025,1,19991022,sina_finance
SSE,19991026,1,19991025,sina_finance
SSE,19991027,1,19991026,sina_finance
SSE,19991028,1,19991027,sina_finance
SSE,19991029,1,19991028,sina_finance
SSE,19991101,1,19991029,sina_finance
SSE,19991102,1,19991101,sina_finance
SSE,19991103,1,19991102,sina_finance
SSE,19991104,1,19991103,sina_finance
SSE,19991105,1,19991104,sina_finance
SSE,19991108,1,19991105,sina_finance
SSE,19991109,1,19991108,sina_finance
SSE,19991110,1,19991109,sina_finance
SSE,19991111,1,19991110,sina_finance
SSE,19991112,1,19991111,sina_finance
SSE,19991115,1,19991112,sina_finance
SSE,19991116,1,19991115,sina_finance
SSE,19991117,1,19991116,sina_finance
SSE,19991118,1,19991117,sina_finance
SSE,19991119,1,19991118,sina_finance
SSE,19991122,1,19991119,sina_finance
SSE,19991123,1,19991122,sina_finance
SSE,19991124,1,19991123,sina_finance
SSE,19991125,1,19991124,sina_finance
SSE,19991126,1,19991125,sina_finance
SSE,19991129,1,19991126,sina_finance
SSE,19991130,1,19991129,sina_finance
SSE,19991201,1,19991130,sina_finance
SSE,19991202,1,19991201,sina_finance
SSE,19991203,1,19991202,sina_finance
SSE,19991206,1,19991203,sina_finance
SSE,19991207,1,19991206,sina_finance
SSE,19991208,1,19991207,sina_finance
SSE,19991209,1,19991208,sina_finance
SSE,19991210,1,19991209,sina_finance
SSE,19991213,1,19991210,sina_finance
SSE,19991214,1,19991213,sina_finance
SSE,19991215,1,19991214,sina_finance
SSE,19991216,1,19991215,sina_finance
SSE,19991217,1,19991216,sina_finance
SSE,19991221,1,19991217,sina_finance
SSE,19991222,1,19991221,sina_finance
SSE,19991223,1,19991222,sina_finance
SSE,19991224,1,19991223,sina_finance
SSE,19991227,1,19991224,sina_finance
SSE,19991228,1,19991227,sina_finance
SSE,19991229,1,19991228,sina_finance
SSE,19991230,1,19991229,sina_finance
SSE,20000104,1,19991230,sina_finance
SSE,20000105,1,20000104,sina_finance
SSE,20000106,1,20000105,sina_finance
SSE,20000107,1,20000106,sina_finance
SSE,20000110,1,20000107,sina_finance
SSE,20000111,1,20000110,sina_finance
SSE,20000112,1,20000111,sina_finance
SSE,20000113,1,20000112,sina_finance
SSE,20000114,1,20000113,sina_finance
SSE,20000117,1,20000114,sina_finance
SSE,20000118,1,20000117,sina_finance
SSE,20000119,1,20000118,sina_finance
SSE,20000120,1,20000119,sina_finance
SSE,20000121,1,20000120,sina_finance
SSE,20000124,1,20000121,sina_finance
SSE,20000125,1,20000124,sina_finance
SSE,20000126,1,20000125,sina_finance
SSE,20000127,1,20000126,sina_finance
SSE,20000128,1,20000127,sina_finance
SSE,20000214,1,20000128,sina_finance
SSE,20000215,1,20000214,sina_finance
SSE,20000216,1,20000215,sina_finance
SSE,20000217,1,20000216,sina_finance
SSE,20000218,1,20000217,sina_finance
SSE,20000221,1,20000218,sina_finance
SSE,20000222,1,20000221,sina_finance
SSE,20000223,1,20000222,sina_finance
SSE,20000224,1,20000223,sina_finance
SSE,20000225,1,20000224,sina_finance
SSE,20000228,1,20000225,sina_finance
SSE,20000229,1,20000228,sina_finance
SSE,20000301,1,20000229,sina_finance
SSE,20000302,1,20000301,sina_finance
SSE,20000303,1,20000302,sina_finance
SSE,20000306,1,20000303,sina_finance
SSE,20000307,1,20000306,sina_finance
SSE,20000308,1,20000307,sina_finance
SSE,20000309,1,20000308,sina_finance
SSE,20000310,1,20000309,sina_finance
SSE,20000313,1,20000310,sina_finance
SSE,20000314,1,20000313,sina_finance
SSE,20000315,1,20000314,sina_finance
SSE,20000316,1,20000315,sina_finance
SSE,20000317,1,20000316,sina_finance
SSE,20000320,1,20000317,sina_finance
SSE,20000321,1,20000320,sina_finance
SSE,20000322,1,20000321,sina_finance
SSE,20000323,1,20000322,sina_finance
SSE,20000324,1,20000323,sina_finance
SSE,20000327,1,20000324,sina_finance
SSE,20000328,1,20000327,sina_finance
SSE,20000329,1,20000328,sina_finance
SSE,20000330,1,20000329,sina_finance
SSE,20000331,1,20000330,sina_finance
SSE,20000403,1,20000331,sina_finance
SSE,20000404,1,20000403,sina_finance
SSE,20000405,1,20000404,sina_finance
SSE,20000406,1,20000405,sina_finance
SSE,20000407,1,20000406,sina_finance
SSE,20000410,1,20000407,sina_finance
SSE,20000411,1,20000410,sina_finance
SSE,20000412,1,20000411,sina_finance
SSE,20000413,1,20000412,sina_finance
SSE,20000414,1,20000413,sina_finance
SSE,20000417,1,20000414,sina_finance
SSE,20000418,1,20000417,sina_finance
SSE,20000419,1,20000418,sina_finance
SSE,20000420,1,20000419,sina_finance
SSE,20000421,1,20000420,sina_finance
SSE,20000424,1,20000421,sina_finance
SSE,20000425,1,20000424,sina_finance
SSE,20000426,1,20000425,sina_finance
SSE,20000427,1,20000426,sina_finance
SSE,20000428,1,20000427,sina_finance
SSE,20000508,1,20000428,sina_finance
SSE,20000509,1,20000508,sina_finance
SSE,20000510,1,20000509,sina_finance
SSE,20000511,1,20000510,sina_finance
SSE,20000512,1,20000511,sina_finance
SSE,20000515,1,20000512,sina_finance
SSE,20000516,1,20000515,sina_finance
SSE,20000517,1,20000516,sina_finance
SSE,20000518,1,20000517,sina_finance
SSE,20000519,1,20000518,sina_finance
SSE,20000522,1,20000519,sina_finance
SSE,20000523,1,20000522,sina_finance
SSE,20000524,1,20000523,sina_finance
SSE,20000525,1,20000524,sina_finance
SSE,20000526,1,20000525,sina_finance
SSE,20000529,1,20000526,sina_finance
SSE,20000530,1,20000529,sina_finance
SSE,20000531,1,20000530,sina_finance
SSE,20000601,1,20000531,sina_finance
SSE,20000602,1,20000601,sina_finance
SSE,20000605,1,20000602,sina_finance
SSE,20000606,1,20000605,sina_finance
SSE,20000607,1,20000606,sina_finance
SSE,20000608,1,20000607,sina_finance
SSE,20000609,1,20000608,sina_finance
SSE,20000612,1,20000609,sina_finance
SSE,20000613,1,20000612,sina_finance
SSE,20000614,1,20000613,sina_finance
SSE,20000615,1,20000614,sina_finance
SSE,20000616,1,20000615,sina_finance
SSE,20000619,1,20000616,sina_finance
SSE,20000620,1,20000619,sina_finance
SSE,20000621,1,20000620,sina_finance
SSE,20000622,1,20000621,sina_finance
SSE,20000623,1,20000622,sina_finance
SSE,20000626,1,20000623,sina_finance
SSE,20000627,1,20000626,sina_finance
SSE,20000628,1,20000627,sina_finance
SSE,20000629,1,20000628,sina_finance
SSE,20000630,1,20000629,sina_finance
SSE,20000703,1,20000630,sina_finance
SSE,20000704,1,20000703,sina_finance
SSE,20000705,1,20000704,sina_finance
SSE,20000706,1,20000705,sina_finance
SSE,20000707,1,20000706,sina_finance
SSE,20000710,1,20000707,sina_finance
SSE,20000711,1,20000710,sina_finance
SSE,20000712,1,20000711,sina_finance
SSE,20000713,1,20000712,sina_finance
SSE,20000714,1,20000713,sina_finance
SSE,20000717,1,20000714,sina_finance
SSE,20000718,1,20000717,sina_finance
SSE,20000719,1,20000718,sina_finance
SSE,20000720,1,20000719,sina_finance
SSE,20000721,1,20000720,sina_finance
SSE,20000724,1,20000721,sina_finance
SSE,20000725,1,20000724,sina_finance
SSE,20000726,1,20000725,sina_finance
SSE,20000727,1,20000726,sina_finance
SSE,20000728,1,20000727,sina_finance
SSE,20000731,1,20000728,sina_finance
SSE,20000801,1,20000731,sina_finance
SSE,20000802,1,20000801,sina_finance
SSE,20000803,1,20000802,sina_finance
SSE,20000804,1,20000803,sina_finance
SSE,20000807,1,20000804,sina_finance
SSE,20000808,1,20000807,sina_finance
SSE,20000809,1,20000808,sina_finance
SSE,20000810,1,20000809,sina_finance
SSE,20000811,1,20000810,sina_finance
SSE,20000814,1,20000811,sina_finance
SSE,20000815,1,20000814,sina_finance
SSE,20000816,1,20000815,sina_finance
SSE,20000817,1,20000816,sina_finance
SSE,20000818,1,20000817,sina_finance
SSE,20000821,1,20000818,sina_finance
SSE,20000822,1,20000821,sina_finance
SSE,20000823,1,20000822,sina_finance
SSE,20000824,1,20000823,sina_finance
SSE,20000825,1,20000824,sina_finance
SSE,20000828,1,20000825,sina_finance
SSE,20000829,1,20000828,sina_finance
SSE,20000830,1,20000829,sina_finance
SSE,20000831,1,20000830,sina_finance
SSE,20000901,1,20000831,sina_finance
SSE,20000904,1,20000901,sina_finance
SSE,20000905,1,20000904,sina_finance
SSE,20000906,1,20000905,sina_finance
SSE,20000907,1,20000906,sina_finance
SSE,20000908,1,20000907,sina_finance
SSE,20000911,1,20000908,sina_finance
SSE,20000912,1,20000911,sina_finance
SSE,20000913,1,20000912,sina_finance
SSE,20000914,1,20000913,sina_finance
SSE,20000915,1,20000914,sina_finance
SSE,20000918,1,20000915,sina_finance
SSE,20000919,1,20000918,sina_finance
SSE,20000920,1,20000919,sina_finance
SSE,20000921,1,20000920,sina_finance
SSE,20000922,1,20000921,sina_finance
SSE,20000925,1,20000922,sina_finance
SSE,20000926,1,20000925,sina_finance
SSE,20000927,1,20000926,sina_finance
SSE,20000928,1,20000927,sina_finance
SSE,20000929,1,20000928,sina_finance
SSE,20001009,1,20000929,sina_finance
SSE,20001010,1,20001009,sina_finance
SSE,20001011,1,20001010,sina_finance
SSE,20001012,1,20001011,sina_finance
SSE,20001013,1,20001012,sina_finance
SSE,20001016,1,20001013,sina_finance
SSE,20001017,1,20001016,sina_finance
SSE,20001018,1,20001017,sina_finance
SSE,20001019,1,20001018,sina_finance
SSE,20001020,1,20001019,sina_finance
SSE,20001023,1,20001020,sina_finance
SSE,20001024,1,20001023,sina_finance
SSE,20001025,1,20001024,sina_finance
SSE,20001026,1,20001025,sina_finance
SSE,20001027,1,20001026,sina_finance
SSE,20001030,1,20001027,sina_finance
SSE,20001031,1,20001030,sina_finance
SSE,20001101,1,20001031,sina_finance
SSE,20001102,1,20001101,sina_finance
SSE,20001103,1,20001102,sina_finance
SSE,20001106,1,20001103,sina_finance
SSE,20001107,1,20001106,sina_finance
SSE,20001108,1,20001107,sina_finance
SSE,20001109,1,20001108,sina_finance
SSE,20001110,1,20001109,sina_finance
SSE,20001113,1,20001110,sina_finance
SSE,20001114,1,20001113,sina_finance
SSE,20001115,1,20001114,sina_finance
SSE,20001116,1,20001115,sina_finance
SSE,20001117,1,20001116,sina_finance
SSE,20001120,1,20001117,sina_finance
SSE,20001121,1,20001120,sina_finance
SSE,20001122,1,20001121,sina_finance
SSE,20001123,1,20001122,sina_finance
SSE,20001124,1,20001123,sina_finance
SSE,20001127,1,20001124,sina_finance
SSE,20001128,1,20001127,sina_finance
SSE,20001129,1,20001128,sina_finance
SSE,20001130,1,20001129,sina_finance
SSE,20001201,1,20001130,sina_finance
SSE,20001204,1,20001201,sina_finance
SSE,20001205,1,20001204,sina_finance
SSE,20001206,1,20001205,sina_finance
SSE,20001207,1,20001206,sina_finance
SSE,20001208,1,20001207,sina_finance
SSE,20001211,1,20001208,sina_finance
SSE,20001212,1,20001211,sina_finance
SSE,20001213,1,20001212,sina_finance
SSE,20001214,1,20001213,sina_finance
SSE,20001215,1,20001214,sina_finance
SSE,20001218,1,20001215,sina_finance
SSE,20001219,1,20001218,sina_finance
SSE,20001220,1,20001219,sina_finance
SSE,20001221,1,20001220,sina_finance
SSE,20001222,1,20001221,sina_finance
SSE,20001225,1,20001222,sina_finance
SSE,20001226,1,20001225,sina_finance
SSE,20001227,1,20001226,sina_finance
SSE,20001228,1,20001227,sina_finance
SSE,20001229,1,20001228,sina_finance
SSE,20010102,1,20001229,sina_finance
SSE,20010103,1,20010102,sina_finance
SSE,20010104,1,20010103,sina_finance
SSE,20010105,1,20010104,sina_finance
SSE,20010108,1,20010105,sina_finance
SSE,20010109,1,20010108,sina_finance
SSE,20010110,1,20010109,sina_finance
SSE,20010111,1,20010110,sina_finance
SSE,20010112,1,20010111,sina_finance
SSE,20010115,1,20010112,sina_finance
SSE,20010116,1,20010115,sina_finance
SSE,20010117,1,20010116,sina_finance
SSE,20010118,1,20010117,sina_finance
SSE,20010119,1,20010118,sina_finance
SSE,20010205,1,20010119,sina_finance
SSE,20010206,1,20010205,sina_finance
SSE,20010207,1,20010206,sina_finance
SSE,20010208,1,20010207,sina_finance
SSE,20010209,1,20010208,sina_finance
SSE,20010212,1,20010209,sina_finance
SSE,20010213,1,20010212,sina_finance
SSE,20010214,1,20010213,sina_finance
SSE,20010215,1,20010214,sina_finance
SSE,20010216,1,20010215,sina_finance
SSE,20010219,1,20010216,sina_finance
SSE,20010220,1,20010219,sina_finance
SSE,20010221,1,20010220,sina_finance
SSE,20010222,1,20010221,sina_finance
SSE,20010223,1,20010222,sina_finance
SSE,20010226,1,20010223,sina_finance
SSE,20010227,1,20010226,sina_finance
SSE,20010228,1,20010227,sina_finance
SSE,20010301,1,20010228,sina_finance
SSE,20010302,1,20010301,sina_finance
SSE,20010305,1,20010302,sina_finance
SSE,20010306,1,20010305,sina_finance
SSE,20010307,1,20010306,sina_finance
SSE,20010308,1,20010307,sina_finance
SSE,20010309,1,20010308,sina_finance
SSE,20010312,1,20010309,sina_finance
SSE,20010313,1,20010312,sina_finance
SSE,20010314,1,20010313,sina_finance
SSE,20010315,1,20010314,sina_finance
SSE,20010316,1,20010315,sina_finance
SSE,20010319,1,20010316,sina_finance
SSE,20010320,1,20010319,sina_finance
SSE,20010321,1,20010320,sina_finance
SSE,20010322,1,20010321,sina_finance
SSE,20010323,1,20010322,sina_finance
SSE,20010326,1,20010323,sina_finance
SSE,20010327,1,20010326,sina_finance
SSE,20010328,1,20010327,sina_finance
SSE,20010329,1,20010328,sina_finance
SSE,20010330,1,20010329,sina_finance
SSE,20010402,1,20010330,sina_finance
SSE,20010403,1,20010402,sina_finance
SSE,20010404,1,20010403,sina_finance
SSE,20010405,1,20010404,sina_finance
SSE,20010406,1,20010405,sina_finance
SSE,20010409,1,20010406,sina_finance
SSE,20010410,1,20010409,sina_finance
SSE,20010411,1,20010410,sina_finance
SSE,20010412,1,20010411,sina_finance
SSE,20010413,1,20010412,sina_finance
SSE,20010416,1,20010413,sina_finance
SSE,20010417,1,20010416,sina_finance
SSE,20010418,1,20010417,sina_finance
SSE,20010419,1,20010418,sina_finance
SSE,20010420,1,20010419,sina_finance
SSE,20010423,1,20010420,sina_finance
SSE,20010424,1,20010423,sina_finance
SSE,20010425,1,20010424,sina_finance
SSE,20010426,1,20010425,sina_finance
SSE,20010427,1,20010426,sina_finance
SSE,20010430,1,20010427,sina_finance
SSE,20010508,1,20010430,sina_finance
SSE,20010509,1,20010508,sina_finance
SSE,20010510,1,20010509,sina_finance
SSE,20010511,1,20010510,sina_finance
SSE,20010514,1,20010511,sina_finance
SSE,20010515,1,20010514,sina_finance
SSE,20010516,1,20010515,sina_finance
SSE,20010517,1,20010516,sina_finance
SSE,20010518,1,20010517,sina_finance
SSE,20010521,1,20010518,sina_finance
SSE,20010522,1,20010521,sina_finance
SSE,20010523,1,20010522,sina_finance
SSE,20010524,1,20010523,sina_finance
SSE,20010525,1,20010524,sina_finance
SSE,20010528,1,20010525,sina_finance
SSE,20010529,1,20010528,sina_finance
SSE,20010530,1,20010529,sina_finance
SSE,20010531,1,20010530,sina_finance
SSE,20010601,1,20010531,sina_finance
SSE,20010604,1,20010601,sina_finance
SSE,20010605,1,20010604,sina_finance
SSE,20010606,1,20010605,sina_finance
SSE,20010607,1,20010606,sina_finance
SSE,20010608,1,20010607,sina_finance
SSE,20010611,1,20010608,sina_finance
SSE,20010612,1,20010611,sina_finance
SSE,20010613,1,20010612,sina_finance
SSE,20010614,1,20010613,sina_finance
SSE,20010615,1,20010614,sina_finance
SSE,20010618,1,20010615,sina_finance
SSE,20010619,1,20010618,sina_finance
SSE,20010620,1,20010619,sina_finance
SSE,20010621,1,20010620,sina_finance
SSE,20010622,1,20010621,sina_finance
SSE,20010625,1,20010622,sina_finance
SSE,20010626,1,20010625,sina_finance
SSE,20010627,1,20010626,sina_finance
SSE,20010628,1,20010627,sina_finance
SSE,20010629,1,20010628,sina_finance
SSE,20010702,1,20010629,sina_finance
SSE,20010703,1,20010702,sina_finance
SSE,20010704,1,20010703,sina_finance
SSE,20010705,1,20010704,sina_finance
SSE,20010706,1,20010705,sina_finance
SSE,20010709,1,20010706,sina_finance
SSE,20010710,1,20010709,sina_finance
SSE,20010711,1,20010710,sina_finance
SSE,20010712,1,20010711,sina_finance
SSE,20010713,1,20010712,sina_finance
SSE,20010716,1,20010713,sina_finance
SSE,20010717,1,20010716,sina_finance
SSE,20010718,1,20010717,sina_finance
SSE,20010719,1,20010718,sina_finance
SSE,20010720,1,20010719,sina_finance
SSE,20010723,1,20010720,sina_finance
SSE,20010724,1,20010723,sina_finance
SSE,20010725,1,20010724,sina_finance
SSE,20010726,1,20010725,sina_finance
SSE,20010727,1,20010726,sina_finance
SSE,20010730,1,20010727,sina_finance
SSE,20010731,1,20010730,sina_finance
SSE,20010801,1,20010731,sina_finance
SSE,20010802,1,20010801,sina_finance
SSE,20010803,1,20010802,sina_finance
SSE,20010806,1,20010803,sina_finance
SSE,20010807,1,20010806,sina_finance
SSE,20010808,1,20010807,sina_finance
SSE,20010809,1,20010808,sina_finance
SSE,20010810,1,20010809,sina_finance
SSE,20010813,1,20010810,sina_finance
SSE,20010814,1,20010813,sina_finance
SSE,20010815,1,20010814,sina_finance
SSE,20010816,1,20010815,sina_finance
SSE,20010817,1,20010816,sina_finance
SSE,20010820,1,20010817,sina_finance
SSE,20010821,1,20010820,sina_finance
SSE,20010822,1,20010821,sina_finance
SSE,20010823,1,20010822,sina_finance
SSE,20010824,1,20010823,sina_finance
SSE,20010827,1,20010824,sina_finance
SSE,20010828,1,20010827,sina_finance
SSE,20010829,1,20010828,sina_finance
SSE,20010830,1,20010829,sina_finance
SSE,20010831,1,20010830,sina_finance
SSE,20010903,1,20010831,sina_finance
SSE,20010904,1,20010903,sina_finance
SSE,20010905,1,20010904,sina_finance
SSE,20010906,1,20010905,sina_finance
SSE,20010907,1,20010906,sina_finance
SSE,20010910,1,20010907,sina_finance
SSE,20010911,1,20010910,sina_finance
SSE,20010912,1,20010911,sina_finance
SSE,20010913,1,20010912,sina_finance
SSE,20010914,1,20010913,sina_finance
SSE,20010917,1,20010914,sina_finance
SSE,20010918,1,20010917,sina_finance
SSE,20010919,1,20010918,sina_finance
SSE,20010920,1,20010919,sina_finance
SSE,20010921,1,20010920,sina_finance
SSE,20010924,1,20010921,sina_finance
SSE,20010925,1,20010924,sina_finance
SSE,20010926,1,20010925,sina_finance
SSE,20010927,1,20010926,sina_finance
SSE,20010928,1,20010927,sina_finance
SSE,20011008,1,20010928,sina_finance
SSE,20011009,1,20011008,sina_finance
SSE,20011010,1,20011009,sina_finance
SSE,20011011,1,20011010,sina_finance
SSE,20011012,1,20011011,sina_finance
SSE,20011015,1,20011012,sina_finance
SSE,20011016,1,20011015,sina_finance
SSE,20011017,1,20011016,sina_finance
SSE,20011018,1,20011017,sina_finance
SSE,20011019,1,20011018,sina_finance
SSE,20011022,1,20011019,sina_finance
SSE,20011023,1,20011022,sina_finance
SSE,20011024,1,20011023,sina_finance
SSE,20011025,1,20011024,sina_finance
SSE,20011026,1,20011025,sina_finance
SSE,20011029,1,20011026,sina_finance
SSE,20011030,1,20011029,sina_finance
SSE,20011031,1,20011030,sina_finance
SSE,20011101,1,20011031,sina_finance
SSE,20011102,1,20011101,sina_finance
SSE,20011105,1,20011102,sina_finance
SSE,20011106,1,20011105,sina_finance
SSE,20011107,1,20011106,sina_finance
SSE,20011108,1,20011107,sina_finance
SSE,20011109,1,20011108,sina_finance
SSE,20011112,1,20011109,sina_finance
SSE,20011113,1,20011112,sina_finance
SSE,20011114,1,20011113,sina_finance
SSE,20011115,1,20011114,sina_finance
SSE,20011116,1,20011115,sina_finance
SSE,20011119,1,20011116,sina_finance
SSE,20011120,1,20011119,sina_finance
SSE,20011121,1,20011120,sina_finance
SSE,20011122,1,20011121,sina_finance
SSE,20011123,1,20011122,sina_finance
SSE,20011126,1,20011123,sina_finance
SSE,20011127,1,20011126,sina_finance
SSE,20011128,1,20011127,sina_finance
SSE,20011129,1,20011128,sina_finance
SSE,20011130,1,20011129,sina_finance
SSE,20011203,1,20011130,sina_finance
SSE,20011204,1,20011203,sina_finance
SSE,20011205,1,20011204,sina_finance
SSE,20011206,1,20011205,sina_finance
SSE,20011207,1,20011206,sina_finance
SSE,20011210,1,20011207,sina_finance
SSE,20011211,1,20011210,sina_finance
SSE,20011212,1,20011211,sina_finance
SSE,20011213,1,20011212,sina_finance
SSE,20011214,1,20011213,sina_finance
SSE,20011217,1,20011214,sina_finance
SSE,20011218,1,20011217,sina_finance
SSE,20011219,1,20011218,sina_finance
SSE,20011220,1,20011219,sina_finance
SSE,20011221,1,20011220,sina_finance
SSE,20011224,1,20011221,sina_finance
SSE,20011225,1,20011224,sina_finance
SSE,20011226,1,20011225,sina_finance
SSE,20011227,1,20011226,sina_finance
SSE,20011228,1,20011227,sina_finance
SSE,20011231,1,20011228,sina_finance
SSE,20020104,1,20011231,sina_finance
SSE,20020107,1,20020104,sina_finance
SSE,20020108,1,20020107,sina_finance
SSE,20020109,1,20020108,sina_finance
SSE,20020110,1,20020109,sina_finance
SSE,20020111,1,20020110,sina_finance
SSE,20020114,1,20020111,sina_finance
SSE,20020115,1,20020114,sina_finance
SSE,20020116,1,20020115,sina_finance
SSE,20020117,1,20020116,sina_finance
SSE,20020118,1,20020117,sina_finance
SSE,20020121,1,20020118,sina_finance
SSE,20020122,1,20020121,sina_finance
SSE,20020123,1,20020122,sina_finance
SSE,20020124,1,20020123,sina_finance
SSE,20020125,1,20020124,sina_finance
SSE,20020128,1,20020125,sina_finance
SSE,20020129,1,20020128,sina_finance
SSE,20020130,1,20020129,sina_finance
SSE,20020131,1,20020130,sina_finance
SSE,20020201,1,20020131,sina_finance
SSE,20020204,1,20020201,sina_finance
SSE,20020205,1,20020204,sina_finance
SSE,20020206,1,20020205,sina_finance
SSE,20020207,1,20020206,sina_finance
SSE,20020208,1,20020207,sina_finance
SSE,20020225,1,20020208,sina_finance
SSE,20020226,1,20020225,sina_finance
SSE,20020227,1,20020226,sina_finance
SSE,20020228,1,20020227,sina_finance
SSE,20020301,1,20020228,sina_finance
SSE,20020304,1,20020301,sina_finance
SSE,20020305,1,20020304,sina_finance
SSE,20020306,1,20020305,sina_finance
SSE,20020307,1,20020306,sina_finance
SSE,20020308,1,20020307,sina_finance
SSE,20020311,1,20020308,sina_finance
SSE,20020312,1,20020311,sina_finance
SSE,20020313,1,20020312,sina_finance
SSE,20020314,1,20020313,sina_finance
SSE,20020315,1,20020314,sina_finance
SSE,20020318,1,20020315,sina_finance
SSE,20020319,1,20020318,sina_finance
SSE,20020320,1,20020319,sina_finance
SSE,20020321,1,20020320,sina_finance
SSE,20020322,1,20020321,sina_finance
SSE,20020325,1,20020322,sina_finance
SSE,20020326,1,20020325,sina_finance
SSE,20020327,1,20020326,sina_finance
SSE,20020328,1,20020327,sina_finance
SSE,20020329,1,20020328,sina_finance
SSE,20020401,1,20020329,sina_finance
SSE,20020402,1,20020401,sina_finance
SSE,20020403,1,20020402,sina_finance
SSE,20020404,1,20020403,sina_finance
SSE,20020405,1,20020404,sina_finance
SSE,20020408,1,20020405,sina_finance
SSE,20020409,1,20020408,sina_finance
SSE,20020410,1,20020409,sina_finance
SSE,20020411,1,20020410,sina_finance
SSE,20020412,1,20020411,sina_finance
SSE,20020415,1,20020412,sina_finance
SSE,20020416,1,20020415,sina_finance
SSE,20020417,1,20020416,sina_finance
SSE,20020418,1,20020417,sina_finance
SSE,20020419,1,20020418,sina_finance
SSE,20020422,1,20020419,sina_finance
SSE,20020423,1,20020422,sina_finance
SSE,20020424,1,20020423,sina_finance
SSE,20020425,1,20020424,sina_finance
SSE,20020426,1,20020425,sina_finance
SSE,20020429,1,20020426,sina_finance
SSE,20020430,1,20020429,sina_finance
SSE,20020508,1,20020430,sina_finance
SSE,20020509,1,20020508,sina_finance
SSE,20020510,1,20020509,sina_finance
SSE,20020513,1,20020510,sina_finance
SSE,20020514,1,20020513,sina_finance
SSE,20020515,1,20020514,sina_finance
SSE,20020516,1,20020515,sina_finance
SSE,20020517,1,20020516,sina_finance
SSE,20020520,1,20020517,sina_finance
SSE,20020521,1,20020520,sina_finance
SSE,20020522,1,20020521,sina_finance
SSE,20020523,1,20020522,sina_finance
SSE,20020524,1,20020523,sina_finance
SSE,20020527,1,20020524,sina_finance
SSE,20020528,1,20020527,sina_finance
SSE,20020529,1,20020528,sina_finance
SSE,20020530,1,20020529,sina_finance
SSE,20020531,1,20020530,sina_finance
SSE,20020603,1,20020531,sina_finance
SSE,20020604,1,20020603,sina_finance
SSE,20020605,1,20020604,sina_finance
SSE,20020606,1,20020605,sina_finance
SSE,20020607,1,20020606,sina_finance
SSE,20020610,1,20020607,sina_finance
SSE,20020611,1,20020610,sina_finance
SSE,20020612,1,20020611,sina_finance
SSE,20020613,1,20020612,sina_finance
SSE,20020614,1,20020613,sina_finance
SSE,20020617,1,20020614,sina_finance
SSE,20020618,1,20020617,sina_finance
SSE,20020619,1,20020618,sina_finance
SSE,20020620,1,20020619,sina_finance
SSE,20020621,1,20020620,sina_finance
SSE,20020624,1,20020621,sina_finance
SSE,20020625,1,20020624,sina_finance
SSE,20020626,1,20020625,sina_finance
SSE,20020627,1,20020626,sina_finance
SSE,20020628,1,20020627,sina_finance
SSE,20020701,1,20020628,sina_finance
SSE,20020702,1,20020701,sina_finance
SSE,20020703,1,20020702,sina_finance
SSE,20020704,1,20020703,sina_finance
SSE,20020705,1,20020704,sina_finance
SSE,20020708,1,20020705,sina_finance
SSE,20020709,1,20020708,sina_finance
SSE,20020710,1,20020709,sina_finance
SSE,20020711,1,20020710,sina_finance
SSE,20020712,1,20020711,sina_finance
SSE,20020715,1,20020712,sina_finance
SSE,20020716,1,20020715,sina_finance
SSE,20020717,1,20020716,sina_finance
SSE,20020718,1,20020717,sina_finance
SSE,20020719,1,20020718,sina_finance
SSE,20020722,1,20020719,sina_finance
SSE,20020723,1,20020722,sina_finance
SSE,20020724,1,20020723,sina_finance
SSE,20020725,1,20020724,sina_finance
SSE,20020726,1,20020725,sina_finance
SSE,20020729,1,20020726,sina_finance
SSE,20020730,1,20020729,sina_finance
SSE,20020731,1,20020730,sina_finance
SSE,20020801,1,20020731,sina_finance
SSE,20020802,1,20020801,sina_finance
SSE,20020805,1,20020802,sina_finance
SSE,20020806,1,20020805,sina_finance
SSE,20020807,1,20020806,sina_finance
SSE,20020808,1,20020807,sina_finance
SSE,20020809,1,20020808,sina_finance
SSE,20020812,1,20020809,sina_finance
SSE,20020813,1,20020812,sina_finance
SSE,20020814,1,20020813,sina_finance
SSE,20020815,1,20020814,sina_finance
SSE,20020816,1,20020815,sina_finance
SSE,20020819,1,20020816,sina_finance
SSE,20020820,1,20020819,sina_finance
SSE,20020821,1,20020820,sina_finance
SSE,20020822,1,20020821,sina_finance
SSE,20020823,1,20020822,sina_finance
SSE,20020826,1,20020823,sina_finance
SSE,20020827,1,20020826,sina_finance
SSE,20020828,1,20020827,sina_finance
SSE,20020829,1,20020828,sina_finance
SSE,20020830,1,20020829,sina_finance
SSE,20020902,1,20020830,sina_finance
SSE,20020903,1,20020902,sina_finance
SSE,20020904,1,20020903,sina_finance
SSE,20020905,1,20020904,sina_finance
SSE,20020906,1,20020905,sina_finance
SSE,20020909,1,20020906,sina_finance
SSE,20020910,1,20020909,sina_finance
SSE,20020911,1,20020910,sina_finance
SSE,20020912,1,20020911,sina_finance
SSE,20020913,1,20020912,sina_finance
SSE,20020916,1,20020913,sina_finance
SSE,20020917,1,20020916,sina_finance
SSE,20020918,1,20020917,sina_finance
SSE,20020919,1,20020918,sina_finance
SSE,20020920,1,20020919,sina_finance
SSE,20020923,1,20020920,sina_finance
SSE,20020924,1,20020923,sina_finance
SSE,20020925,1,20020924,sina_finance
SSE,20020926,1,20020925,sina_finance
SSE,20020927,1,20020926,sina_finance
SSE,20021008,1,20020927,sina_finance
SSE,20021009,1,20021008,sina_finance
SSE,20021010,1,20021009,sina_finance
SSE,20021011,1,20021010,sina_finance
SSE,20021014,1,20021011,sina_finance
SSE,20021015,1,20021014,sina_finance
SSE,20021016,1,20021015,sina_finance
SSE,20021017,1,20021016,sina_finance
SSE,20021018,1,20021017,sina_finance
SSE,20021021,1,20021018,sina_finance
SSE,20021022,1,20021021,sina_finance
SSE,20021023,1,20021022,sina_finance
SSE,20021024,1,20021023,sina_finance
SSE,20021025,1,20021024,sina_finance
SSE,20021028,1,20021025,sina_finance
SSE,20021029,1,20021028,sina_finance
SSE,20021030,1,20021029,sina_finance
SSE,20021031,1,20021030,sina_finance
SSE,20021101,1,20021031,sina_finance
SSE,20021104,1,20021101,sina_finance
SSE,20021105,1,20021104,sina_finance
SSE,20021106,1,20021105,sina_finance
SSE,20021107,1,20021106,sina_finance
SSE,20021108,1,20021107,sina_finance
SSE,20021111,1,20021108,sina_finance
SSE,20021112,1,20021111,sina_finance
SSE,20021113,1,20021112,sina_finance
SSE,20021114,1,20021113,sina_finance
SSE,20021115,1,20021114,sina_finance
SSE,20021118,1,20021115,sina_finance
SSE,20021119,1,20021118,sina_finance
SSE,20021120,1,20021119,sina_finance
SSE,20021121,1,20021120,sina_finance
SSE,20021122,1,20021121,sina_finance
SSE,20021125,1,20021122,sina_finance
SSE,20021126,1,20021125,sina_finance
SSE,20021127,1,20021126,sina_finance
SSE,20021128,1,20021127,sina_finance
SSE,20021129,1,20021128,sina_finance
SSE,20021202,1,20021129,sina_finance
SSE,20021203,1,20021202,sina_finance
SSE,20021204,1,20021203,sina_finance
SSE,20021205,1,20021204,sina_finance
SSE,20021206,1,20021205,sina_finance
SSE,20021209,1,20021206,sina_finance
SSE,20021210,1,20021209,sina_finance
SSE,20021211,1,20021210,sina_finance
SSE,20021212,1,20021211,sina_finance
SSE,20021213,1,20021212,sina_finance
SSE,20021216,1,20021213,sina_finance
SSE,20021217,1,20021216,sina_finance
SSE,20021218,1,20021217,sina_finance
SSE,20021219,1,20021218,sina_finance
SSE,20021220,1,20021219,sina_finance
SSE,20021223,1,20021220,sina_finance
SSE,20021224,1,20021223,sina_finance
SSE,20021225,1,20021224,sina_finance
SSE,20021226,1,20021225,sina_finance
SSE,20021227,1,20021226,sina_finance
SSE,20021230,1,20021227,sina_finance
SSE,20021231,1,20021230,sina_finance
SSE,20030102,1,20021231,sina_finance
SSE,20030103,1,20030102,sina_finance
SSE,20030106,1,20030103,sina_finance
SSE,20030107,1,20030106,sina_finance
SSE,20030108,1,20030107,sina_finance
SSE,20030109,1,20030108,sina_finance
SSE,20030110,1,20030109,sina_finance
SSE,20030113,1,20030110,sina_finance
SSE,20030114,1,20030113,sina_finance
SSE,20030115,1,20030114,sina_finance
SSE,20030116,1,20030115,sina_finance
SSE,20030117,1,20030116,sina_finance
SSE,20030120,1,20030117,sina_finance
SSE,20030121,1,20030120,sina_finance
SSE,20030122,1,20030121,sina_finance
SSE,20030123,1,20030122,sina_finance
SSE,20030124,1,20030123,sina_finance
SSE,20030127,1,20030124,sina_finance
SSE,20030128,1,20030127,sina_finance
SSE,20030129,1,20030128,sina_finance
SSE,20030210,1,20030129,sina_finance
SSE,20030211,1,20030210,sina_finance
SSE,20030212,1,20030211,sina_finance
SSE,20030213,1,20030212,sina_finance
SSE,20030214,1,20030213,sina_finance
SSE,20030217,1,20030214,sina_finance
SSE,20030218,1,20030217,sina_finance
SSE,20030219,1,20030218,sina_finance
SSE,20030220,1,20030219,sina_finance
SSE,20030221,1,20030220,sina_finance
SSE,20030224,1,20030221,sina_finance
SSE,20030225,1,20030224,sina_finance
SSE,20030226,1,20030225,sina_finance
SSE,20030227,1,20030226,sina_finance
SSE,20030228,1,20030227,sina_finance
SSE,20030303,1,20030228,sina_finance
SSE,20030304,1,20030303,sina_finance
SSE,20030305,1,20030304,sina_finance
SSE,20030306,1,20030305,sina_finance
SSE,20030307,1,20030306,sina_finance
SSE,20030310,1,20030307,sina_finance
SSE,20030311,1,20030310,sina_finance
SSE,20030312,1,20030311,sina_finance
SSE,20030313,1,20030312,sina_finance
SSE,20030314,1,20030313,sina_finance
SSE,20030317,1,20030314,sina_finance
SSE,20030318,1,20030317,sina_finance
SSE,20030319,1,20030318,sina_finance
SSE,20030320,1,20030319,sina_finance
SSE,20030321,1,20030320,sina_finance
SSE,20030324,1,20030321,sina_finance
SSE,20030325,1,20030324,sina_finance
SSE,20030326,1,20030325,sina_finance
SSE,20030327,1,20030326,sina_finance
SSE,20030328,1,20030327,sina_finance
SSE,20030331,1,20030328,sina_finance
SSE,20030401,1,20030331,sina_finance
SSE,20030402,1,20030401,sina_finance
SSE,20030403,1,20030402,sina_finance
SSE,20030404,1,20030403,sina_finance
SSE,20030407,1,20030404,sina_finance
SSE,20030408,1,20030407,sina_finance
SSE,20030409,1,20030408,sina_finance
SSE,20030410,1,20030409,sina_finance
SSE,20030411,1,20030410,sina_finance
SSE,20030414,1,20030411,sina_finance
SSE,20030415,1,20030414,sina_finance
SSE,20030416,1,20030415,sina_finance
SSE,20030417,1,20030416,sina_finance
SSE,20030418,1,20030417,sina_finance
SSE,20030421,1,20030418,sina_finance
SSE,20030422,1,20030421,sina_finance
SSE,20030423,1,20030422,sina_finance
SSE,20030424,1,20030423,sina_finance
SSE,20030425,1,20030424,sina_finance
SSE,20030428,1,20030425,sina_finance
SSE,20030429,1,20030428,sina_finance
SSE,20030430,1,20030429,sina_finance
SSE,20030512,1,20030430,sina_finance
SSE,20030513,1,20030512,sina_finance
SSE,20030514,1,20030513,sina_finance
SSE,20030515,1,20030514,sina_finance
SSE,20030516,1,20030515,sina_finance
SSE,20030519,1,20030516,sina_finance
SSE,20030520,1,20030519,sina_finance
SSE,20030521,1,20030520,sina_finance
SSE,20030522,1,20030521,sina_finance
SSE,20030523,1,20030522,sina_finance
SSE,20030526,1,20030523,sina_finance
SSE,20030527,1,20030526,sina_finance
SSE,20030528,1,20030527,sina_finance
SSE,20030529,1,20030528,sina_finance
SSE,20030530,1,20030529,sina_finance
SSE,20030602,1,20030530,sina_finance
SSE,20030603,1,20030602,sina_finance
SSE,20030604,1,20030603,sina_finance
SSE,20030605,1,20030604,sina_finance
SSE,20030606,1,20030605,sina_finance
SSE,20030609,1,20030606,sina_finance
SSE,20030610,1,20030609,sina_finance
SSE,20030611,1,20030610,sina_finance
SSE,20030612,1,20030611,sina_finance
SSE,20030613,1,20030612,sina_finance
SSE,20030616,1,20030613,sina_finance
SSE,20030617,1,20030616,sina_finance
SSE,20030618,1,20030617,sina_finance
SSE,20030619,1,20030618,sina_finance
SSE,20030620,1,20030619,sina_finance
SSE,20030623,1,20030620,sina_finance
SSE,20030624,1,20030623,sina_finance
SSE,20030625,1,20030624,sina_finance
SSE,20030626,1,20030625,sina_finance
SSE,20030627,1,20030626,sina_finance
SSE,20030630,1,20030627,sina_finance
SSE,20030701,1,20030630,sina_finance
SSE,20030702,1,20030701,sina_finance
SSE,20030703,1,20030702,sina_finance
SSE,20030704,1,20030703,sina_finance
SSE,20030707,1,20030704,sina_finance
SSE,20030708,1,20030707,sina_finance
SSE,20030709,1,20030708,sina_finance
SSE,20030710,1,20030709,sina_finance
SSE,20030711,1,20030710,sina_finance
SSE,20030714,1,20030711,sina_finance
SSE,20030715,1,20030714,sina_finance
SSE,20030716,1,20030715,sina_finance
SSE,20030717,1,20030716,sina_finance
SSE,20030718,1,20030717,sina_finance
SSE,20030721,1,20030718,sina_finance
SSE,20030722,1,20030721,sina_finance
SSE,20030723,1,20030722,sina_finance
SSE,20030724,1,20030723,sina_finance
SSE,20030725,1,20030724,sina_finance
SSE,20030728,1,20030725,sina_finance
SSE,20030729,1,20030728,sina_finance
SSE,20030730,1,20030729,sina_finance
SSE,20030731,1,20030730,sina_finance
SSE,20030801,1,20030731,sina_finance
SSE,20030804,1,20030801,sina_finance
SSE,20030805,1,20030804,sina_finance
SSE,20030806,1,20030805,sina_finance
SSE,20030807,1,20030806,sina_finance
SSE,20030808,1,20030807,sina_finance
SSE,20030811,1,20030808,sina_finance
SSE,20030812,1,20030811,sina_finance
SSE,20030813,1,20030812,sina_finance
SSE,20030814,1,20030813,sina_finance
SSE,20030815,1,20030814,sina_finance
SSE,20030818,1,20030815,sina_finance
SSE,20030819,1,20030818,sina_finance
SSE,20030820,1,20030819,sina_finance
SSE,20030821,1,20030820,sina_finance
SSE,20030822,1,20030821,sina_finance
SSE,20030825,1,20030822,sina_finance
SSE,20030826,1,20030825,sina_finance
SSE,20030827,1,20030826,sina_finance
SSE,20030828,1,20030827,sina_finance
SSE,20030829,1,20030828,sina_finance
SSE,20030901,1,20030829,sina_finance
SSE,20030902,1,20030901,sina_finance
SSE,20030903,1,20030902,sina_finance
SSE,20030904,1,20030903,sina_finance
SSE,20030905,1,20030904,sina_finance
SSE,20030908,1,20030905,sina_finance
SSE,20030909,1,20030908,sina_finance
SSE,20030910,1,20030909,sina_finance
SSE,20030911,1,20030910,sina_finance
SSE,20030912,1,20030911,sina_finance
SSE,20030915,1,20030912,sina_finance
SSE,20030916,1,20030915,sina_finance
SSE,20030917,1,20030916,sina_finance
SSE,20030918,1,20030917,sina_finance
SSE,20030919,1,20030918,sina_finance
SSE,20030922,1,20030919,sina_finance
SSE,20030923,1,20030922,sina_finance
SSE,20030924,1,20030923,sina_finance
SSE,20030925,1,20030924,sina_finance
SSE,20030926,1,20030925,sina_finance
SSE,20030929,1,20030926,sina_finance
SSE,20030930,1,20030929,sina_finance
SSE,20031008,1,20030930,sina_finance
SSE,20031009,1,20031008,sina_finance
SSE,20031010,1,20031009,sina_finance
SSE,20031013,1,20031010,sina_finance
SSE,20031014,1,20031013,sina_finance
SSE,20031015,1,20031014,sina_finance
SSE,20031016,1,20031015,sina_finance
SSE,20031017,1,20031016,sina_finance
SSE,20031020,1,20031017,sina_finance
SSE,20031021,1,20031020,sina_finance
SSE,20031022,1,20031021,sina_finance
SSE,20031023,1,20031022,sina_finance
SSE,20031024,1,20031023,sina_finance
SSE,20031027,1,20031024,sina_finance
SSE,20031028,1,20031027,sina_finance
SSE,20031029,1,20031028,sina_finance
SSE,20031030,1,20031029,sina_finance
SSE,20031031,1,20031030,sina_finance
SSE,20031103,1,20031031,sina_finance
SSE,20031104,1,20031103,sina_finance
SSE,20031105,1,20031104,sina_finance
SSE,20031106,1,20031105,sina_finance
SSE,20031107,1,20031106,sina_finance
SSE,20031110,1,20031107,sina_finance
SSE,20031111,1,20031110,sina_finance
SSE,20031112,1,20031111,sina_finance
SSE,20031113,1,20031112,sina_finance
SSE,20031114,1,20031113,sina_finance
SSE,20031117,1,20031114,sina_finance
SSE,20031118,1,20031117,sina_finance
SSE,20031119,1,20031118,sina_finance
SSE,20031120,1,20031119,sina_finance
SSE,20031121,1,20031120,sina_finance
SSE,20031124,1,20031121,sina_finance
SSE,20031125,1,20031124,sina_finance
SSE,20031126,1,20031125,sina_finance
SSE,20031127,1,20031126,sina_finance
SSE,20031128,1,20031127,sina_finance
SSE,20031201,1,20031128,sina_finance
SSE,20031202,1,20031201,sina_finance
SSE,20031203,1,20031202,sina_finance
SSE,20031204,1,20031203,sina_finance
SSE,20031205,1,20031204,sina_finance
SSE,20031208,1,20031205,sina_finance
SSE,20031209,1,20031208,sina_finance
SSE,20031210,1,20031209,sina_finance
SSE,20031211,1,20031210,sina_finance
SSE,20031212,1,20031211,sina_finance
SSE,20031215,1,20031212,sina_finance
SSE,20031216,1,20031215,sina_finance
SSE,20031217,1,20031216,sina_finance
SSE,20031218,1,20031217,sina_finance
SSE,20031219,1,20031218,sina_finance
SSE,20031222,1,20031219,sina_finance
SSE,20031223,1,20031222,sina_finance
SSE,20031224,1,20031223,sina_finance
SSE,20031225,1,20031224,sina_finance
SSE,20031226,1,20031225,sina_finance
SSE,20031229,1,20031226,sina_finance
SSE,20031230,1,20031229,sina_finance
SSE,20031231,1,20031230,sina_finance
SSE,20040102,1,20031231,sina_finance
SSE,20040105,1,20040102,sina_finance
SSE,20040106,1,20040105,sina_finance
SSE,20040107,1,20040106,sina_finance
SSE,20040108,1,20040107,sina_finance
SSE,20040109,1,20040108,sina_finance
SSE,20040112,1,20040109,sina_finance
SSE,20040113,1,20040112,sina_finance
SSE,20040114,1,20040113,sina_finance
SSE,20040115,1,20040114,sina_finance
SSE,20040116,1,20040115,sina_finance
SSE,20040129,1,20040116,sina_finance
SSE,20040130,1,20040129,sina_finance
SSE,20040202,1,20040130,sina_finance
SSE,20040203,1,20040202,sina_finance
SSE,20040204,1,20040203,sina_finance
SSE,20040205,1,20040204,sina_finance
SSE,20040206,1,20040205,sina_finance
SSE,20040209,1,20040206,sina_finance
SSE,20040210,1,20040209,sina_finance
SSE,20040211,1,20040210,sina_finance
SSE,20040212,1,20040211,sina_finance
SSE,20040213,1,20040212,sina_finance
SSE,20040216,1,20040213,sina_finance
SSE,20040217,1,20040216,sina_finance
SSE,20040218,1,20040217,sina_finance
SSE,20040219,1,20040218,sina_finance
SSE,20040220,1,20040219,sina_finance
SSE,20040223,1,20040220,sina_finance
SSE,20040224,1,20040223,sina_finance
SSE,20040225,1,20040224,sina_finance
SSE,20040226,1,20040225,sina_finance
SSE,20040227,1,20040226,sina_finance
SSE,20040301,1,20040227,sina_finance
SSE,20040302,1,20040301,sina_finance
SSE,20040303,1,20040302,sina_finance
SSE,20040304,1,20040303,sina_finance
SSE,20040305,1,20040304,sina_finance
SSE,20040308,1,20040305,sina_finance
SSE,20040309,1,20040308,sina_finance
SSE,20040310,1,20040309,sina_finance
SSE,20040311,1,20040310,sina_finance
SSE,20040312,1,20040311,sina_finance
SSE,20040315,1,20040312,sina_finance
SSE,20040316,1,20040315,sina_finance
SSE,20040317,1,20040316,sina_finance
SSE,20040318,1,20040317,sina_finance
SSE,20040319,1,20040318,sina_finance
SSE,20040322,1,20040319,sina_finance
SSE,20040323,1,20040322,sina_finance
SSE,20040324,1,20040323,sina_finance
SSE,20040325,1,20040324,sina_finance
SSE,20040326,1,20040325,sina_finance
SSE,20040329,1,20040326,sina_finance
SSE,20040330,1,20040329,sina_finance
SSE,20040331,1,20040330,sina_finance
SSE,20040401,1,20040331,sina_finance
SSE,20040402,1,20040401,sina_finance
SSE,20040405,1,20040402,sina_finance
SSE,20040406,1,20040405,sina_finance
SSE,20040407,1,20040406,sina_finance
SSE,20040408,1,20040407,sina_finance
SSE,20040409,1,20040408,sina_finance
SSE,20040412,1,20040409,sina_finance
SSE,20040413,1,20040412,sina_finance
SSE,20040414,1,20040413,sina_finance
SSE,20040415,1,20040414,sina_finance
SSE,20040416,1,20040415,sina_finance
SSE,20040419,1,20040416,sina_finance
SSE,20040420,1,20040419,sina_finance
SSE,20040421,1,20040420,sina_finance
SSE,20040422,1,20040421,sina_finance
SSE,20040423,1,20040422,sina_finance
SSE,20040426,1,20040423,sina_finance
SSE,20040427,1,20040426,sina_finance
SSE,20040428,1,20040427,sina_finance
SSE,20040429,1,20040428,sina_finance
SSE,20040430,1,20040429,sina_finance
SSE,20040510,1,20040430,sina_finance
SSE,20040511,1,20040510,sina_finance
SSE,20040512,1,20040511,sina_finance
SSE,20040513,1,20040512,sina_finance
SSE,20040514,1,20040513,sina_finance
SSE,20040517,1,20040514,sina_finance
SSE,20040518,1,20040517,sina_finance
SSE,20040519,1,20040518,sina_finance
SSE,20040520,1,20040519,sina_finance
SSE,20040521,1,20040520,sina_finance
SSE,20040524,1,20040521,sina_finance
SSE,20040525,1,20040524,sina_finance
SSE,20040526,1,20040525,sina_finance
SSE,20040527,1,20040526,sina_finance
SSE,20040528,1,20040527,sina_finance
SSE,20040531,1,20040528,sina_finance
SSE,20040601,1,20040531,sina_finance
SSE,20040602,1,20040601,sina_finance
SSE,20040603,1,20040602,sina_finance
SSE,20040604,1,20040603,sina_finance
SSE,20040607,1,20040604,sina_finance
SSE,20040608,1,20040607,sina_finance
SSE,20040609,1,20040608,sina_finance
SSE,20040610,1,20040609,sina_finance
SSE,20040611,1,20040610,sina_finance
SSE,20040614,1,20040611,sina_finance
SSE,20040615,1,20040614,sina_finance
SSE,20040616,1,20040615,sina_finance
SSE,20040617,1,20040616,sina_finance
SSE,20040618,1,20040617,sina_finance
SSE,20040621,1,20040618,sina_finance
SSE,20040622,1,20040621,sina_finance
SSE,20040623,1,20040622,sina_finance
SSE,20040624,1,20040623,sina_finance
SSE,20040625,1,20040624,sina_finance
SSE,20040628,1,20040625,sina_finance
SSE,20040629,1,20040628,sina_finance
SSE,20040630,1,20040629,sina_finance
SSE,20040701,1,20040630,sina_finance
SSE,20040702,1,20040701,sina_finance
SSE,20040705,1,20040702,sina_finance
SSE,20040706,1,20040705,sina_finance
SSE,20040707,1,20040706,sina_finance
SSE,20040708,1,20040707,sina_finance
SSE,20040709,1,20040708,sina_finance
SSE,20040712,1,20040709,sina_finance
SSE,20040713,1,20040712,sina_finance
SSE,20040714,1,20040713,sina_finance
SSE,20040715,1,20040714,sina_finance
SSE,20040716,1,20040715,sina_finance
SSE,20040719,1,20040716,sina_finance
SSE,20040720,1,20040719,sina_finance
SSE,20040721,1,20040720,sina_finance
SSE,20040722,1,20040721,sina_finance
SSE,20040723,1,20040722,sina_finance
SSE,20040726,1,20040723,sina_finance
SSE,20040727,1,20040726,sina_finance
SSE,20040728,1,20040727,sina_finance
SSE,20040729,1,20040728,sina_finance
SSE,20040730,1,20040729,sina_finance
SSE,20040802,1,20040730,sina_finance
SSE,20040803,1,20040802,sina_finance
SSE,20040804,1,20040803,sina_finance
SSE,20040805,1,20040804,sina_finance
SSE,20040806,1,20040805,sina_finance
SSE,20040809,1,20040806,sina_finance
SSE,20040810,1,20040809,sina_finance
SSE,20040811,1,20040810,sina_finance
SSE,20040812,1,20040811,sina_finance
SSE,20040813,1,20040812,sina_finance
SSE,20040816,1,20040813,sina_finance
SSE,20040817,1,20040816,sina_finance
SSE,20040818,1,20040817,sina_finance
SSE,20040819,1,20040818,sina_finance
SSE,20040820,1,20040819,sina_finance
SSE,20040823,1,20040820,sina_finance
SSE,20040824,1,20040823,sina_finance
SSE,20040825,1,20040824,sina_finance
SSE,20040826,1,20040825,sina_finance
SSE,20040827,1,20040826,sina_finance
SSE,20040830,1,20040827,sina_finance
SSE,20040831,1,20040830,sina_finance
SSE,20040901,1,20040831,sina_finance
SSE,20040902,1,20040901,sina_finance
SSE,20040903,1,20040902,sina_finance
SSE,20040906,1,20040903,sina_finance
SSE,20040907,1,20040906,sina_finance
SSE,20040908,1,20040907,sina_finance
SSE,20040909,1,20040908,sina_finance
SSE,20040910,1,20040909,sina_finance
SSE,20040913,1,20040910,sina_finance
SSE,20040914,1,20040913,sina_finance
SSE,20040915,1,20040914,sina_finance
SSE,20040916,1,20040915,sina_finance
SSE,20040917,1,20040916,sina_finance
SSE,20040920,1,20040917,sina_finance
SSE,20040921,1,20040920,sina_finance
SSE,20040922,1,20040921,sina_finance
SSE,20040923,1,20040922,sina_finance
SSE,20040924,1,20040923,sina_finance
SSE,20040927,1,20040924,sina_finance
SSE,20040928,1,20040927,sina_finance
SSE,20040929,1,20040928,sina_finance
SSE,20040930,1,20040929,sina_finance
SSE,20041008,1,20040930,sina_finance
SSE,20041011,1,20041008,sina_finance
SSE,20041012,1,20041011,sina_finance
SSE,20041013,1,20041012,sina_finance
SSE,20041014,1,20041013,sina_finance
SSE,20041015,1,20041014,sina_finance
SSE,20041018,1,20041015,sina_finance
SSE,20041019,1,20041018,sina_finance
SSE,20041020,1,20041019,sina_finance
SSE,20041021,1,20041020,sina_finance
SSE,20041022,1,20041021,sina_finance
SSE,20041025,1,20041022,sina_finance
SSE,20041026,1,20041025,sina_finance
SSE,20041027,1,20041026,sina_finance
SSE,20041028,1,20041027,sina_finance
SSE,20041029,1,20041028,sina_finance
SSE,20041101,1,20041029,sina_finance
SSE,20041102,1,20041101,sina_finance
SSE,20041103,1,20041102,sina_finance
SSE,20041104,1,20041103,sina_finance
SSE,20041105,1,20041104,sina_finance
SSE,20041108,1,20041105,sina_finance
SSE,20041109,1,20041108,sina_finance
SSE,20041110,1,20041109,sina_finance
SSE,20041111,1,20041110,sina_finance
SSE,20041112,1,20041111,sina_finance
SSE,20041115,1,20041112,sina_finance
SSE,20041116,1,20041115,sina_finance
SSE,20041117,1,20041116,sina_finance
SSE,20041118,1,20041117,sina_finance
SSE,20041119,1,20041118,sina_finance
SSE,20041122,1,20041119,sina_finance
SSE,20041123,1,20041122,sina_finance
SSE,20041124,1,20041123,sina_finance
SSE,20041125,1,20041124,sina_finance
SSE,20041126,1,20041125,sina_finance
SSE,20041129,1,20041126,sina_finance
SSE,20041130,1,20041129,sina_finance
SSE,20041201,1,20041130,sina_finance
SSE,20041202,1,20041201,sina_finance
SSE,20041203,1,20041202,sina_finance
SSE,20041206,1,20041203,sina_finance
SSE,20041207,1,20041206,sina_finance
SSE,20041208,1,20041207,sina_finance
SSE,20041209,1,20041208,sina_finance
SSE,20041210,1,20041209,sina_finance
SSE,20041213,1,20041210,sina_finance
SSE,20041214,1,20041213,sina_finance
SSE,20041215,1,20041214,sina_finance
SSE,20041216,1,20041215,sina_finance
SSE,20041217,1,20041216,sina_finance
SSE,20041220,1,20041217,sina_finance
SSE,20041221,1,20041220,sina_finance
SSE,20041222,1,20041221,sina_finance
SSE,20041223,1,20041222,sina_finance
SSE,20041224,1,20041223,sina_finance
SSE,20041227,1,20041224,sina_finance
SSE,20041228,1,20041227,sina_finance
SSE,20041229,1,20041228,sina_finance
SSE,20041230,1,20041229,sina_finance
SSE,20041231,1,20041230,sina_finance
SSE,20050104,1,20041231,sina_finance
SSE,20050105,1,20050104,sina_finance
SSE,20050106,1,20050105,sina_finance
SSE,20050107,1,20050106,sina_finance
SSE,20050110,1,20050107,sina_finance
SSE,20050111,1,20050110,sina_finance
SSE,20050112,1,20050111,sina_finance
SSE,20050113,1,20050112,sina_finance
SSE,20050114,1,20050113,sina_finance
SSE,20050117,1,20050114,sina_finance
SSE,20050118,1,20050117,sina_finance
SSE,20050119,1,20050118,sina_finance
SSE,20050120,1,20050119,sina_finance
SSE,20050121,1,20050120,sina_finance
SSE,20050124,1,20050121,sina_finance
SSE,20050125,1,20050124,sina_finance
SSE,20050126,1,20050125,sina_finance
SSE,20050127,1,20050126,sina_finance
SSE,20050128,1,20050127,sina_finance
SSE,20050131,1,20050128,sina_finance
SSE,20050201,1,20050131,sina_finance
SSE,20050202,1,20050201,sina_finance
SSE,20050203,1,20050202,sina_finance
SSE,20050204,1,20050203,sina_finance
SSE,20050216,1,20050204,sina_finance
SSE,20050217,1,20050216,sina_finance
SSE,20050218,1,20050217,sina_finance
SSE,20050221,1,20050218,sina_finance
SSE,20050222,1,20050221,sina_finance
SSE,20050223,1,20050222,sina_finance
SSE,20050224,1,20050223,sina_finance
SSE,20050225,1,20050224,sina_finance
SSE,20050228,1,20050225,sina_finance
SSE,20050301,1,20050228,sina_finance
SSE,20050302,1,20050301,sina_finance
SSE,20050303,1,20050302,sina_finance
SSE,20050304,1,20050303,sina_finance
SSE,20050307,1,20050304,sina_finance
SSE,20050308,1,20050307,sina_finance
SSE,20050309,1,20050308,sina_finance
SSE,20050310,1,20050309,sina_finance
SSE,20050311,1,20050310,sina_finance
SSE,20050314,1,20050311,sina_finance
SSE,20050315,1,20050314,sina_finance
SSE,20050316,1,20050315,sina_finance
SSE,20050317,1,20050316,sina_finance
SSE,20050318,1,20050317,sina_finance
SSE,20050321,1,20050318,sina_finance
SSE,20050322,1,20050321,sina_finance
SSE,20050323,1,20050322,sina_finance
SSE,20050324,1,20050323,sina_finance
SSE,20050325,1,20050324,sina_finance
SSE,20050328,1,20050325,sina_finance
SSE,20050329,1,20050328,sina_finance
SSE,20050330,1,20050329,sina_finance
SSE,20050331,1,20050330,sina_finance
SSE,20050401,1,20050331,sina_finance
SSE,20050404,1,20050401,sina_finance
SSE,20050405,1,20050404,sina_finance
SSE,20050406,1,20050405,sina_finance
SSE,20050407,1,20050406,sina_finance
SSE,20050408,1,20050407,sina_finance
SSE,20050411,1,20050408,sina_finance
SSE,20050412,1,20050411,sina_finance
SSE,20050413,1,20050412,sina_finance
SSE,20050414,1,20050413,sina_finance
SSE,20050415,1,20050414,sina_finance
SSE,20050418,1,20050415,sina_finance
SSE,20050419,1,20050418,sina_finance
SSE,20050420,1,20050419,sina_finance
SSE,20050421,1,20050420,sina_finance
SSE,20050422,1,20050421,sina_finance
SSE,20050425,1,20050422,sina_finance
SSE,20050426,1,20050425,sina_finance
SSE,20050427,1,20050426,sina_finance
SSE,20050428,1,20050427,sina_finance
SSE,20050429,1,20050428,sina_finance
SSE,20050509,1,20050429,sina_finance
SSE,20050510,1,20050509,sina_finance
SSE,20050511,1,20050510,sina_finance
SSE,20050512,1,20050511,sina_finance
SSE,20050513,1,20050512,sina_finance
SSE,20050516,1,20050513,sina_finance
SSE,20050517,1,20050516,sina_finance
SSE,20050518,1,20050517,sina_finance
SSE,20050519,1,20050518,sina_finance
SSE,20050520,1,20050519,sina_finance
SSE,20050523,1,20050520,sina_finance
SSE,20050524,1,20050523,sina_finance
SSE,20050525,1,20050524,sina_finance
SSE,20050526,1,20050525,sina_finance
SSE,20050527,1,20050526,sina_finance
SSE,20050530,1,20050527,sina_finance
SSE,20050531,1,20050530,sina_finance
SSE,20050601,1,20050531,sina_finance
SSE,20050602,1,20050601,sina_finance
SSE,20050603,1,20050602,sina_finance
SSE,20050606,1,20050603,sina_finance
SSE,20050607,1,20050606,sina_finance
SSE,20050608,1,20050607,sina_finance
SSE,20050609,1,20050608,sina_finance
SSE,20050610,1,20050609,sina_finance
SSE,20050613,1,20050610,sina_finance
SSE,20050614,1,20050613,sina_finance
SSE,20050615,1,20050614,sina_finance
SSE,20050616,1,20050615,sina_finance
SSE,20050617,1,20050616,sina_finance
SSE,20050620,1,20050617,sina_finance
SSE,20050621,1,20050620,sina_finance
SSE,20050622,1,20050621,sina_finance
SSE,20050623,1,20050622,sina_finance
SSE,20050624,1,20050623,sina_finance
SSE,20050627,1,20050624,sina_finance
SSE,20050628,1,20050627,sina_finance
SSE,20050629,1,20050628,sina_finance
SSE,20050630,1,20050629,sina_finance
SSE,20050701,1,20050630,sina_finance
SSE,20050704,1,20050701,sina_finance
SSE,20050705,1,20050704,sina_finance
SSE,20050706,1,20050705,sina_finance
SSE,20050707,1,20050706,sina_finance
SSE,20050708,1,20050707,sina_finance
SSE,20050711,1,20050708,sina_finance
SSE,20050712,1,20050711,sina_finance
SSE,20050713,1,20050712,sina_finance
SSE,20050714,1,20050713,sina_finance
SSE,20050715,1,20050714,sina_finance
SSE,20050718,1,20050715,sina_finance
SSE,20050719,1,20050718,sina_finance
SSE,20050720,1,20050719,sina_finance
SSE,20050721,1,20050720,sina_finance
SSE,20050722,1,20050721,sina_finance
SSE,20050725,1,20050722,sina_finance
SSE,20050726,1,20050725,sina_finance
SSE,20050727,1,20050726,sina_finance
SSE,20050728,1,20050727,sina_finance
SSE,20050729,1,20050728,sina_finance
SSE,20050801,1,20050729,sina_finance
SSE,20050802,1,20050801,sina_finance
SSE,20050803,1,20050802,sina_finance
SSE,20050804,1,20050803,sina_finance
SSE,20050805,1,20050804,sina_finance
SSE,20050808,1,20050805,sina_finance
SSE,20050809,1,20050808,sina_finance
SSE,20050810,1,20050809,sina_finance
SSE,20050811,1,20050810,sina_finance
SSE,20050812,1,20050811,sina_finance
SSE,20050815,1,20050812,sina_finance
SSE,20050816,1,20050815,sina_finance
SSE,20050817,1,20050816,sina_finance
SSE,20050818,1,20050817,sina_finance
SSE,20050819,1,20050818,sina_finance
SSE,20050822,1,20050819,sina_finance
SSE,20050823,1,20050822,sina_finance
SSE,20050824,1,20050823,sina_finance
SSE,20050825,1,20050824,sina_finance
SSE,20050826,1,20050825,sina_finance
SSE,20050829,1,20050826,sina_finance
SSE,20050830,1,20050829,sina_finance
SSE,20050831,1,20050830,sina_finance
SSE,20050901,1,20050831,sina_finance
SSE,20050902,1,20050901,sina_finance
SSE,20050905,1,20050902,sina_finance
SSE,20050906,1,20050905,sina_finance
SSE,20050907,1,20050906,sina_finance
SSE,20050908,1,20050907,sina_finance
SSE,20050909,1,20050908,sina_finance
SSE,20050912,1,20050909,sina_finance
SSE,20050913,1,20050912,sina_finance
SSE,20050914,1,20050913,sina_finance
SSE,20050915,1,20050914,sina_finance
SSE,20050916,1,20050915,sina_finance
SSE,20050919,1,20050916,sina_finance
SSE,20050920,1,20050919,sina_finance
SSE,20050921,1,20050920,sina_finance
SSE,20050922,1,20050921,sina_finance
SSE,20050923,1,20050922,sina_finance
SSE,20050926,1,20050923,sina_finance
SSE,20050927,1,20050926,sina_finance
SSE,20050928,1,20050927,sina_finance
SSE,20050929,1,20050928,sina_finance
SSE,20050930,1,20050929,sina_finance
SSE,20051010,1,20050930,sina_finance
SSE,20051011,1,20051010,sina_finance
SSE,20051012,1,20051011,sina_finance
SSE,20051013,1,20051012,sina_finance
SSE,20051014,1,20051013,sina_finance
SSE,20051017,1,20051014,sina_finance
SSE,20051018,1,20051017,sina_finance
SSE,20051019,1,20051018,sina_finance
SSE,20051020,1,20051019,sina_finance
SSE,20051021,1,20051020,sina_finance
SSE,20051024,1,20051021,sina_finance
SSE,20051025,1,20051024,sina_finance
SSE,20051026,1,20051025,sina_finance
SSE,20051027,1,20051026,sina_finance
SSE,20051028,1,20051027,sina_finance
SSE,20051031,1,20051028,sina_finance
SSE,20051101,1,20051031,sina_finance
SSE,20051102,1,20051101,sina_finance
SSE,20051103,1,20051102,sina_finance
SSE,20051104,1,20051103,sina_finance
SSE,20051107,1,20051104,sina_finance
SSE,20051108,1,20051107,sina_finance
SSE,20051109,1,20051108,sina_finance
SSE,20051110,1,20051109,sina_finance
SSE,20051111,1,20051110,sina_finance
SSE,20051114,1,20051111,sina_finance
SSE,20051115,1,20051114,sina_finance
SSE,20051116,1,20051115,sina_finance
SSE,20051117,1,20051116,sina_finance
SSE,20051118,1,20051117,sina_finance
SSE,20051121,1,20051118,sina_finance
SSE,20051122,1,20051121,sina_finance
SSE,20051123,1,20051122,sina_finance
SSE,20051124,1,20051123,sina_finance
SSE,20051125,1,20051124,sina_finance
SSE,20051128,1,20051125,sina_finance
SSE,20051129,1,20051128,sina_finance
SSE,20051130,1,20051129,sina_finance
SSE,20051201,1,20051130,sina_finance
SSE,20051202,1,20051201,sina_finance
SSE,20051205,1,20051202,sina_finance
SSE,20051206,1,20051205,sina_finance
SSE,20051207,1,20051206,sina_finance
SSE,20051208,1,20051207,sina_finance
SSE,20051209,1,20051208,sina_finance
SSE,20051212,1,20051209,sina_finance
SSE,20051213,1,20051212,sina_finance
SSE,20051214,1,20051213,sina_finance
SSE,20051215,1,20051214,sina_finance
SSE,20051216,1,20051215,sina_finance
SSE,20051219,1,20051216,sina_finance
SSE,20051220,1,20051219,sina_finance
SSE,20051221,1,20051220,sina_finance
SSE,20051222,1,20051221,sina_finance
SSE,20051223,1,20051222,sina_finance
SSE,20051226,1,20051223,sina_finance
SSE,20051227,1,20051226,sina_finance
SSE,20051228,1,20051227,sina_finance
SSE,20051229,1,20051228,sina_finance
SSE,20051230,1,20051229,sina_finance
SSE,20060104,1,20051230,sina_finance
SSE,20060105,1,20060104,sina_finance
SSE,20060106,1,20060105,sina_finance
SSE,20060109,1,20060106,sina_finance
SSE,20060110,1,20060109,sina_finance
SSE,20060111,1,20060110,sina_finance
SSE,20060112,1,20060111,sina_finance
SSE,20060113,1,20060112,sina_finance
SSE,20060116,1,20060113,sina_finance
SSE,20060117,1,20060116,sina_finance
SSE,20060118,1,20060117,sina_finance
SSE,20060119,1,20060118,sina_finance
SSE,20060120,1,20060119,sina_finance
SSE,20060123,1,20060120,sina_finance
SSE,20060124,1,20060123,sina_finance
SSE,20060125,1,20060124,sina_finance
SSE,20060206,1,20060125,sina_finance
SSE,20060207,1,20060206,sina_finance
SSE,20060208,1,20060207,sina_finance
SSE,20060209,1,20060208,sina_finance
SSE,20060210,1,20060209,sina_finance
SSE,20060213,1,20060210,sina_finance
SSE,20060214,1,20060213,sina_finance
SSE,20060215,1,20060214,sina_finance
SSE,20060216,1,20060215,sina_finance
SSE,20060217,1,20060216,sina_finance
SSE,20060220,1,20060217,sina_finance
SSE,20060221,1,20060220,sina_finance
SSE,20060222,1,20060221,sina_finance
SSE,20060223,1,20060222,sina_finance
SSE,20060224,1,20060223,sina_finance
SSE,20060227,1,20060224,sina_finance
SSE,20060228,1,20060227,sina_finance
SSE,20060301,1,20060228,sina_finance
SSE,20060302,1,20060301,sina_finance
SSE,20060303,1,20060302,sina_finance
SSE,20060306,1,20060303,sina_finance
SSE,20060307,1,20060306,sina_finance
SSE,20060308,1,20060307,sina_finance
SSE,20060309,1,20060308,sina_finance
SSE,20060310,1,20060309,sina_finance
SSE,20060313,1,20060310,sina_finance
SSE,20060314,1,20060313,sina_finance
SSE,20060315,1,20060314,sina_finance
SSE,20060316,1,20060315,sina_finance
SSE,20060317,1,20060316,sina_finance
SSE,20060320,1,20060317,sina_finance
SSE,20060321,1,20060320,sina_finance
SSE,20060322,1,20060321,sina_finance
SSE,20060323,1,20060322,sina_finance
SSE,20060324,1,20060323,sina_finance
SSE,20060327,1,20060324,sina_finance
SSE,20060328,1,20060327,sina_finance
SSE,20060329,1,20060328,sina_finance
SSE,20060330,1,20060329,sina_finance
SSE,20060331,1,20060330,sina_finance
SSE,20060403,1,20060331,sina_finance
SSE,20060404,1,20060403,sina_finance
SSE,20060405,1,20060404,sina_finance
SSE,20060406,1,20060405,sina_finance
SSE,20060407,1,20060406,sina_finance
SSE,20060410,1,20060407,sina_finance
SSE,20060411,1,20060410,sina_finance
SSE,20060412,1,20060411,sina_finance
SSE,20060413,1,20060412,sina_finance
SSE,20060414,1,20060413,sina_finance
SSE,20060417,1,20060414,sina_finance
SSE,20060418,1,20060417,sina_finance
SSE,20060419,1,20060418,sina_finance
SSE,20060420,1,20060419,sina_finance
SSE,20060421,1,20060420,sina_finance
SSE,20060424,1,20060421,sina_finance
SSE,20060425,1,20060424,sina_finance
SSE,20060426,1,20060425,sina_finance
SSE,20060427,1,20060426,sina_finance
SSE,20060428,1,20060427,sina_finance
SSE,20060508,1,20060428,sina_finance
SSE,20060509,1,20060508,sina_finance
SSE,20060510,1,20060509,sina_finance
SSE,20060511,1,20060510,sina_finance
SSE,20060512,1,20060511,sina_finance
SSE,20060515,1,20060512,sina_finance
SSE,20060516,1,20060515,sina_finance
SSE,20060517,1,20060516,sina_finance
SSE,20060518,1,20060517,sina_finance
SSE,20060519,1,20060518,sina_finance
SSE,20060522,1,20060519,sina_finance
SSE,20060523,1,20060522,sina_finance
SSE,20060524,1,20060523,sina_finance
SSE,20060525,1,20060524,sina_finance
SSE,20060526,1,20060525,sina_finance
SSE,20060529,1,20060526,sina_finance
SSE,20060530,1,20060529,sina_finance
SSE,20060531,1,20060530,sina_finance
SSE,20060601,1,20060531,sina_finance
SSE,20060602,1,20060601,sina_finance
SSE,20060605,1,20060602,sina_finance
SSE,20060606,1,20060605,sina_finance
SSE,20060607,1,20060606,sina_finance
SSE,20060608,1,20060607,sina_finance
SSE,20060609,1,20060608,sina_finance
SSE,20060612,1,20060609,sina_finance
SSE,20060613,1,20060612,sina_finance
SSE,20060614,1,20060613,sina_finance
SSE,20060615,1,20060614,sina_finance
SSE,20060616,1,20060615,sina_finance
SSE,20060619,1,20060616,sina_finance
SSE,20060620,1,20060619,sina_finance
SSE,20060621,1,20060620,sina_finance
SSE,20060622,1,20060621,sina_finance
SSE,20060623,1,20060622,sina_finance
SSE,20060626,1,20060623,sina_finance
SSE,20060627,1,20060626,sina_finance
SSE,20060628,1,20060627,sina_finance
SSE,20060629,1,20060628,sina_finance
SSE,20060630,1,20060629,sina_finance
SSE,20060703,1,20060630,sina_finance
SSE,20060704,1,20060703,sina_finance
SSE,20060705,1,20060704,sina_finance
SSE,20060706,1,20060705,sina_finance
SSE,20060707,1,20060706,sina_finance
SSE,20060710,1,20060707,sina_finance
SSE,20060711,1,20060710,sina_finance
SSE,20060712,1,20060711,sina_finance
SSE,20060713,1,20060712,sina_finance
SSE,20060714,1,20060713,sina_finance
SSE,20060717,1,20060714,sina_finance
SSE,20060718,1,20060717,sina_finance
SSE,20060719,1,20060718,sina_finance
SSE,20060720,1,20060719,sina_finance
SSE,20060721,1,20060720,sina_finance
SSE,20060724,1,20060721,sina_finance
SSE,20060725,1,20060724,sina_finance
SSE,20060726,1,20060725,sina_finance
SSE,20060727,1,20060726,sina_finance
SSE,20060728,1,20060727,sina_finance
SSE,20060731,1,20060728,sina_finance
SSE,20060801,1,20060731,sina_finance
SSE,20060802,1,20060801,sina_finance
SSE,20060803,1,20060802,sina_finance
SSE,20060804,1,20060803,sina_finance
SSE,20060807,1,20060804,sina_finance
SSE,20060808,1,20060807,sina_finance
SSE,20060809,1,20060808,sina_finance
SSE,20060810,1,20060809,sina_finance
SSE,20060811,1,20060810,sina_finance
SSE,20060814,1,20060811,sina_finance
SSE,20060815,1,20060814,sina_finance
SSE,20060816,1,20060815,sina_finance
SSE,20060817,1,20060816,sina_finance
SSE,20060818,1,20060817,sina_finance
SSE,20060821,1,20060818,sina_finance
SSE,20060822,1,20060821,sina_finance
SSE,20060823,1,20060822,sina_finance
SSE,20060824,1,20060823,sina_finance
SSE,20060825,1,20060824,sina_finance
SSE,20060828,1,20060825,sina_finance
SSE,20060829,1,20060828,sina_finance
SSE,20060830,1,20060829,sina_finance
SSE,20060831,1,20060830,sina_finance
SSE,20060901,1,20060831,sina_finance
SSE,20060904,1,20060901,sina_finance
SSE,20060905,1,20060904,sina_finance
SSE,20060906,1,20060905,sina_finance
SSE,20060907,1,20060906,sina_finance
SSE,20060908,1,20060907,sina_finance
SSE,20060911,1,20060908,sina_finance
SSE,20060912,1,20060911,sina_finance
SSE,20060913,1,20060912,sina_finance
SSE,20060914,1,20060913,sina_finance
SSE,20060915,1,20060914,sina_finance
SSE,20060918,1,20060915,sina_finance
SSE,20060919,1,20060918,sina_finance
SSE,20060920,1,20060919,sina_finance
SSE,20060921,1,20060920,sina_finance
SSE,20060922,1,20060921,sina_finance
SSE,20060925,1,20060922,sina_finance
SSE,20060926,1,20060925,sina_finance
SSE,20060927,1,20060926,sina_finance
SSE,20060928,1,20060927,sina_finance
SSE,20060929,1,20060928,sina_finance
SSE,20061009,1,20060929,sina_finance
SSE,20061010,1,20061009,sina_finance
SSE,20061011,1,20061010,sina_finance
SSE,20061012,1,20061011,sina_finance
SSE,20061013,1,20061012,sina_finance
SSE,20061016,1,20061013,sina_finance
SSE,20061017,1,20061016,sina_finance
SSE,20061018,1,20061017,sina_finance
SSE,20061019,1,20061018,sina_finance
SSE,20061020,1,20061019,sina_finance
SSE,20061023,1,20061020,sina_finance
SSE,20061024,1,20061023,sina_finance
SSE,20061025,1,20061024,sina_finance
SSE,20061026,1,20061025,sina_finance
SSE,20061027,1,20061026,sina_finance
SSE,20061030,1,20061027,sina_finance
SSE,20061031,1,20061030,sina_finance
SSE,20061101,1,20061031,sina_finance
SSE,20061102,1,20061101,sina_finance
SSE,20061103,1,20061102,sina_finance
SSE,20061106,1,20061103,sina_finance
SSE,20061107,1,20061106,sina_finance
SSE,20061108,1,20061107,sina_finance
SSE,20061109,1,20061108,sina_finance
SSE,20061110,1,20061109,sina_finance
SSE,20061113,1,20061110,sina_finance
SSE,20061114,1,20061113,sina_finance
SSE,20061115,1,20061114,sina_finance
SSE,20061116,1,20061115,sina_finance
SSE,20061117,1,20061116,sina_finance
SSE,20061120,1,20061117,sina_finance
SSE,20061121,1,20061120,sina_finance
SSE,20061122,1,20061121,sina_finance
SSE,20061123,1,20061122,sina_finance
SSE,20061124,1,20061123,sina_finance
SSE,20061127,1,20061124,sina_finance
SSE,20061128,1,20061127,sina_finance
SSE,20061129,1,20061128,sina_finance
SSE,20061130,1,20061129,sina_finance
SSE,20061201,1,20061130,sina_finance
SSE,20061204,1,20061201,sina_finance
SSE,20061205,1,20061204,sina_finance
SSE,20061206,1,20061205,sina_finance
SSE,20061207,1,20061206,sina_finance
SSE,20061208,1,20061207,sina_finance
SSE,20061211,1,20061208,sina_finance
SSE,20061212,1,20061211,sina_finance
SSE,20061213,1,20061212,sina_finance
SSE,20061214,1,20061213,sina_finance
SSE,20061215,1,20061214,sina_finance
SSE,20061218,1,20061215,sina_finance
SSE,20061219,1,20061218,sina_finance
SSE,20061220,1,20061219,sina_finance
SSE,20061221,1,20061220,sina_finance
SSE,20061222,1,20061221,sina_finance
SSE,20061225,1,20061222,sina_finance
SSE,20061226,1,20061225,sina_finance
SSE,20061227,1,20061226,sina_finance
SSE,20061228,1,20061227,sina_finance
SSE,20061229,1,20061228,sina_finance
SSE,20070104,1,20061229,sina_finance
SSE,20070105,1,20070104,sina_finance
SSE,20070108,1,20070105,sina_finance
SSE,20070109,1,20070108,sina_finance
SSE,20070110,1,20070109,sina_finance
SSE,20070111,1,20070110,sina_finance
SSE,20070112,1,20070111,sina_finance
SSE,20070115,1,20070112,sina_finance
SSE,20070116,1,20070115,sina_finance
SSE,20070117,1,20070116,sina_finance
SSE,20070118,1,20070117,sina_finance
SSE,20070119,1,20070118,sina_finance
SSE,20070122,1,20070119,sina_finance
SSE,20070123,1,20070122,sina_finance
SSE,20070124,1,20070123,sina_finance
SSE,20070125,1,20070124,sina_finance
SSE,20070126,1,20070125,sina_finance
SSE,20070129,1,20070126,sina_finance
SSE,20070130,1,20070129,sina_finance
SSE,20070131,1,20070130,sina_finance
SSE,20070201,1,20070131,sina_finance
SSE,20070202,1,20070201,sina_finance
SSE,20070205,1,20070202,sina_finance
SSE,20070206,1,20070205,sina_finance
SSE,20070207,1,20070206,sina_finance
SSE,20070208,1,20070207,sina_finance
SSE,20070209,1,20070208,sina_finance
SSE,20070212,1,20070209,sina_finance
SSE,20070213,1,20070212,sina_finance
SSE,20070214,1,20070213,sina_finance
SSE,20070215,1,20070214,sina_finance
SSE,20070216,1,20070215,sina_finance
SSE,20070226,1,20070216,sina_finance
SSE,20070227,1,20070226,sina_finance
SSE,20070228,1,20070227,sina_finance
SSE,20070301,1,20070228,sina_finance
SSE,20070302,1,20070301,sina_finance
SSE,20070305,1,20070302,sina_finance
SSE,20070306,1,20070305,sina_finance
SSE,20070307,1,20070306,sina_finance
SSE,20070308,1,20070307,sina_finance
SSE,20070309,1,20070308,sina_finance
SSE,20070312,1,20070309,sina_finance
SSE,20070313,1,20070312,sina_finance
SSE,20070314,1,20070313,sina_finance
SSE,20070315,1,20070314,sina_finance
SSE,20070316,1,20070315,sina_finance
SSE,20070319,1,20070316,sina_finance
SSE,20070320,1,20070319,sina_finance
SSE,20070321,1,20070320,sina_finance
SSE,20070322,1,20070321,sina_finance
SSE,20070323,1,20070322,sina_finance
SSE,20070326,1,20070323,sina_finance
SSE,20070327,1,20070326,sina_finance
SSE,20070328,1,20070327,sina_finance
SSE,20070329,1,20070328,sina_finance
SSE,20070330,1,20070329,sina_finance
SSE,20070402,1,20070330,sina_finance
SSE,20070403,1,20070402,sina_finance
SSE,20070404,1,20070403,sina_finance
SSE,20070405,1,20070404,sina_finance
SSE,20070406,1,20070405,sina_finance
SSE,20070409,1,20070406,sina_finance
SSE,20070410,1,20070409,sina_finance
SSE,20070411,1,20070410,sina_finance
SSE,20070412,1,20070411,sina_finance
SSE,20070413,1,20070412,sina_finance
SSE,20070416,1,20070413,sina_finance
SSE,20070417,1,20070416,sina_finance
SSE,20070418,1,20070417,sina_finance
SSE,20070419,1,20070418,sina_finance
SSE,20070420,1,20070419,sina_finance
SSE,20070423,1,20070420,sina_finance
SSE,20070424,1,20070423,sina_finance
SSE,20070425,1,20070424,sina_finance
SSE,20070426,1,20070425,sina_finance
SSE,20070427,1,20070426,sina_finance
SSE,20070430,1,20070427,sina_finance
SSE,20070508,1,20070430,sina_finance
SSE,20070509,1,20070508,sina_finance
SSE,20070510,1,20070509,sina_finance
SSE,20070511,1,20070510,sina_finance
SSE,20070514,1,20070511,sina_finance
SSE,20070515,1,20070514,sina_finance
SSE,20070516,1,20070515,sina_finance
SSE,20070517,1,20070516,sina_finance
SSE,20070518,1,20070517,sina_finance
SSE,20070521,1,20070518,sina_finance
SSE,20070522,1,20070521,sina_finance
SSE,20070523,1,20070522,sina_finance
SSE,20070524,1,20070523,sina_finance
SSE,20070525,1,20070524,sina_finance
SSE,20070528,1,20070525,sina_finance
SSE,20070529,1,20070528,sina_finance
SSE,20070530,1,20070529,sina_finance
SSE,20070531,1,20070530,sina_finance
SSE,20070601,1,20070531,sina_finance
SSE,20070604,1,20070601,sina_finance
SSE,20070605,1,20070604,sina_finance
SSE,20070606,1,20070605,sina_finance
SSE,20070607,1,20070606,sina_finance
SSE,20070608,1,20070607,sina_finance
SSE,20070611,1,20070608,sina_finance
SSE,20070612,1,20070611,sina_finance
SSE,20070613,1,20070612,sina_finance
SSE,20070614,1,20070613,sina_finance
SSE,20070615,1,20070614,sina_finance
SSE,20070618,1,20070615,sina_finance
SSE,20070619,1,20070618,sina_finance
SSE,20070620,1,20070619,sina_finance
SSE,20070621,1,20070620,sina_finance
SSE,20070622,1,20070621,sina_finance
SSE,20070625,1,20070622,sina_finance
SSE,20070626,1,20070625,sina_finance
SSE,20070627,1,20070626,sina_finance
SSE,20070628,1,20070627,sina_finance
SSE,20070629,1,20070628,sina_finance
SSE,20070702,1,20070629,sina_finance
SSE,20070703,1,20070702,sina_finance
SSE,20070704,1,20070703,sina_finance
SSE,20070705,1,20070704,sina_finance
SSE,20070706,1,20070705,sina_finance
SSE,20070709,1,20070706,sina_finance
SSE,20070710,1,20070709,sina_finance
SSE,20070711,1,20070710,sina_finance
SSE,20070712,1,20070711,sina_finance
SSE,20070713,1,20070712,sina_finance
SSE,20070716,1,20070713,sina_finance
SSE,20070717,1,20070716,sina_finance
SSE,20070718,1,20070717,sina_finance
SSE,20070719,1,20070718,sina_finance
SSE,20070720,1,20070719,sina_finance
SSE,20070723,1,20070720,sina_finance
SSE,20070724,1,20070723,sina_finance
SSE,20070725,1,20070724,sina_finance
SSE,20070726,1,20070725,sina_finance
SSE,20070727,1,20070726,sina_finance
SSE,20070730,1,20070727,sina_finance
SSE,20070731,1,20070730,sina_finance
SSE,20070801,1,20070731,sina_finance
SSE,20070802,1,20070801,sina_finance
SSE,20070803,1,20070802,sina_finance
SSE,20070806,1,20070803,sina_finance
SSE,20070807,1,20070806,sina_finance
SSE,20070808,1,20070807,sina_finance
SSE,20070809,1,20070808,sina_finance
SSE,20070810,1,20070809,sina_finance
SSE,20070813,1,20070810,sina_finance
SSE,20070814,1,20070813,sina_finance
SSE,20070815,1,20070814,sina_finance
SSE,20070816,1,20070815,sina_finance
SSE,20070817,1,20070816,sina_finance
SSE,20070820,1,20070817,sina_finance
SSE,20070821,1,20070820,sina_finance
SSE,20070822,1,20070821,sina_finance
SSE,20070823,1,20070822,sina_finance
SSE,20070824,1,20070823,sina_finance
SSE,20070827,1,20070824,sina_finance
SSE,20070828,1,20070827,sina_finance
SSE,20070829,1,20070828,sina_finance
SSE,20070830,1,20070829,sina_finance
SSE,20070831,1,20070830,sina_finance
SSE,20070903,1,20070831,sina_finance
SSE,20070904,1,20070903,sina_finance
SSE,20070905,1,20070904,sina_finance
SSE,20070906,1,20070905,sina_finance
SSE,20070907,1,20070906,sina_finance
SSE,20070910,1,20070907,sina_finance
SSE,20070911,1,20070910,sina_finance
SSE,20070912,1,20070911,sina_finance
SSE,20070913,1,20070912,sina_finance
SSE,20070914,1,20070913,sina_finance
SSE,20070917,1,20070914,sina_finance
SSE,20070918,1,20070917,sina_finance
SSE,20070919,1,20070918,sina_finance
SSE,20070920,1,20070919,sina_finance
SSE,20070921,1,20070920,sina_finance
SSE,20070924,1,20070921,sina_finance
SSE,20070925,1,20070924,sina_finance
SSE,20070926,1,20070925,sina_finance
SSE,20070927,1,20070926,sina_finance
SSE,20070928,1,20070927,sina_finance
SSE,20071008,1,20070928,sina_finance
SSE,20071009,1,20071008,sina_finance
SSE,20071010,1,20071009,sina_finance
SSE,20071011,1,20071010,sina_finance
SSE,20071012,1,20071011,sina_finance
SSE,20071015,1,20071012,sina_finance
SSE,20071016,1,20071015,sina_finance
SSE,20071017,1,20071016,sina_finance
SSE,20071018,1,20071017,sina_finance
SSE,20071019,1,20071018,sina_finance
SSE,20071022,1,20071019,sina_finance
SSE,20071023,1,20071022,sina_finance
SSE,20071024,1,20071023,sina_finance
SSE,20071025,1,20071024,sina_finance
SSE,20071026,1,20071025,sina_finance
SSE,20071029,1,20071026,sina_finance
SSE,20071030,1,20071029,sina_finance
SSE,20071031,1,20071030,sina_finance
SSE,20071101,1,20071031,sina_finance
SSE,20071102,1,20071101,sina_finance
SSE,20071105,1,20071102,sina_finance
SSE,20071106,1,20071105,sina_finance
SSE,20071107,1,20071106,sina_finance
SSE,20071108,1,20071107,sina_finance
SSE,20071109,1,20071108,sina_finance
SSE,20071112,1,20071109,sina_finance
SSE,20071113,1,20071112,sina_finance
SSE,20071114,1,20071113,sina_finance
SSE,20071115,1,20071114,sina_finance
SSE,20071116,1,20071115,sina_finance
SSE,20071119,1,20071116,sina_finance
SSE,20071120,1,20071119,sina_finance
SSE,20071121,1,20071120,sina_finance
SSE,20071122,1,20071121,sina_finance
SSE,20071123,1,20071122,sina_finance
SSE,20071126,1,20071123,sina_finance
SSE,20071127,1,20071126,sina_finance
SSE,20071128,1,20071127,sina_finance
SSE,20071129,1,20071128,sina_finance
SSE,20071130,1,20071129,sina_finance
SSE,20071203,1,20071130,sina_finance
SSE,20071204,1,20071203,sina_finance
SSE,20071205,1,20071204,sina_finance
SSE,20071206,1,20071205,sina_finance
SSE,20071207,1,20071206,sina_finance
SSE,20071210,1,20071207,sina_finance
SSE,20071211,1,20071210,sina_finance
SSE,20071212,1,20071211,sina_finance
SSE,20071213,1,20071212,sina_finance
SSE,20071214,1,20071213,sina_finance
SSE,20071217,1,20071214,sina_finance
SSE,20071218,1,20071217,sina_finance
SSE,20071219,1,20071218,sina_finance
SSE,20071220,1,20071219,sina_finance
SSE,20071221,1,20071220,sina_finance
SSE,20071224,1,20071221,sina_finance
SSE,20071225,1,20071224,sina_finance
SSE,20071226,1,20071225,sina_finance
SSE,20071227,1,20071226,sina_finance
SSE,20071228,1,20071227,sina_finance
SSE,20080102,1,20071228,sina_finance
SSE,20080103,1,20080102,sina_finance
SSE,20080104,1,20080103,sina_finance
SSE,20080107,1,20080104,sina_finance
SSE,20080108,1,20080107,sina_finance
SSE,20080109,1,20080108,sina_finance
SSE,20080110,1,20080109,sina_finance
SSE,20080111,1,20080110,sina_finance
SSE,20080114,1,20080111,sina_finance
SSE,20080115,1,20080114,sina_finance
SSE,20080116,1,20080115,sina_finance
SSE,20080117,1,20080116,sina_finance
SSE,20080118,1,20080117,sina_finance
SSE,20080121,1,20080118,sina_finance
SSE,20080122,1,20080121,sina_finance
SSE,20080123,1,20080122,sina_finance
SSE,20080124,1,20080123,sina_finance
SSE,20080125,1,20080124,sina_finance
SSE,20080128,1,20080125,sina_finance
SSE,20080129,1,20080128,sina_finance
SSE,20080130,1,20080129,sina_finance
SSE,20080131,1,20080130,sina_finance
SSE,20080201,1,20080131,sina_finance
SSE,20080204,1,20080201,sina_finance
SSE,20080205,1,20080204,sina_finance
SSE,20080213,1,20080205,sina_finance
SSE,20080214,1,20080213,sina_finance
SSE,20080215,1,20080214,sina_finance
SSE,20080218,1,20080215,sina_finance
SSE,20080219,1,20080218,sina_finance
SSE,20080220,1,20080219,sina_finance
SSE,20080221,1,20080220,sina_finance
SSE,20080222,1,20080221,sina_finance
SSE,20080225,1,20080222,sina_finance
SSE,20080226,1,20080225,sina_finance
SSE,20080227,1,20080226,sina_finance
SSE,20080228,1,20080227,sina_finance
SSE,20080229,1,20080228,sina_finance
SSE,20080303,1,20080229,sina_finance
SSE,20080304,1,20080303,sina_finance
SSE,20080305,1,20080304,sina_finance
SSE,20080306,1,20080305,sina_finance
SSE,20080307,1,20080306,sina_finance
SSE,20080310,1,20080307,sina_finance
SSE,20080311,1,20080310,sina_finance
SSE,20080312,1,20080311,sina_finance
SSE,20080313,1,20080312,sina_finance
SSE,20080314,1,20080313,sina_finance
SSE,20080317,1,20080314,sina_finance
SSE,20080318,1,20080317,sina_finance
SSE,20080319,1,20080318,sina_finance
SSE,20080320,1,20080319,sina_finance
SSE,20080321,1,20080320,sina_finance
SSE,20080324,1,20080321,sina_finance
SSE,20080325,1,20080324,sina_finance
SSE,20080326,1,20080325,sina_finance
SSE,20080327,1,20080326,sina_finance
SSE,20080328,1,20080327,sina_finance
SSE,20080331,1,20080328,sina_finance
SSE,20080401,1,20080331,sina_finance
SSE,20080402,1,20080401,sina_finance
SSE,20080403,1,20080402,sina_finance
SSE,20080407,1,20080403,sina_finance
SSE,20080408,1,20080407,sina_finance
SSE,20080409,1,20080408,sina_finance
SSE,20080410,1,20080409,sina_finance
SSE,20080411,1,20080410,sina_finance
SSE,20080414,1,20080411,sina_finance
SSE,20080415,1,20080414,sina_finance
SSE,20080416,1,20080415,sina_finance
SSE,20080417,1,20080416,sina_finance
SSE,20080418,1,20080417,sina_finance
SSE,20080421,1,20080418,sina_finance
SSE,20080422,1,20080421,sina_finance
SSE,20080423,1,20080422,sina_finance
SSE,20080424,1,20080423,sina_finance
SSE,20080425,1,20080424,sina_finance
SSE,20080428,1,20080425,sina_finance
SSE,20080429,1,20080428,sina_finance
SSE,20080430,1,20080429,sina_finance
SSE,20080505,1,20080430,sina_finance
SSE,20080506,1,20080505,sina_finance
SSE,20080507,1,20080506,sina_finance
SSE,20080508,1,20080507,sina_finance
SSE,20080509,1,20080508,sina_finance
SSE,20080512,1,20080509,sina_finance
SSE,20080513,1,20080512,sina_finance
SSE,20080514,1,20080513,sina_finance
SSE,20080515,1,20080514,sina_finance
SSE,20080516,1,20080515,sina_finance
SSE,20080519,1,20080516,sina_finance
SSE,20080520,1,20080519,sina_finance
SSE,20080521,1,20080520,sina_finance
SSE,20080522,1,20080521,sina_finance
SSE,20080523,1,20080522,sina_finance
SSE,20080526,1,20080523,sina_finance
SSE,20080527,1,20080526,sina_finance
SSE,20080528,1,20080527,sina_finance
SSE,20080529,1,20080528,sina_finance
SSE,20080530,1,20080529,sina_finance
SSE,20080602,1,20080530,sina_finance
SSE,20080603,1,20080602,sina_finance
SSE,20080604,1,20080603,sina_finance
SSE,20080605,1,20080604,sina_finance
SSE,20080606,1,20080605,sina_finance
SSE,20080610,1,20080606,sina_finance
SSE,20080611,1,20080610,sina_finance
SSE,20080612,1,20080611,sina_finance
SSE,20080613,1,20080612,sina_finance
SSE,20080616,1,20080613,sina_finance
SSE,20080617,1,20080616,sina_finance
SSE,20080618,1,20080617,sina_finance
SSE,20080619,1,20080618,sina_finance
SSE,20080620,1,20080619,sina_finance
SSE,20080623,1,20080620,sina_finance
SSE,20080624,1,20080623,sina_finance
SSE,20080625,1,20080624,sina_finance
SSE,20080626,1,20080625,sina_finance
SSE,20080627,1,20080626,sina_finance
SSE,20080630,1,20080627,sina_finance
SSE,20080701,1,20080630,sina_finance
SSE,20080702,1,20080701,sina_finance
SSE,20080703,1,20080702,sina_finance
SSE,20080704,1,20080703,sina_finance
SSE,20080707,1,20080704,sina_finance
SSE,20080708,1,20080707,sina_finance
SSE,20080709,1,20080708,sina_finance
SSE,20080710,1,20080709,sina_finance
SSE,20080711,1,20080710,sina_finance
SSE,20080714,1,20080711,sina_finance
SSE,20080715,1,20080714,sina_finance
SSE,20080716,1,20080715,sina_finance
SSE,20080717,1,20080716,sina_finance
SSE,20080718,1,20080717,sina_finance
SSE,20080721,1,20080718,sina_finance
SSE,20080722,1,20080721,sina_finance
SSE,20080723,1,20080722,sina_finance
SSE,20080724,1,20080723,sina_finance
SSE,20080725,1,20080724,sina_finance
SSE,20080728,1,20080725,sina_finance
SSE,20080729,1,20080728,sina_finance
SSE,20080730,1,20080729,sina_finance
SSE,20080731,1,20080730,sina_finance
SSE,20080801,1,20080731,sina_finance
SSE,20080804,1,20080801,sina_finance
SSE,20080805,1,20080804,sina_finance
SSE,20080806,1,20080805,sina_finance
SSE,20080807,1,20080806,sina_finance
SSE,20080808,1,20080807,sina_finance
SSE,20080811,1,20080808,sina_finance
SSE,20080812,1,20080811,sina_finance
SSE,20080813,1,20080812,sina_finance
SSE,20080814,1,20080813,sina_finance
SSE,20080815,1,20080814,sina_finance
SSE,20080818,1,20080815,sina_finance
SSE,20080819,1,20080818,sina_finance
SSE,20080820,1,20080819,sina_finance
SSE,20080821,1,20080820,sina_finance
SSE,20080822,1,20080821,sina_finance
SSE,20080825,1,20080822,sina_finance
SSE,20080826,1,20080825,sina_finance
SSE,20080827,1,20080826,sina_finance
SSE,20080828,1,20080827,sina_finance
SSE,20080829,1,20080828,sina_finance
SSE,20080901,1,20080829,sina_finance
SSE,20080902,1,20080901,sina_finance
SSE,20080903,1,20080902,sina_finance
SSE,20080904,1,20080903,sina_finance
SSE,20080905,1,20080904,sina_finance
SSE,20080908,1,20080905,sina_finance
SSE,20080909,1,20080908,sina_finance
SSE,20080910,1,20080909,sina_finance
SSE,20080911,1,20080910,sina_finance
SSE,20080912,1,20080911,sina_finance
SSE,20080916,1,20080912,sina_finance
SSE,20080917,1,20080916,sina_finance
SSE,20080918,1,20080917,sina_finance
SSE,20080919,1,20080918,sina_finance
SSE,20080922,1,20080919,sina_finance
SSE,20080923,1,20080922,sina_finance
SSE,20080924,1,20080923,sina_finance
SSE,20080925,1,20080924,sina_finance
SSE,20080926,1,20080925,sina_finance
SSE,20081006,1,20080926,sina_finance
SSE,20081007,1,20081006,sina_finance
SSE,20081008,1,20081007,sina_finance
SSE,20081009,1,20081008,sina_finance
SSE,20081010,1,20081009,sina_finance
SSE,20081013,1,20081010,sina_finance
SSE,20081014,1,20081013,sina_finance
SSE,20081015,1,20081014,sina_finance
SSE,20081016,1,20081015,sina_finance
SSE,20081017,1,20081016,sina_finance
SSE,20081020,1,20081017,sina_finance
SSE,20081021,1,20081020,sina_finance
SSE,20081022,1,20081021,sina_finance
SSE,20081023,1,20081022,sina_finance
SSE,20081024,1,20081023,sina_finance
SSE,20081027,1,20081024,sina_finance
SSE,20081028,1,20081027,sina_finance
SSE,20081029,1,20081028,sina_finance
SSE,20081030,1,20081029,sina_finance
SSE,20081031,1,20081030,sina_finance
SSE,20081103,1,20081031,sina_finance
SSE,20081104,1,20081103,sina_finance
SSE,20081105,1,20081104,sina_finance
SSE,20081106,1,20081105,sina_finance
SSE,20081107,1,20081106,sina_finance
SSE,20081110,1,20081107,sina_finance
SSE,20081111,1,20081110,sina_finance
SSE,20081112,1,20081111,sina_finance
SSE,20081113,1,20081112,sina_finance
SSE,20081114,1,20081113,sina_finance
SSE,20081117,1,20081114,sina_finance
SSE,20081118,1,20081117,sina_finance
SSE,20081119,1,20081118,sina_finance
SSE,20081120,1,20081119,sina_finance
SSE,20081121,1,20081120,sina_finance
SSE,20081124,1,20081121,sina_finance
SSE,20081125,1,20081124,sina_finance
SSE,20081126,1,20081125,sina_finance
SSE,20081127,1,20081126,sina_finance
SSE,20081128,1,20081127,sina_finance
SSE,20081201,1,20081128,sina_finance
SSE,20081202,1,20081201,sina_finance
SSE,20081203,1,20081202,sina_finance
SSE,20081204,1,20081203,sina_finance
SSE,20081205,1,20081204,sina_finance
SSE,20081208,1,20081205,sina_finance
SSE,20081209,1,20081208,sina_finance
SSE,20081210,1,20081209,sina_finance
SSE,20081211,1,20081210,sina_finance
SSE,20081212,1,20081211,sina_finance
SSE,20081215,1,20081212,sina_finance
SSE,20081216,1,20081215,sina_finance
SSE,20081217,1,20081216,sina_finance
SSE,20081218,1,20081217,sina_finance
SSE,20081219,1,20081218,sina_finance
SSE,20081222,1,20081219,sina_finance
SSE,20081223,1,20081222,sina_finance
SSE,20081224,1,20081223,sina_finance
SSE,20081225,1,20081224,sina_finance
SSE,20081226,1,20081225,sina_finance
SSE,20081229,1,20081226,sina_finance
SSE,20081230,1,20081229,sina_finance
SSE,20081231,1,20081230,sina_finance
SSE,20090105,1,20081231,sina_finance
SSE,20090106,1,20090105,sina_finance
SSE,20090107,1,20090106,sina_finance
SSE,20090108,1,20090107,sina_finance
SSE,20090109,1,20090108,sina_finance
SSE,20090112,1,20090109,sina_finance
SSE,20090113,1,20090112,sina_finance
SSE,20090114,1,20090113,sina_finance
SSE,20090115,1,20090114,sina_finance
SSE,20090116,1,20090115,sina_finance
SSE,20090119,1,20090116,sina_finance
SSE,20090120,1,20090119,sina_finance
SSE,20090121,1,20090120,sina_finance
SSE,20090122,1,20090121,sina_finance
SSE,20090123,1,20090122,sina_finance
SSE,20090202,1,20090123,sina_finance
SSE,20090203,1,20090202,sina_finance
SSE,20090204,1,20090203,sina_finance
SSE,20090205,1,20090204,sina_finance
SSE,20090206,1,20090205,sina_finance
SSE,20090209,1,20090206,sina_finance
SSE,20090210,1,20090209,sina_finance
SSE,20090211,1,20090210,sina_finance
SSE,20090212,1,20090211,sina_finance
SSE,20090213,1,20090212,sina_finance
SSE,20090216,1,20090213,sina_finance
SSE,20090217,1,20090216,sina_finance
SSE,20090218,1,20090217,sina_finance
SSE,20090219,1,20090218,sina_finance
SSE,20090220,1,20090219,sina_finance
SSE,20090223,1,20090220,sina_finance
SSE,20090224,1,20090223,sina_finance
SSE,20090225,1,20090224,sina_finance
SSE,20090226,1,20090225,sina_finance
SSE,20090227,1,20090226,sina_finance
SSE,20090302,1,20090227,sina_finance
SSE,20090303,1,20090302,sina_finance
SSE,20090304,1,20090303,sina_finance
SSE,20090305,1,20090304,sina_finance
SSE,20090306,1,20090305,sina_finance
SSE,20090309,1,20090306,sina_finance
SSE,20090310,1,20090309,sina_finance
SSE,20090311,1,20090310,sina_finance
SSE,20090312,1,20090311,sina_finance
SSE,20090313,1,20090312,sina_finance
SSE,20090316,1,20090313,sina_finance
SSE,20090317,1,20090316,sina_finance
SSE,20090318,1,20090317,sina_finance
SSE,20090319,1,20090318,sina_finance
SSE,20090320,1,20090319,sina_finance
SSE,20090323,1,20090320,sina_finance
SSE,20090324,1,20090323,sina_finance
SSE,20090325,1,20090324,sina_finance
SSE,20090326,1,20090325,sina_finance
SSE,20090327,1,20090326,sina_finance
SSE,20090330,1,20090327,sina_finance
SSE,20090331,1,20090330,sina_finance
SSE,20090401,1,20090331,sina_finance
SSE,20090402,1,20090401,sina_finance
SSE,20090403,1,20090402,sina_finance
SSE,20090407,1,20090403,sina_finance
SSE,20090408,1,20090407,sina_finance
SSE,20090409,1,20090408,sina_finance
SSE,20090410,1,20090409,sina_finance
SSE,20090413,1,20090410,sina_finance
SSE,20090414,1,20090413,sina_finance
SSE,20090415,1,20090414,sina_finance
SSE,20090416,1,20090415,sina_finance
SSE,20090417,1,20090416,sina_finance
SSE,20090420,1,20090417,sina_finance
SSE,20090421,1,20090420,sina_finance
SSE,20090422,1,20090421,sina_finance
SSE,20090423,1,20090422,sina_finance
SSE,20090424,1,20090423,sina_finance
SSE,20090427,1,20090424,sina_finance
SSE,20090428,1,20090427,sina_finance
SSE,20090429,1,20090428,sina_finance
SSE,20090430,1,20090429,sina_finance
SSE,20090504,1,20090430,sina_finance
SSE,20090505,1,20090504,sina_finance
SSE,20090506,1,20090505,sina_finance
SSE,20090507,1,20090506,sina_finance
SSE,20090508,1,20090507,sina_finance
SSE,20090511,1,20090508,sina_finance
SSE,20090512,1,20090511,sina_finance
SSE,20090513,1,20090512,sina_finance
SSE,20090514,1,20090513,sina_finance
SSE,20090515,1,20090514,sina_finance
SSE,20090518,1,20090515,sina_finance
SSE,20090519,1,20090518,sina_finance
SSE,20090520,1,20090519,sina_finance
SSE,20090521,1,20090520,sina_finance
SSE,20090522,1,20090521,sina_finance
SSE,20090525,1,20090522,sina_finance
SSE,20090526,1,20090525,sina_finance
SSE,20090527,1,20090526,sina_finance
SSE,20090601,1,20090527,sina_finance
SSE,20090602,1,20090601,sina_finance
SSE,20090603,1,20090602,sina_finance
SSE,20090604,1,20090603,sina_finance
SSE,20090605,1,20090604,sina_finance
SSE,20090608,1,20090605,sina_finance
SSE,20090609,1,20090608,sina_finance
SSE,20090610,1,20090609,sina_finance
SSE,20090611,1,20090610,sina_finance
SSE,20090612,1,20090611,sina_finance
SSE,20090615,1,20090612,sina_finance
SSE,20090616,1,20090615,sina_finance
SSE,20090617,1,20090616,sina_finance
SSE,20090618,1,20090617,sina_finance
SSE,20090619,1,20090618,sina_finance
SSE,20090622,1,20090619,sina_finance
SSE,20090623,1,20090622,sina_finance
SSE,20090624,1,20090623,sina_finance
SSE,20090625,1,20090624,sina_finance
SSE,20090626,1,20090625,sina_finance
SSE,20090629,1,20090626,sina_finance
SSE,20090630,1,20090629,sina_finance
SSE,20090701,1,20090630,sina_finance
SSE,20090702,1,20090701,sina_finance
SSE,20090703,1,20090702,sina_finance
SSE,20090706,1,20090703,sina_finance
SSE,20090707,1,20090706,sina_finance
SSE,20090708,1,20090707,sina_finance
SSE,20090709,1,20090708,sina_finance
SSE,20090710,1,20090709,sina_finance
SSE,20090713,1,20090710,sina_finance
SSE,20090714,1,20090713,sina_finance
SSE,20090715,1,20090714,sina_finance
SSE,20090716,1,20090715,sina_finance
SSE,20090717,1,20090716,sina_finance
SSE,20090720,1,20090717,sina_finance
SSE,20090721,1,20090720,sina_finance
SSE,20090722,1,20090721,sina_finance
SSE,20090723,1,20090722,sina_finance
SSE,20090724,1,20090723,sina_finance
SSE,20090727,1,20090724,sina_finance
SSE,20090728,1,20090727,sina_finance
SSE,20090729,1,20090728,sina_finance
SSE,20090730,1,20090729,sina_finance
SSE,20090731,1,20090730,sina_finance
SSE,20090803,1,20090731,sina_finance
SSE,20090804,1,20090803,sina_finance
SSE,20090805,1,20090804,sina_finance
SSE,20090806,1,20090805,sina_finance
SSE,20090807,1,20090806,sina_finance
SSE,20090810,1,20090807,sina_finance
SSE,20090811,1,20090810,sina_finance
SSE,20090812,1,20090811,sina_finance
SSE,20090813,1,20090812,sina_finance
SSE,20090814,1,20090813,sina_finance
SSE,20090817,1,20090814,sina_finance
SSE,20090818,1,20090817,sina_finance
SSE,20090819,1,20090818,sina_finance
SSE,20090820,1,20090819,sina_finance
SSE,20090821,1,20090820,sina_finance
SSE,20090824,1,20090821,sina_finance
SSE,20090825,1,20090824,sina_finance
SSE,20090826,1,20090825,sina_finance
SSE,20090827,1,20090826,sina_finance
SSE,20090828,1,20090827,sina_finance
SSE,20090831,1,20090828,sina_finance
SSE,20090901,1,20090831,sina_finance
SSE,20090902,1,20090901,sina_finance
SSE,20090903,1,20090902,sina_finance
SSE,20090904,1,20090903,sina_finance
SSE,20090907,1,20090904,sina_finance
SSE,20090908,1,20090907,sina_finance
SSE,20090909,1,20090908,sina_finance
SSE,20090910,1,20090909,sina_finance
SSE,20090911,1,20090910,sina_finance
SSE,20090914,1,20090911,sina_finance
SSE,20090915,1,20090914,sina_finance
SSE,20090916,1,20090915,sina_finance
SSE,20090917,1,20090916,sina_finance
SSE,20090918,1,20090917,sina_finance
SSE,20090921,1,20090918,sina_finance
SSE,20090922,1,20090921,sina_finance
SSE,20090923,1,20090922,sina_finance
SSE,20090924,1,20090923,sina_finance
SSE,20090925,1,20090924,sina_finance
SSE,20090928,1,20090925,sina_finance
SSE,20090929,1,20090928,sina_finance
SSE,20090930,1,20090929,sina_finance
SSE,20091009,1,20090930,sina_finance
SSE,20091012,1,20091009,sina_finance
SSE,20091013,1,20091012,sina_finance
SSE,20091014,1,20091013,sina_finance
SSE,20091015,1,20091014,sina_finance
SSE,20091016,1,20091015,sina_finance
SSE,20091019,1,20091016,sina_finance
SSE,20091020,1,20091019,sina_finance
SSE,20091021,1,20091020,sina_finance
SSE,20091022,1,20091021,sina_finance
SSE,20091023,1,20091022,sina_finance
SSE,20091026,1,20091023,sina_finance
SSE,20091027,1,20091026,sina_finance
SSE,20091028,1,20091027,sina_finance
SSE,20091029,1,20091028,sina_finance
SSE,20091030,1,20091029,sina_finance
SSE,20091102,1,20091030,sina_finance
SSE,20091103,1,20091102,sina_finance
SSE,20091104,1,20091103,sina_finance
SSE,20091105,1,20091104,sina_finance
SSE,20091106,1,20091105,sina_finance
SSE,20091109,1,20091106,sina_finance
SSE,20091110,1,20091109,sina_finance
SSE,20091111,1,20091110,sina_finance
SSE,20091112,1,20091111,sina_finance
SSE,20091113,1,20091112,sina_finance
SSE,20091116,1,20091113,sina_finance
SSE,20091117,1,20091116,sina_finance
SSE,20091118,1,20091117,sina_finance
SSE,20091119,1,20091118,sina_finance
SSE,20091120,1,20091119,sina_finance
SSE,20091123,1,20091120,sina_finance
SSE,20091124,1,20091123,sina_finance
SSE,20091125,1,20091124,sina_finance
SSE,20091126,1,20091125,sina_finance
SSE,20091127,1,20091126,sina_finance
SSE,20091130,1,20091127,sina_finance
SSE,20091201,1,20091130,sina_finance
SSE,20091202,1,20091201,sina_finance
SSE,20091203,1,20091202,sina_finance
SSE,20091204,1,20091203,sina_finance
SSE,20091207,1,20091204,sina_finance
SSE,20091208,1,20091207,sina_finance
SSE,20091209,1,20091208,sina_finance
SSE,20091210,1,20091209,sina_finance
SSE,20091211,1,20091210,sina_finance
SSE,20091214,1,20091211,sina_finance
SSE,20091215,1,20091214,sina_finance
SSE,20091216,1,20091215,sina_finance
SSE,20091217,1,20091216,sina_finance
SSE,20091218,1,20091217,sina_finance
SSE,20091221,1,20091218,sina_finance
SSE,20091222,1,20091221,sina_finance
SSE,20091223,1,20091222,sina_finance
SSE,20091224,1,20091223,sina_finance
SSE,20091225,1,20091224,sina_finance
SSE,20091228,1,20091225,sina_finance
SSE,20091229,1,20091228,sina_finance
SSE,20091230,1,20091229,sina_finance
SSE,20091231,1,20091230,sina_finance
SSE,20100104,1,20091231,sina_finance
SSE,20100105,1,20100104,sina_finance
SSE,20100106,1,20100105,sina_finance
SSE,20100107,1,20100106,sina_finance
SSE,20100108,1,20100107,sina_finance
SSE,20100111,1,20100108,sina_finance
SSE,20100112,1,20100111,sina_finance
SSE,20100113,1,20100112,sina_finance
SSE,20100114,1,20100113,sina_finance
SSE,20100115,1,20100114,sina_finance
SSE,20100118,1,20100115,sina_finance
SSE,20100119,1,20100118,sina_finance
SSE,20100120,1,20100119,sina_finance
SSE,20100121,1,20100120,sina_finance
SSE,20100122,1,20100121,sina_finance
SSE,20100125,1,20100122,sina_finance
SSE,20100126,1,20100125,sina_finance
SSE,20100127,1,20100126,sina_finance
SSE,20100128,1,20100127,sina_finance
SSE,20100129,1,20100128,sina_finance
SSE,20100201,1,20100129,sina_finance
SSE,20100202,1,20100201,sina_finance
SSE,20100203,1,20100202,sina_finance
SSE,20100204,1,20100203,sina_finance
SSE,20100205,1,20100204,sina_finance
SSE,20100208,1,20100205,sina_finance
SSE,20100209,1,20100208,sina_finance
SSE,20100210,1,20100209,sina_finance
SSE,20100211,1,20100210,sina_finance
SSE,20100212,1,20100211,sina_finance
SSE,20100222,1,20100212,sina_finance
SSE,20100223,1,20100222,sina_finance
SSE,20100224,1,20100223,sina_finance
SSE,20100225,1,20100224,sina_finance
SSE,20100226,1,20100225,sina_finance
SSE,20100301,1,20100226,sina_finance
SSE,20100302,1,20100301,sina_finance
SSE,20100303,1,20100302,sina_finance
SSE,20100304,1,20100303,sina_finance
SSE,20100305,1,20100304,sina_finance
SSE,20100308,1,20100305,sina_finance
SSE,20100309,1,20100308,sina_finance
SSE,20100310,1,20100309,sina_finance
SSE,20100311,1,20100310,sina_finance
SSE,20100312,1,20100311,sina_finance
SSE,20100315,1,20100312,sina_finance
SSE,20100316,1,20100315,sina_finance
SSE,20100317,1,20100316,sina_finance
SSE,20100318,1,20100317,sina_finance
SSE,20100319,1,20100318,sina_finance
SSE,20100322,1,20100319,sina_finance
SSE,20100323,1,20100322,sina_finance
SSE,20100324,1,20100323,sina_finance
SSE,20100325,1,20100324,sina_finance
SSE,20100326,1,20100325,sina_finance
SSE,20100329,1,20100326,sina_finance
SSE,20100330,1,20100329,sina_finance
SSE,20100331,1,20100330,sina_finance
SSE,20100401,1,20100331,sina_finance
SSE,20100402,1,20100401,sina_finance
SSE,20100406,1,20100402,sina_finance
SSE,20100407,1,20100406,sina_finance
SSE,20100408,1,20100407,sina_finance
SSE,20100409,1,20100408,sina_finance
SSE,20100412,1,20100409,sina_finance
SSE,20100413,1,20100412,sina_finance
SSE,20100414,1,20100413,sina_finance
SSE,20100415,1,20100414,sina_finance
SSE,20100416,1,20100415,sina_finance
SSE,20100419,1,20100416,sina_finance
SSE,20100420,1,20100419,sina_finance
SSE,20100421,1,20100420,sina_finance
SSE,20100422,1,20100421,sina_finance
SSE,20100423,1,20100422,sina_finance
SSE,20100426,1,20100423,sina_finance
SSE,20100427,1,20100426,sina_finance
SSE,20100428,1,20100427,sina_finance
SSE,20100429,1,20100428,sina_finance
SSE,20100430,1,20100429,sina_finance
SSE,20100504,1,20100430,sina_finance
SSE,20100505,1,20100504,sina_finance
SSE,20100506,1,20100505,sina_finance
SSE,20100507,1,20100506,sina_finance
SSE,20100510,1,20100507,sina_finance
SSE,20100511,1,20100510,sina_finance
SSE,20100512,1,20100511,sina_finance
SSE,20100513,1,20100512,sina_finance
SSE,20100514,1,20100513,sina_finance
SSE,20100517,1,20100514,sina_finance
SSE,20100518,1,20100517,sina_finance
SSE,20100519,1,20100518,sina_finance
SSE,20100520,1,20100519,sina_finance
SSE,20100521,1,20100520,sina_finance
SSE,20100524,1,20100521,sina_finance
SSE,20100525,1,20100524,sina_finance
SSE,20100526,1,20100525,sina_finance
SSE,20100527,1,20100526,sina_finance
SSE,20100528,1,20100527,sina_finance
SSE,20100531,1,20100528,sina_finance
SSE,20100601,1,20100531,sina_finance
SSE,20100602,1,20100601,sina_finance
SSE,20100603,1,20100602,sina_finance
SSE,20100604,1,20100603,sina_finance
SSE,20100607,1,20100604,sina_finance
SSE,20100608,1,20100607,sina_finance
SSE,20100609,1,20100608,sina_finance
SSE,20100610,1,20100609,sina_finance
SSE,20100611,1,20100610,sina_finance
SSE,20100617,1,20100611,sina_finance
SSE,20100618,1,20100617,sina_finance
SSE,20100621,1,20100618,sina_finance
SSE,20100622,1,20100621,sina_finance
SSE,20100623,1,20100622,sina_finance
SSE,20100624,1,20100623,sina_finance
SSE,20100625,1,20100624,sina_finance
SSE,20100628,1,20100625,sina_finance
SSE,20100629,1,20100628,sina_finance
SSE,20100630,1,20100629,sina_finance
SSE,20100701,1,20100630,sina_finance
SSE,20100702,1,20100701,sina_finance
SSE,20100705,1,20100702,sina_finance
SSE,20100706,1,20100705,sina_finance
SSE,20100707,1,20100706,sina_finance
SSE,20100708,1,20100707,sina_finance
SSE,20100709,1,20100708,sina_finance
SSE,20100712,1,20100709,sina_finance
SSE,20100713,1,20100712,sina_finance
SSE,20100714,1,20100713,sina_finance
SSE,20100715,1,20100714,sina_finance
SSE,20100716,1,20100715,sina_finance
SSE,20100719,1,20100716,sina_finance
SSE,20100720,1,20100719,sina_finance
SSE,20100721,1,20100720,sina_finance
SSE,20100722,1,20100721,sina_finance
SSE,20100723,1,20100722,sina_finance
SSE,20100726,1,20100723,sina_finance
SSE,20100727,1,20100726,sina_finance
SSE,20100728,1,20100727,sina_finance
SSE,20100729,1,20100728,sina_finance
SSE,20100730,1,20100729,sina_finance
SSE,20100802,1,20100730,sina_finance
SSE,20100803,1,20100802,sina_finance
SSE,20100804,1,20100803,sina_finance
SSE,20100805,1,20100804,sina_finance
SSE,20100806,1,20100805,sina_finance
SSE,20100809,1,20100806,sina_finance
SSE,20100810,1,20100809,sina_finance
SSE,20100811,1,20100810,sina_finance
SSE,20100812,1,20100811,sina_finance
SSE,20100813,1,20100812,sina_finance
SSE,20100816,1,20100813,sina_finance
SSE,20100817,1,20100816,sina_finance
SSE,20100818,1,20100817,sina_finance
SSE,20100819,1,20100818,sina_finance
SSE,20100820,1,20100819,sina_finance
SSE,20100823,1,20100820,sina_finance
SSE,20100824,1,20100823,sina_finance
SSE,20100825,1,20100824,sina_finance
SSE,20100826,1,20100825,sina_finance
SSE,20100827,1,20100826,sina_finance
SSE,20100830,1,20100827,sina_finance
SSE,20100831,1,20100830,sina_finance
SSE,20100901,1,20100831,sina_finance
SSE,20100902,1,20100901,sina_finance
SSE,20100903,1,20100902,sina_finance
SSE,20100906,1,20100903,sina_finance
SSE,20100907,1,20100906,sina_finance
SSE,20100908,1,20100907,sina_finance
SSE,20100909,1,20100908,sina_finance
SSE,20100910,1,20100909,sina_finance
SSE,20100913,1,20100910,sina_finance
SSE,20100914,1,20100913,sina_finance
SSE,20100915,1,20100914,sina_finance
SSE,20100916,1,20100915,sina_finance
SSE,20100917,1,20100916,sina_finance
SSE,20100920,1,20100917,sina_finance
SSE,20100921,1,20100920,sina_finance
SSE,20100927,1,20100921,sina_finance
SSE,20100928,1,20100927,sina_finance
SSE,20100929,1,20100928,sina_finance
SSE,20100930,1,20100929,sina_finance
SSE,20101008,1,20100930,sina_finance
SSE,20101011,1,20101008,sina_finance
SSE,20101012,1,20101011,sina_finance
SSE,20101013,1,20101012,sina_finance
SSE,20101014,1,20101013,sina_finance
SSE,20101015,1,20101014,sina_finance
SSE,20101018,1,20101015,sina_finance
SSE,20101019,1,20101018,sina_finance
SSE,20101020,1,20101019,sina_finance
SSE,20101021,1,20101020,sina_finance
SSE,20101022,1,20101021,sina_finance
SSE,20101025,1,20101022,sina_finance
SSE,20101026,1,20101025,sina_finance
SSE,20101027,1,20101026,sina_finance
SSE,20101028,1,20101027,sina_finance
SSE,20101029,1,20101028,sina_finance
SSE,20101101,1,20101029,sina_finance
SSE,20101102,1,20101101,sina_finance
SSE,20101103,1,20101102,sina_finance
SSE,20101104,1,20101103,sina_finance
SSE,20101105,1,20101104,sina_finance
SSE,20101108,1,20101105,sina_finance
SSE,20101109,1,20101108,sina_finance
SSE,20101110,1,20101109,sina_finance
SSE,20101111,1,20101110,sina_finance
SSE,20101112,1,20101111,sina_finance
SSE,20101115,1,20101112,sina_finance
SSE,20101116,1,20101115,sina_finance
SSE,20101117,1,20101116,sina_finance
SSE,20101118,1,20101117,sina_finance
SSE,20101119,1,20101118,sina_finance
SSE,20101122,1,20101119,sina_finance
SSE,20101123,1,20101122,sina_finance
SSE,20101124,1,20101123,sina_finance
SSE,20101125,1,20101124,sina_finance
SSE,20101126,1,20101125,sina_finance
SSE,20101129,1,20101126,sina_finance
SSE,20101130,1,20101129,sina_finance
SSE,20101201,1,20101130,sina_finance
SSE,20101202,1,20101201,sina_finance
SSE,20101203,1,20101202,sina_finance
SSE,20101206,1,20101203,sina_finance
SSE,20101207,1,20101206,sina_finance
SSE,20101208,1,20101207,sina_finance
SSE,20101209,1,20101208,sina_finance
SSE,20101210,1,20101209,sina_finance
SSE,20101213,1,20101210,sina_finance
SSE,20101214,1,20101213,sina_finance
SSE,20101215,1,20101214,sina_finance
SSE,20101216,1,20101215,sina_finance
SSE,20101217,1,20101216,sina_finance
SSE,20101220,1,20101217,sina_finance
SSE,20101221,1,20101220,sina_finance
SSE,20101222,1,20101221,sina_finance
SSE,20101223,1,20101222,sina_finance
SSE,20101224,1,20101223,sina_finance
SSE,20101227,1,20101224,sina_finance
SSE,20101228,1,20101227,sina_finance
SSE,20101229,1,20101228,sina_finance
SSE,20101230,1,20101229,sina_finance
SSE,20101231,1,20101230,sina_finance
SSE,20110104,1,20101231,sina_finance
SSE,20110105,1,20110104,sina_finance
SSE,20110106,1,20110105,sina_finance
SSE,20110107,1,20110106,sina_finance
SSE,20110110,1,20110107,sina_finance
SSE,20110111,1,20110110,sina_finance
SSE,20110112,1,20110111,sina_finance
SSE,20110113,1,20110112,sina_finance
SSE,20110114,1,20110113,sina_finance
SSE,20110117,1,20110114,sina_finance
SSE,20110118,1,20110117,sina_finance
SSE,20110119,1,20110118,sina_finance
SSE,20110120,1,20110119,sina_finance
SSE,20110121,1,20110120,sina_finance
SSE,20110124,1,20110121,sina_finance
SSE,20110125,1,20110124,sina_finance
SSE,20110126,1,20110125,sina_finance
SSE,20110127,1,20110126,sina_finance
SSE,20110128,1,20110127,sina_finance
SSE,20110131,1,20110128,sina_finance
SSE,20110201,1,20110131,sina_finance
SSE,20110209,1,20110201,sina_finance
SSE,20110210,1,20110209,sina_finance
SSE,20110211,1,20110210,sina_finance
SSE,20110214,1,20110211,sina_finance
SSE,20110215,1,20110214,sina_finance
SSE,20110216,1,20110215,sina_finance
SSE,20110217,1,20110216,sina_finance
SSE,20110218,1,20110217,sina_finance
SSE,20110221,1,20110218,sina_finance
SSE,20110222,1,20110221,sina_finance
SSE,20110223,1,20110222,sina_finance
SSE,20110224,1,20110223,sina_finance
SSE,20110225,1,20110224,sina_finance
SSE,20110228,1,20110225,sina_finance
SSE,20110301,1,20110228,sina_finance
SSE,20110302,1,20110301,sina_finance
SSE,20110303,1,20110302,sina_finance
SSE,20110304,1,20110303,sina_finance
SSE,20110307,1,20110304,sina_finance
SSE,20110308,1,20110307,sina_finance
SSE,20110309,1,20110308,sina_finance
SSE,20110310,1,20110309,sina_finance
SSE,20110311,1,20110310,sina_finance
SSE,20110314,1,20110311,sina_finance
SSE,20110315,1,20110314,sina_finance
SSE,20110316,1,20110315,sina_finance
SSE,20110317,1,20110316,sina_finance
SSE,20110318,1,20110317,sina_finance
SSE,20110321,1,20110318,sina_finance
SSE,20110322,1,20110321,sina_finance
SSE,20110323,1,20110322,sina_finance
SSE,20110324,1,20110323,sina_finance
SSE,20110325,1,20110324,sina_finance
SSE,20110328,1,20110325,sina_finance
SSE,20110329,1,20110328,sina_finance
SSE,20110330,1,20110329,sina_finance
SSE,20110331,1,20110330,sina_finance
SSE,20110401,1,20110331,sina_finance
SSE,20110406,1,20110401,sina_finance
SSE,20110407,1,20110406,sina_finance
SSE,20110408,1,20110407,sina_finance
SSE,20110411,1,20110408,sina_finance
SSE,20110412,1,20110411,sina_finance
SSE,20110413,1,20110412,sina_finance
SSE,20110414,1,20110413,sina_finance
SSE,20110415,1,20110414,sina_finance
SSE,20110418,1,20110415,sina_finance
SSE,20110419,1,20110418,sina_finance
SSE,20110420,1,20110419,sina_finance
SSE,20110421,1,20110420,sina_finance
SSE,20110422,1,20110421,sina_finance
SSE,20110425,1,20110422,sina_finance
SSE,20110426,1,20110425,sina_finance
SSE,20110427,1,20110426,sina_finance
SSE,20110428,1,20110427,sina_finance
SSE,20110429,1,20110428,sina_finance
SSE,20110503,1,20110429,sina_finance
SSE,20110504,1,20110503,sina_finance
SSE,20110505,1,20110504,sina_finance
SSE,20110506,1,20110505,sina_finance
SSE,20110509,1,20110506,sina_finance
SSE,20110510,1,20110509,sina_finance
SSE,20110511,1,20110510,sina_finance
SSE,20110512,1,20110511,sina_finance
SSE,20110513,1,20110512,sina_finance
SSE,20110516,1,20110513,sina_finance
SSE,20110517,1,20110516,sina_finance
SSE,20110518,1,20110517,sina_finance
SSE,20110519,1,20110518,sina_finance
SSE,20110520,1,20110519,sina_finance
SSE,20110523,1,20110520,sina_finance
SSE,20110524,1,20110523,sina_finance
SSE,20110525,1,20110524,sina_finance
SSE,20110526,1,20110525,sina_finance
SSE,20110527,1,20110526,sina_finance
SSE,20110530,1,20110527,sina_finance
SSE,20110531,1,20110530,sina_finance
SSE,20110601,1,20110531,sina_finance
SSE,20110602,1,20110601,sina_finance
SSE,20110603,1,20110602,sina_finance
SSE,20110607,1,20110603,sina_finance
SSE,20110608,1,20110607,sina_finance
SSE,20110609,1,20110608,sina_finance
SSE,20110610,1,20110609,sina_finance
SSE,20110613,1,20110610,sina_finance
SSE,20110614,1,20110613,sina_finance
SSE,20110615,1,20110614,sina_finance
SSE,20110616,1,20110615,sina_finance
SSE,20110617,1,20110616,sina_finance
SSE,20110620,1,20110617,sina_finance
SSE,20110621,1,20110620,sina_finance
SSE,20110622,1,20110621,sina_finance
SSE,20110623,1,20110622,sina_finance
SSE,20110624,1,20110623,sina_finance
SSE,20110627,1,20110624,sina_finance
SSE,20110628,1,20110627,sina_finance
SSE,20110629,1,20110628,sina_finance
SSE,20110630,1,20110629,sina_finance
SSE,20110701,1,20110630,sina_finance
SSE,20110704,1,20110701,sina_finance
SSE,20110705,1,20110704,sina_finance
SSE,20110706,1,20110705,sina_finance
SSE,20110707,1,20110706,sina_finance
SSE,20110708,1,20110707,sina_finance
SSE,20110711,1,20110708,sina_finance
SSE,20110712,1,20110711,sina_finance
SSE,20110713,1,20110712,sina_finance
SSE,20110714,1,20110713,sina_finance
SSE,20110715,1,20110714,sina_finance
SSE,20110718,1,20110715,sina_finance
SSE,20110719,1,20110718,sina_finance
SSE,20110720,1,20110719,sina_finance
SSE,20110721,1,20110720,sina_finance
SSE,20110722,1,20110721,sina_finance
SSE,20110725,1,20110722,sina_finance
SSE,20110726,1,20110725,sina_finance
SSE,20110727,1,20110726,sina_finance
SSE,20110728,1,20110727,sina_finance
SSE,20110729,1,20110728,sina_finance
SSE,20110801,1,20110729,sina_finance
SSE,20110802,1,20110801,sina_finance
SSE,20110803,1,20110802,sina_finance
SSE,20110804,1,20110803,sina_finance
SSE,20110805,1,20110804,sina_finance
SSE,20110808,1,20110805,sina_finance
SSE,20110809,1,20110808,sina_finance
SSE,20110810,1,20110809,sina_finance
SSE,20110811,1,20110810,sina_finance
SSE,20110812,1,20110811,sina_finance
SSE,20110815,1,20110812,sina_finance
SSE,20110816,1,20110815,sina_finance
SSE,20110817,1,20110816,sina_finance
SSE,20110818,1,20110817,sina_finance
SSE,20110819,1,20110818,sina_finance
SSE,20110822,1,20110819,sina_finance
SSE,20110823,1,20110822,sina_finance
SSE,20110824,1,20110823,sina_finance
SSE,20110825,1,20110824,sina_finance
SSE,20110826,1,20110825,sina_finance
SSE,20110829,1,20110826,sina_finance
SSE,20110830,1,20110829,sina_finance
SSE,20110831,1,20110830,sina_finance
SSE,20110901,1,20110831,sina_finance
SSE,20110902,1,20110901,sina_finance
SSE,20110905,1,20110902,sina_finance
SSE,20110906,1,20110905,sina_finance
SSE,20110907,1,20110906,sina_finance
SSE,20110908,1,20110907,sina_finance
SSE,20110909,1,20110908,sina_finance
SSE,20110913,1,20110909,sina_finance
SSE,20110914,1,20110913,sina_finance
SSE,20110915,1,20110914,sina_finance
SSE,20110916,1,20110915,sina_finance
SSE,20110919,1,20110916,sina_finance
SSE,20110920,1,20110919,sina_finance
SSE,20110921,1,20110920,sina_finance
SSE,20110922,1,20110921,sina_finance
SSE,20110923,1,20110922,sina_finance
SSE,20110926,1,20110923,sina_finance
SSE,20110927,1,20110926,sina_finance
SSE,20110928,1,20110927,sina_finance
SSE,20110929,1,20110928,sina_finance
SSE,20110930,1,20110929,sina_finance
SSE,20111010,1,20110930,sina_finance
SSE,20111011,1,20111010,sina_finance
SSE,20111012,1,20111011,sina_finance
SSE,20111013,1,20111012,sina_finance
SSE,20111014,1,20111013,sina_finance
SSE,20111017,1,20111014,sina_finance
SSE,20111018,1,20111017,sina_finance
SSE,20111019,1,20111018,sina_finance
SSE,20111020,1,20111019,sina_finance
SSE,20111021,1,20111020,sina_finance
SSE,20111024,1,20111021,sina_finance
SSE,20111025,1,20111024,sina_finance
SSE,20111026,1,20111025,sina_finance
SSE,20111027,1,20111026,sina_finance
SSE,20111028,1,20111027,sina_finance
SSE,20111031,1,20111028,sina_finance
SSE,20111101,1,20111031,sina_finance
SSE,20111102,1,20111101,sina_finance
SSE,20111103,1,20111102,sina_finance
SSE,20111104,1,20111103,sina_finance
SSE,20111107,1,20111104,sina_finance
SSE,20111108,1,20111107,sina_finance
SSE,20111109,1,20111108,sina_finance
SSE,20111110,1,20111109,sina_finance
SSE,20111111,1,20111110,sina_finance
SSE,20111114,1,20111111,sina_finance
SSE,20111115,1,20111114,sina_finance
SSE,20111116,1,20111115,sina_finance
SSE,20111117,1,20111116,sina_finance
SSE,20111118,1,20111117,sina_finance
SSE,20111121,1,20111118,sina_finance
SSE,20111122,1,20111121,sina_finance
SSE,20111123,1,20111122,sina_finance
SSE,20111124,1,20111123,sina_finance
SSE,20111125,1,20111124,sina_finance
SSE,20111128,1,20111125,sina_finance
SSE,20111129,1,20111128,sina_finance
SSE,20111130,1,20111129,sina_finance
SSE,20111201,1,20111130,sina_finance
SSE,20111202,1,20111201,sina_finance
SSE,20111205,1,20111202,sina_finance
SSE,20111206,1,20111205,sina_finance
SSE,20111207,1,20111206,sina_finance
SSE,20111208,1,20111207,sina_finance
SSE,20111209,1,20111208,sina_finance
SSE,20111212,1,20111209,sina_finance
SSE,20111213,1,20111212,sina_finance
SSE,20111214,1,20111213,sina_finance
SSE,20111215,1,20111214,sina_finance
SSE,20111216,1,20111215,sina_finance
SSE,20111219,1,20111216,sina_finance
SSE,20111220,1,20111219,sina_finance
SSE,20111221,1,20111220,sina_finance
SSE,20111222,1,20111221,sina_finance
SSE,20111223,1,20111222,sina_finance
SSE,20111226,1,20111223,sina_finance
SSE,20111227,1,20111226,sina_finance
SSE,20111228,1,20111227,sina_finance
SSE,20111229,1,20111228,sina_finance
SSE,20111230,1,20111229,sina_finance
SSE,20120104,1,20111230,sina_finance
SSE,20120105,1,20120104,sina_finance
SSE,20120106,1,20120105,sina_finance
SSE,20120109,1,20120106,sina_finance
SSE,20120110,1,20120109,sina_finance
SSE,20120111,1,20120110,sina_finance
SSE,20120112,1,20120111,sina_finance
SSE,20120113,1,20120112,sina_finance
SSE,20120116,1,20120113,sina_finance
SSE,20120117,1,20120116,sina_finance
SSE,20120118,1,20120117,sina_finance
SSE,20120119,1,20120118,sina_finance
SSE,20120120,1,20120119,sina_finance
SSE,20120130,1,20120120,sina_finance
SSE,20120131,1,20120130,sina_finance
SSE,20120201,1,20120131,sina_finance
SSE,20120202,1,20120201,sina_finance
SSE,20120203,1,20120202,sina_finance
SSE,20120206,1,20120203,sina_finance
SSE,20120207,1,20120206,sina_finance
SSE,20120208,1,20120207,sina_finance
SSE,20120209,1,20120208,sina_finance
SSE,20120210,1,20120209,sina_finance
SSE,20120213,1,20120210,sina_finance
SSE,20120214,1,20120213,sina_finance
SSE,20120215,1,20120214,sina_finance
SSE,20120216,1,20120215,sina_finance
SSE,20120217,1,20120216,sina_finance
SSE,20120220,1,20120217,sina_finance
SSE,20120221,1,20120220,sina_finance
SSE,20120222,1,20120221,sina_finance
SSE,20120223,1,20120222,sina_finance
SSE,20120224,1,20120223,sina_finance
SSE,20120227,1,20120224,sina_finance
SSE,20120228,1,20120227,sina_finance
SSE,20120229,1,20120228,sina_finance
SSE,20120301,1,20120229,sina_finance
SSE,20120302,1,20120301,sina_finance
SSE,20120305,1,20120302,sina_finance
SSE,20120306,1,20120305,sina_finance
SSE,20120307,1,20120306,sina_finance
SSE,20120308,1,20120307,sina_finance
SSE,20120309,1,20120308,sina_finance
SSE,20120312,1,20120309,sina_finance
SSE,20120313,1,20120312,sina_finance
SSE,20120314,1,20120313,sina_finance
SSE,20120315,1,20120314,sina_finance
SSE,20120316,1,20120315,sina_finance
SSE,20120319,1,20120316,sina_finance
SSE,20120320,1,20120319,sina_finance
SSE,20120321,1,20120320,sina_finance
SSE,20120322,1,20120321,sina_finance
SSE,20120323,1,20120322,sina_finance
SSE,20120326,1,20120323,sina_finance
SSE,20120327,1,20120326,sina_finance
SSE,20120328,1,20120327,sina_finance
SSE,20120329,1,20120328,sina_finance
SSE,20120330,1,20120329,sina_finance
SSE,20120405,1,20120330,sina_finance
SSE,20120406,1,20120405,sina_finance
SSE,20120409,1,20120406,sina_finance
SSE,20120410,1,20120409,sina_finance
SSE,20120411,1,20120410,sina_finance
SSE,20120412,1,20120411,sina_finance
SSE,20120413,1,20120412,sina_finance
SSE,20120416,1,20120413,sina_finance
SSE,20120417,1,20120416,sina_finance
SSE,20120418,1,20120417,sina_finance
SSE,20120419,1,20120418,sina_finance
SSE,20120420,1,20120419,sina_finance
SSE,20120423,1,20120420,sina_finance
SSE,20120424,1,20120423,sina_finance
SSE,20120425,1,20120424,sina_finance
SSE,20120426,1,20120425,sina_finance
SSE,20120427,1,20120426,sina_finance
SSE,20120502,1,20120427,sina_finance
SSE,20120503,1,20120502,sina_finance
SSE,20120504,1,20120503,sina_finance
SSE,20120507,1,20120504,sina_finance
SSE,20120508,1,20120507,sina_finance
SSE,20120509,1,20120508,sina_finance
SSE,20120510,1,20120509,sina_finance
SSE,20120511,1,20120510,sina_finance
SSE,20120514,1,20120511,sina_finance
SSE,20120515,1,20120514,sina_finance
SSE,20120516,1,20120515,sina_finance
SSE,20120517,1,20120516,sina_finance
SSE,20120518,1,20120517,sina_finance
SSE,20120521,1,20120518,sina_finance
SSE,20120522,1,20120521,sina_finance
SSE,20120523,1,20120522,sina_finance
SSE,20120524,1,20120523,sina_finance
SSE,20120525,1,20120524,sina_finance
SSE,20120528,1,20120525,sina_finance
SSE,20120529,1,20120528,sina_finance
SSE,20120530,1,20120529,sina_finance
SSE,20120531,1,20120530,sina_finance
SSE,20120601,1,20120531,sina_finance
SSE,20120604,1,20120601,sina_finance
SSE,20120605,1,20120604,sina_finance
SSE,20120606,1,20120605,sina_finance
SSE,20120607,1,20120606,sina_finance
SSE,20120608,1,20120607,sina_finance
SSE,20120611,1,20120608,sina_finance
SSE,20120612,1,20120611,sina_finance
SSE,20120613,1,20120612,sina_finance
SSE,20120614,1,20120613,sina_finance
SSE,20120615,1,20120614,sina_finance
SSE,20120618,1,20120615,sina_finance
SSE,20120619,1,20120618,sina_finance
SSE,20120620,1,20120619,sina_finance
SSE,20120621,1,20120620,sina_finance
SSE,20120625,1,20120621,sina_finance
SSE,20120626,1,20120625,sina_finance
SSE,20120627,1,20120626,sina_finance
SSE,20120628,1,20120627,sina_finance
SSE,20120629,1,20120628,sina_finance
SSE,20120702,1,20120629,sina_finance
SSE,20120703,1,20120702,sina_finance
SSE,20120704,1,20120703,sina_finance
SSE,20120705,1,20120704,sina_finance
SSE,20120706,1,20120705,sina_finance
SSE,20120709,1,20120706,sina_finance
SSE,20120710,1,20120709,sina_finance
SSE,20120711,1,20120710,sina_finance
SSE,20120712,1,20120711,sina_finance
SSE,20120713,1,20120712,sina_finance
SSE,20120716,1,20120713,sina_finance
SSE,20120717,1,20120716,sina_finance
SSE,20120718,1,20120717,sina_finance
SSE,20120719,1,20120718,sina_finance
SSE,20120720,1,20120719,sina_finance
SSE,20120723,1,20120720,sina_finance
SSE,20120724,1,20120723,sina_finance
SSE,20120725,1,20120724,sina_finance
SSE,20120726,1,20120725,sina_finance
SSE,20120727,1,20120726,sina_finance
SSE,20120730,1,20120727,sina_finance
SSE,20120731,1,20120730,sina_finance
SSE,20120801,1,20120731,sina_finance
SSE,20120802,1,20120801,sina_finance
SSE,20120803,1,20120802,sina_finance
SSE,20120806,1,20120803,sina_finance
SSE,20120807,1,20120806,sina_finance
SSE,20120808,1,20120807,sina_finance
SSE,20120809,1,20120808,sina_finance
SSE,20120810,1,20120809,sina_finance
SSE,20120813,1,20120810,sina_finance
SSE,20120814,1,20120813,sina_finance
SSE,20120815,1,20120814,sina_finance
SSE,20120816,1,20120815,sina_finance
SSE,20120817,1,20120816,sina_finance
SSE,20120820,1,20120817,sina_finance
SSE,20120821,1,20120820,sina_finance
SSE,20120822,1,20120821,sina_finance
SSE,20120823,1,20120822,sina_finance
SSE,20120824,1,20120823,sina_finance
SSE,20120827,1,20120824,sina_finance
SSE,20120828,1,20120827,sina_finance
SSE,20120829,1,20120828,sina_finance
SSE,20120830,1,20120829,sina_finance
SSE,20120831,1,20120830,sina_finance
SSE,20120903,1,20120831,sina_finance
SSE,20120904,1,20120903,sina_finance
SSE,20120905,1,20120904,sina_finance
SSE,20120906,1,20120905,sina_finance
SSE,20120907,1,20120906,sina_finance
SSE,20120910,1,20120907,sina_finance
SSE,20120911,1,20120910,sina_finance
SSE,20120912,1,20120911,sina_finance
SSE,20120913,1,20120912,sina_finance
SSE,20120914,1,20120913,sina_finance
SSE,20120917,1,20120914,sina_finance
SSE,20120918,1,20120917,sina_finance
SSE,20120919,1,20120918,sina_finance
SSE,20120920,1,20120919,sina_finance
SSE,20120921,1,20120920,sina_finance
SSE,20120924,1,20120921,sina_finance
SSE,20120925,1,20120924,sina_finance
SSE,20120926,1,20120925,sina_finance
SSE,20120927,1,20120926,sina_finance
SSE,20120928,1,20120927,sina_finance
SSE,20121008,1,20120928,sina_finance
SSE,20121009,1,20121008,sina_finance
SSE,20121010,1,20121009,sina_finance
SSE,20121011,1,20121010,sina_finance
SSE,20121012,1,20121011,sina_finance
SSE,20121015,1,20121012,sina_finance
SSE,20121016,1,20121015,sina_finance
SSE,20121017,1,20121016,sina_finance
SSE,20121018,1,20121017,sina_finance
SSE,20121019,1,20121018,sina_finance
SSE,20121022,1,20121019,sina_finance
SSE,20121023,1,20121022,sina_finance
SSE,20121024,1,20121023,sina_finance
SSE,20121025,1,20121024,sina_finance
SSE,20121026,1,20121025,sina_finance
SSE,20121029,1,20121026,sina_finance
SSE,20121030,1,20121029,sina_finance
SSE,20121031,1,20121030,sina_finance
SSE,20121101,1,20121031,sina_finance
SSE,20121102,1,20121101,sina_finance
SSE,20121105,1,20121102,sina_finance
SSE,20121106,1,20121105,sina_finance
SSE,20121107,1,20121106,sina_finance
SSE,20121108,1,20121107,sina_finance
SSE,20121109,1,20121108,sina_finance
SSE,20121112,1,20121109,sina_finance
SSE,20121113,1,20121112,sina_finance
SSE,20121114,1,20121113,sina_finance
SSE,20121115,1,20121114,sina_finance
SSE,20121116,1,20121115,sina_finance
SSE,20121119,1,20121116,sina_finance
SSE,20121120,1,20121119,sina_finance
SSE,20121121,1,20121120,sina_finance
SSE,20121122,1,20121121,sina_finance
SSE,20121123,1,20121122,sina_finance
SSE,20121126,1,20121123,sina_finance
SSE,20121127,1,20121126,sina_finance
SSE,20121128,1,20121127,sina_finance
SSE,20121129,1,20121128,sina_finance
SSE,20121130,1,20121129,sina_finance
SSE,20121203,1,20121130,sina_finance
SSE,20121204,1,20121203,sina_finance
SSE,20121205,1,20121204,sina_finance
SSE,20121206,1,20121205,sina_finance
SSE,20121207,1,20121206,sina_finance
SSE,20121210,1,20121207,sina_finance
SSE,20121211,1,20121210,sina_finance
SSE,20121212,1,20121211,sina_finance
SSE,20121213,1,20121212,sina_finance
SSE,20121214,1,20121213,sina_finance
SSE,20121217,1,20121214,sina_finance
SSE,20121218,1,20121217,sina_finance
SSE,20121219,1,20121218,sina_finance
SSE,20121220,1,20121219,sina_finance
SSE,20121221,1,20121220,sina_finance
SSE,20121224,1,20121221,sina_finance
SSE,20121225,1,20121224,sina_finance
SSE,20121226,1,20121225,sina_finance
SSE,20121227,1,20121226,sina_finance
SSE,20121228,1,20121227,sina_finance
SSE,20121231,1,20121228,sina_finance
SSE,20130104,1,20121231,sina_finance
SSE,20130107,1,20130104,sina_finance
SSE,20130108,1,20130107,sina_finance
SSE,20130109,1,20130108,sina_finance
SSE,20130110,1,20130109,sina_finance
SSE,20130111,1,20130110,sina_finance
SSE,20130114,1,20130111,sina_finance
SSE,20130115,1,20130114,sina_finance
SSE,20130116,1,20130115,sina_finance
SSE,20130117,1,20130116,sina_finance
SSE,20130118,1,20130117,sina_finance
SSE,20130121,1,20130118,sina_finance
SSE,20130122,1,20130121,sina_finance
SSE,20130123,1,20130122,sina_finance
SSE,20130124,1,20130123,sina_finance
SSE,20130125,1,20130124,sina_finance
SSE,20130128,1,20130125,sina_finance
SSE,20130129,1,20130128,sina_finance
SSE,20130130,1,20130129,sina_finance
SSE,20130131,1,20130130,sina_finance
SSE,20130201,1,20130131,sina_finance
SSE,20130204,1,20130201,sina_finance
SSE,20130205,1,20130204,sina_finance
SSE,20130206,1,20130205,sina_finance
SSE,20130207,1,20130206,sina_finance
SSE,20130208,1,20130207,sina_finance
SSE,20130218,1,20130208,sina_finance
SSE,20130219,1,20130218,sina_finance
SSE,20130220,1,20130219,sina_finance
SSE,20130221,1,20130220,sina_finance
SSE,20130222,1,20130221,sina_finance
SSE,20130225,1,20130222,sina_finance
SSE,20130226,1,20130225,sina_finance
SSE,20130227,1,20130226,sina_finance
SSE,20130228,1,20130227,sina_finance
SSE,20130301,1,20130228,sina_finance
SSE,20130304,1,20130301,sina_finance
SSE,20130305,1,20130304,sina_finance
SSE,20130306,1,20130305,sina_finance
SSE,20130307,1,20130306,sina_finance
SSE,20130308,1,20130307,sina_finance
SSE,20130311,1,20130308,sina_finance
SSE,20130312,1,20130311,sina_finance
SSE,20130313,1,20130312,sina_finance
SSE,20130314,1,20130313,sina_finance
SSE,20130315,1,20130314,sina_finance
SSE,20130318,1,20130315,sina_finance
SSE,20130319,1,20130318,sina_finance
SSE,20130320,1,20130319,sina_finance
SSE,20130321,1,20130320,sina_finance
SSE,20130322,1,20130321,sina_finance
SSE,20130325,1,20130322,sina_finance
SSE,20130326,1,20130325,sina_finance
SSE,20130327,1,20130326,sina_finance
SSE,20130328,1,20130327,sina_finance
SSE,20130329,1,20130328,sina_finance
SSE,20130401,1,20130329,sina_finance
SSE,20130402,1,20130401,sina_finance
SSE,20130403,1,20130402,sina_finance
SSE,20130408,1,20130403,sina_finance
SSE,20130409,1,20130408,sina_finance
SSE,20130410,1,20130409,sina_finance
SSE,20130411,1,20130410,sina_finance
SSE,20130412,1,20130411,sina_finance
SSE,20130415,1,20130412,sina_finance
SSE,20130416,1,20130415,sina_finance
SSE,20130417,1,20130416,sina_finance
SSE,20130418,1,20130417,sina_finance
SSE,20130419,1,20130418,sina_finance
SSE,20130422,1,20130419,sina_finance
SSE,20130423,1,20130422,sina_finance
SSE,20130424,1,20130423,sina_finance
SSE,20130425,1,20130424,sina_finance
SSE,20130426,1,20130425,sina_finance
SSE,20130502,1,20130426,sina_finance
SSE,20130503,1,20130502,sina_finance
SSE,20130506,1,20130503,sina_finance
SSE,20130507,1,20130506,sina_finance
SSE,20130508,1,20130507,sina_finance
SSE,20130509,1,20130508,sina_finance
SSE,20130510,1,20130509,sina_finance
SSE,20130513,1,20130510,sina_finance
SSE,20130514,1,20130513,sina_finance
SSE,20130515,1,20130514,sina_finance
SSE,20130516,1,20130515,sina_finance
SSE,20130517,1,20130516,sina_finance
SSE,20130520,1,20130517,sina_finance
SSE,20130521,1,20130520,sina_finance
SSE,20130522,1,20130521,sina_finance
SSE,20130523,1,20130522,sina_finance
SSE,20130524,1,20130523,sina_finance
SSE,20130527,1,20130524,sina_finance
SSE,20130528,1,20130527,sina_finance
SSE,20130529,1,20130528,sina_finance
SSE,20130530,1,20130529,sina_finance
SSE,20130531,1,20130530,sina_finance
SSE,20130603,1,20130531,sina_finance
SSE,20130604,1,20130603,sina_finance
SSE,20130605,1,20130604,sina_finance
SSE,20130606,1,20130605,sina_finance
SSE,20130607,1,20130606,sina_finance
SSE,20130613,1,20130607,sina_finance
SSE,20130614,1,20130613,sina_finance
SSE,20130617,1,20130614,sina_finance
SSE,20130618,1,20130617,sina_finance
SSE,20130619,1,20130618,sina_finance
SSE,20130620,1,20130619,sina_finance
SSE,20130621,1,20130620,sina_finance
SSE,20130624,1,20130621,sina_finance
SSE,20130625,1,20130624,sina_finance
SSE,20130626,1,20130625,sina_finance
SSE,20130627,1,20130626,sina_finance
SSE,20130628,1,20130627,sina_finance
SSE,20130701,1,20130628,sina_finance
SSE,20130702,1,20130701,sina_finance
SSE,20130703,1,20130702,sina_finance
SSE,20130704,1,20130703,sina_finance
SSE,20130705,1,20130704,sina_finance
SSE,20130708,1,20130705,sina_finance
SSE,20130709,1,20130708,sina_finance
SSE,20130710,1,20130709,sina_finance
SSE,20130711,1,20130710,sina_finance
SSE,20130712,1,20130711,sina_finance
SSE,20130715,1,20130712,sina_finance
SSE,20130716,1,20130715,sina_finance
SSE,20130717,1,20130716,sina_finance
SSE,20130718,1,20130717,sina_finance
SSE,20130719,1,20130718,sina_finance
SSE,20130722,1,20130719,sina_finance
SSE,20130723,1,20130722,sina_finance
SSE,20130724,1,20130723,sina_finance
SSE,20130725,1,20130724,sina_finance
SSE,20130726,1,20130725,sina_finance
SSE,20130729,1,20130726,sina_finance
SSE,20130730,1,20130729,sina_finance
SSE,20130731,1,20130730,sina_finance
SSE,20130801,1,20130731,sina_finance
SSE,20130802,1,20130801,sina_finance
SSE,20130805,1,20130802,sina_finance
SSE,20130806,1,20130805,sina_finance
SSE,20130807,1,20130806,sina_finance
SSE,20130808,1,20130807,sina_finance
SSE,20130809,1,20130808,sina_finance
SSE,20130812,1,20130809,sina_finance
SSE,20130813,1,20130812,sina_finance
SSE,20130814,1,20130813,sina_finance
SSE,20130815,1,20130814,sina_finance
SSE,20130816,1,20130815,sina_finance
SSE,20130819,1,20130816,sina_finance
SSE,20130820,1,20130819,sina_finance
SSE,20130821,1,20130820,sina_finance
SSE,20130822,1,20130821,sina_finance
SSE,20130823,1,20130822,sina_finance
SSE,20130826,1,20130823,sina_finance
SSE,20130827,1,20130826,sina_finance
SSE,20130828,1,20130827,sina_finance
SSE,20130829,1,20130828,sina_finance
SSE,20130830,1,20130829,sina_finance
SSE,20130902,1,20130830,sina_finance
SSE,20130903,1,20130902,sina_finance
SSE,20130904,1,20130903,sina_finance
SSE,20130905,1,20130904,sina_finance
SSE,20130906,1,20130905,sina_finance
SSE,20130909,1,20130906,sina_finance
SSE,20130910,1,20130909,sina_finance
SSE,20130911,1,20130910,sina_finance
SSE,20130912,1,20130911,sina_finance
SSE,20130913,1,20130912,sina_finance
SSE,20130916,1,20130913,sina_finance
SSE,20130917,1,20130916,sina_finance
SSE,20130918,1,20130917,sina_finance
SSE,20130923,1,20130918,sina_finance
SSE,20130924,1,20130923,sina_finance
SSE,20130925,1,20130924,sina_finance
SSE,20130926,1,20130925,sina_finance
SSE,20130927,1,20130926,sina_finance
SSE,20130930,1,20130927,sina_finance
SSE,20131008,1,20130930,sina_finance
SSE,20131009,1,20131008,sina_finance
SSE,20131010,1,20131009,sina_finance
SSE,20131011,1,20131010,sina_finance
SSE,20131014,1,20131011,sina_finance
SSE,20131015,1,20131014,sina_finance
SSE,20131016,1,20131015,sina_finance
SSE,20131017,1,20131016,sina_finance
SSE,20131018,1,20131017,sina_finance
SSE,20131021,1,20131018,sina_finance
SSE,20131022,1,20131021,sina_finance
SSE,20131023,1,20131022,sina_finance
SSE,20131024,1,20131023,sina_finance
SSE,20131025,1,20131024,sina_finance
SSE,20131028,1,20131025,sina_finance
SSE,20131029,1,20131028,sina_finance
SSE,20131030,1,20131029,sina_finance
SSE,20131031,1,20131030,sina_finance
SSE,20131101,1,20131031,sina_finance
SSE,20131104,1,20131101,sina_finance
SSE,20131105,1,20131104,sina_finance
SSE,20131106,1,20131105,sina_finance
SSE,20131107,1,20131106,sina_finance
SSE,20131108,1,20131107,sina_finance
SSE,20131111,1,20131108,sina_finance
SSE,20131112,1,20131111,sina_finance
SSE,20131113,1,20131112,sina_finance
SSE,20131114,1,20131113,sina_finance
SSE,20131115,1,20131114,sina_finance
SSE,20131118,1,20131115,sina_finance
SSE,20131119,1,20131118,sina_finance
SSE,20131120,1,20131119,sina_finance
SSE,20131121,1,20131120,sina_finance
SSE,20131122,1,20131121,sina_finance
SSE,20131125,1,20131122,sina_finance
SSE,20131126,1,20131125,sina_finance
SSE,20131127,1,20131126,sina_finance
SSE,20131128,1,20131127,sina_finance
SSE,20131129,1,20131128,sina_finance
SSE,20131202,1,20131129,sina_finance
SSE,20131203,1,20131202,sina_finance
SSE,20131204,1,20131203,sina_finance
SSE,20131205,1,20131204,sina_finance
SSE,20131206,1,20131205,sina_finance
SSE,20131209,1,20131206,sina_finance
SSE,20131210,1,20131209,sina_finance
SSE,20131211,1,20131210,sina_finance
SSE,20131212,1,20131211,sina_finance
SSE,20131213,1,20131212,sina_finance
SSE,20131216,1,20131213,sina_finance
SSE,20131217,1,20131216,sina_finance
SSE,20131218,1,20131217,sina_finance
SSE,20131219,1,20131218,sina_finance
SSE,20131220,1,20131219,sina_finance
SSE,20131223,1,20131220,sina_finance
SSE,20131224,1,20131223,sina_finance
SSE,20131225,1,20131224,sina_finance
SSE,20131226,1,20131225,sina_finance
SSE,20131227,1,20131226,sina_finance
SSE,20131230,1,20131227,sina_finance
SSE,20131231,1,20131230,sina_finance
SSE,20140102,1,20131231,sina_finance
SSE,20140103,1,20140102,sina_finance
SSE,20140106,1,20140103,sina_finance
SSE,20140107,1,20140106,sina_finance
SSE,20140108,1,20140107,sina_finance
SSE,20140109,1,20140108,sina_finance
SSE,20140110,1,20140109,sina_finance
SSE,20140113,1,20140110,sina_finance
SSE,20140114,1,20140113,sina_finance
SSE,20140115,1,20140114,sina_finance
SSE,20140116,1,20140115,sina_finance
SSE,20140117,1,20140116,sina_finance
SSE,20140120,1,20140117,sina_finance
SSE,20140121,1,20140120,sina_finance
SSE,20140122,1,20140121,sina_finance
SSE,20140123,1,20140122,sina_finance
SSE,20140124,1,20140123,sina_finance
SSE,20140127,1,20140124,sina_finance
SSE,20140128,1,20140127,sina_finance
SSE,20140129,1,20140128,sina_finance
SSE,20140130,1,20140129,sina_finance
SSE,20140207,1,20140130,sina_finance
SSE,20140210,1,20140207,sina_finance
SSE,20140211,1,20140210,sina_finance
SSE,20140212,1,20140211,sina_finance
SSE,20140213,1,20140212,sina_finance
SSE,20140214,1,20140213,sina_finance
SSE,20140217,1,20140214,sina_finance
SSE,20140218,1,20140217,sina_finance
SSE,20140219,1,20140218,sina_finance
SSE,20140220,1,20140219,sina_finance
SSE,20140221,1,20140220,sina_finance
SSE,20140224,1,20140221,sina_finance
SSE,20140225,1,20140224,sina_finance
SSE,20140226,1,20140225,sina_finance
SSE,20140227,1,20140226,sina_finance
SSE,20140228,1,20140227,sina_finance
SSE,20140303,1,20140228,sina_finance
SSE,20140304,1,20140303,sina_finance
SSE,20140305,1,20140304,sina_finance
SSE,20140306,1,20140305,sina_finance
SSE,20140307,1,20140306,sina_finance
SSE,20140310,1,20140307,sina_finance
SSE,20140311,1,20140310,sina_finance
SSE,20140312,1,20140311,sina_finance
SSE,20140313,1,20140312,sina_finance
SSE,20140314,1,20140313,sina_finance
SSE,20140317,1,20140314,sina_finance
SSE,20140318,1,20140317,sina_finance
SSE,20140319,1,20140318,sina_finance
SSE,20140320,1,20140319,sina_finance
SSE,20140321,1,20140320,sina_finance
SSE,20140324,1,20140321,sina_finance
SSE,20140325,1,20140324,sina_finance
SSE,20140326,1,20140325,sina_finance
SSE,20140327,1,20140326,sina_finance
SSE,20140328,1,20140327,sina_finance
SSE,20140331,1,20140328,sina_finance
SSE,20140401,1,20140331,sina_finance
SSE,20140402,1,20140401,sina_finance
SSE,20140403,1,20140402,sina_finance
SSE,20140404,1,20140403,sina_finance
SSE,20140408,1,20140404,sina_finance
SSE,20140409,1,20140408,sina_finance
SSE,20140410,1,20140409,sina_finance
SSE,20140411,1,20140410,sina_finance
SSE,20140414,1,20140411,sina_finance
SSE,20140415,1,20140414,sina_finance
SSE,20140416,1,20140415,sina_finance
SSE,20140417,1,20140416,sina_finance
SSE,20140418,1,20140417,sina_finance
SSE,20140421,1,20140418,sina_finance
SSE,20140422,1,20140421,sina_finance
SSE,20140423,1,20140422,sina_finance
SSE,20140424,1,20140423,sina_finance
SSE,20140425,1,20140424,sina_finance
SSE,20140428,1,20140425,sina_finance
SSE,20140429,1,20140428,sina_finance
SSE,20140430,1,20140429,sina_finance
SSE,20140505,1,20140430,sina_finance
SSE,20140506,1,20140505,sina_finance
SSE,20140507,1,20140506,sina_finance
SSE,20140508,1,20140507,sina_finance
SSE,20140509,1,20140508,sina_finance
SSE,20140512,1,20140509,sina_finance
SSE,20140513,1,20140512,sina_finance
SSE,20140514,1,20140513,sina_finance
SSE,20140515,1,20140514,sina_finance
SSE,20140516,1,20140515,sina_finance
SSE,20140519,1,20140516,sina_finance
SSE,20140520,1,20140519,sina_finance
SSE,20140521,1,20140520,sina_finance
SSE,20140522,1,20140521,sina_finance
SSE,20140523,1,20140522,sina_finance
SSE,20140526,1,20140523,sina_finance
SSE,20140527,1,20140526,sina_finance
SSE,20140528,1,20140527,sina_finance
SSE,20140529,1,20140528,sina_finance
SSE,20140530,1,20140529,sina_finance
SSE,20140603,1,20140530,sina_finance
SSE,20140604,1,20140603,sina_finance
SSE,20140605,1,20140604,sina_finance
SSE,20140606,1,20140605,sina_finance
SSE,20140609,1,20140606,sina_finance
SSE,20140610,1,20140609,sina_finance
SSE,20140611,1,20140610,sina_finance
SSE,20140612,1,20140611,sina_finance
SSE,20140613,1,20140612,sina_finance
SSE,20140616,1,20140613,sina_finance
SSE,20140617,1,20140616,sina_finance
SSE,20140618,1,20140617,sina_finance
SSE,20140619,1,20140618,sina_finance
SSE,20140620,1,20140619,sina_finance
SSE,20140623,1,20140620,sina_finance
SSE,20140624,1,20140623,sina_finance
SSE,20140625,1,20140624,sina_finance
SSE,20140626,1,20140625,sina_finance
SSE,20140627,1,20140626,sina_finance
SSE,20140630,1,20140627,sina_finance
SSE,20140701,1,20140630,sina_finance
SSE,20140702,1,20140701,sina_finance
SSE,20140703,1,20140702,sina_finance
SSE,20140704,1,20140703,sina_finance
SSE,20140707,1,20140704,sina_finance
SSE,20140708,1,20140707,sina_finance
SSE,20140709,1,20140708,sina_finance
SSE,20140710,1,20140709,sina_finance
SSE,20140711,1,20140710,sina_finance
SSE,20140714,1,20140711,sina_finance
SSE,20140715,1,20140714,sina_finance
SSE,20140716,1,20140715,sina_finance
SSE,20140717,1,20140716,sina_finance
SSE,20140718,1,20140717,sina_finance
SSE,20140721,1,20140718,sina_finance
SSE,20140722,1,20140721,sina_finance
SSE,20140723,1,20140722,sina_finance
SSE,20140724,1,20140723,sina_finance
SSE,20140725,1,20140724,sina_finance
SSE,20140728,1,20140725,sina_finance
SSE,20140729,1,20140728,sina_finance
SSE,20140730,1,20140729,sina_finance
SSE,20140731,1,20140730,sina_finance
SSE,20140801,1,20140731,sina_finance
SSE,20140804,1,20140801,sina_finance
SSE,20140805,1,20140804,sina_finance
SSE,20140806,1,20140805,sina_finance
SSE,20140807,1,20140806,sina_finance
SSE,20140808,1,20140807,sina_finance
SSE,20140811,1,20140808,sina_finance
SSE,20140812,1,20140811,sina_finance
SSE,20140813,1,20140812,sina_finance
SSE,20140814,1,20140813,sina_finance
SSE,20140815,1,20140814,sina_finance
SSE,20140818,1,20140815,sina_finance
SSE,20140819,1,20140818,sina_finance
SSE,20140820,1,20140819,sina_finance
SSE,20140821,1,20140820,sina_finance
SSE,20140822,1,20140821,sina_finance
SSE,20140825,1,20140822,sina_finance
SSE,20140826,1,20140825,sina_finance
SSE,20140827,1,20140826,sina_finance
SSE,20140828,1,20140827,sina_finance
SSE,20140829,1,20140828,sina_finance
SSE,20140901,1,20140829,sina_finance
SSE,20140902,1,20140901,sina_finance
SSE,20140903,1,20140902,sina_finance
SSE,20140904,1,20140903,sina_finance
SSE,20140905,1,20140904,sina_finance
SSE,20140909,1,20140905,sina_finance
SSE,20140910,1,20140909,sina_finance
SSE,20140911,1,20140910,sina_finance
SSE,20140912,1,20140911,sina_finance
SSE,20140915,1,20140912,sina_finance
SSE,20140916,1,20140915,sina_finance
SSE,20140917,1,20140916,sina_finance
SSE,20140918,1,20140917,sina_finance
SSE,20140919,1,20140918,sina_finance
SSE,20140922,1,20140919,sina_finance
SSE,20140923,1,20140922,sina_finance
SSE,20140924,1,20140923,sina_finance
SSE,20140925,1,20140924,sina_finance
SSE,20140926,1,20140925,sina_finance
SSE,20140929,1,20140926,sina_finance
SSE,20140930,1,20140929,sina_finance
SSE,20141008,1,20140930,sina_finance
SSE,20141009,1,20141008,sina_finance
SSE,20141010,1,20141009,sina_finance
SSE,20141013,1,20141010,sina_finance
SSE,20141014,1,20141013,sina_finance
SSE,20141015,1,20141014,sina_finance
SSE,20141016,1,20141015,sina_finance
SSE,20141017,1,20141016,sina_finance
SSE,20141020,1,20141017,sina_finance
SSE,20141021,1,20141020,sina_finance
SSE,20141022,1,20141021,sina_finance
SSE,20141023,1,20141022,sina_finance
SSE,20141024,1,20141023,sina_finance
SSE,20141027,1,20141024,sina_finance
SSE,20141028,1,20141027,sina_finance
SSE,20141029,1,20141028,sina_finance
SSE,20141030,1,20141029,sina_finance
SSE,20141031,1,20141030,sina_finance
SSE,20141103,1,20141031,sina_finance
SSE,20141104,1,20141103,sina_finance
SSE,20141105,1,20141104,sina_finance
SSE,20141106,1,20141105,sina_finance
SSE,20141107,1,20141106,sina_finance
SSE,20141110,1,20141107,sina_finance
SSE,20141111,1,20141110,sina_finance
SSE,20141112,1,20141111,sina_finance
SSE,20141113,1,20141112,sina_finance
SSE,20141114,1,20141113,sina_finance
SSE,20141117,1,20141114,sina_finance
SSE,20141118,1,20141117,sina_finance
SSE,20141119,1,20141118,sina_finance
SSE,20141120,1,20141119,sina_finance
SSE,20141121,1,20141120,sina_finance
SSE,20141124,1,20141121,sina_finance
SSE,20141125,1,20141124,sina_finance
SSE,20141126,1,20141125,sina_finance
SSE,20141127,1,20141126,sina_finance
SSE,20141128,1,20141127,sina_finance
SSE,20141201,1,20141128,sina_finance
SSE,20141202,1,20141201,sina_finance
SSE,20141203,1,20141202,sina_finance
SSE,20141204,1,20141203,sina_finance
SSE,20141205,1,20141204,sina_finance
SSE,20141208,1,20141205,sina_finance
SSE,20141209,1,20141208,sina_finance
SSE,20141210,1,20141209,sina_finance
SSE,20141211,1,20141210,sina_finance
SSE,20141212,1,20141211,sina_finance
SSE,20141215,1,20141212,sina_finance
SSE,20141216,1,20141215,sina_finance
SSE,20141217,1,20141216,sina_finance
SSE,20141218,1,20141217,sina_finance
SSE,20141219,1,20141218,sina_finance
SSE,20141222,1,20141219,sina_finance
SSE,20141223,1,20141222,sina_finance
SSE,20141224,1,20141223,sina_finance
SSE,20141225,1,20141224,sina_finance
SSE,20141226,1,20141225,sina_finance
SSE,20141229,1,20141226,sina_finance
SSE,20141230,1,20141229,sina_finance
SSE,20141231,1,20141230,sina_finance
SSE,20150105,1,20141231,sina_finance
SSE,20150106,1,20150105,sina_finance
SSE,20150107,1,20150106,sina_finance
SSE,20150108,1,20150107,sina_finance
SSE,20150109,1,20150108,sina_finance
SSE,20150112,1,20150109,sina_finance
SSE,20150113,1,20150112,sina_finance
SSE,20150114,1,20150113,sina_finance
SSE,20150115,1,20150114,sina_finance
SSE,20150116,1,20150115,sina_finance
SSE,20150119,1,20150116,sina_finance
SSE,20150120,1,20150119,sina_finance
SSE,20150121,1,20150120,sina_finance
SSE,20150122,1,20150121,sina_finance
SSE,20150123,1,20150122,sina_finance
SSE,20150126,1,20150123,sina_finance
SSE,20150127,1,20150126,sina_finance
SSE,20150128,1,20150127,sina_finance
SSE,20150129,1,20150128,sina_finance
SSE,20150130,1,20150129,sina_finance
SSE,20150202,1,20150130,sina_finance
SSE,20150203,1,20150202,sina_finance
SSE,20150204,1,20150203,sina_finance
SSE,20150205,1,20150204,sina_finance
SSE,20150206,1,20150205,sina_finance
SSE,20150209,1,20150206,sina_finance
SSE,20150210,1,20150209,sina_finance
SSE,20150211,1,20150210,sina_finance
SSE,20150212,1,20150211,sina_finance
SSE,20150213,1,20150212,sina_finance
SSE,20150216,1,20150213,sina_finance
SSE,20150217,1,20150216,sina_finance
SSE,20150225,1,20150217,sina_finance
SSE,20150226,1,20150225,sina_finance
SSE,20150227,1,20150226,sina_finance
SSE,20150302,1,20150227,sina_finance
SSE,20150303,1,20150302,sina_finance
SSE,20150304,1,20150303,sina_finance
SSE,20150305,1,20150304,sina_finance
SSE,20150306,1,20150305,sina_finance
SSE,20150309,1,20150306,sina_finance
SSE,20150310,1,20150309,sina_finance
SSE,20150311,1,20150310,sina_finance
SSE,20150312,1,20150311,sina_finance
SSE,20150313,1,20150312,sina_finance
SSE,20150316,1,20150313,sina_finance
SSE,20150317,1,20150316,sina_finance
SSE,20150318,1,20150317,sina_finance
SSE,20150319,1,20150318,sina_finance
SSE,20150320,1,20150319,sina_finance
SSE,20150323,1,20150320,sina_finance
SSE,20150324,1,20150323,sina_finance
SSE,20150325,1,20150324,sina_finance
SSE,20150326,1,20150325,sina_finance
SSE,20150327,1,20150326,sina_finance
SSE,20150330,1,20150327,sina_finance
SSE,20150331,1,20150330,sina_finance
SSE,20150401,1,20150331,sina_finance
SSE,20150402,1,20150401,sina_finance
SSE,20150403,1,20150402,sina_finance
SSE,20150407,1,20150403,sina_finance
SSE,20150408,1,20150407,sina_finance
SSE,20150409,1,20150408,sina_finance
SSE,20150410,1,20150409,sina_finance
SSE,20150413,1,20150410,sina_finance
SSE,20150414,1,20150413,sina_finance
SSE,20150415,1,20150414,sina_finance
SSE,20150416,1,20150415,sina_finance
SSE,20150417,1,20150416,sina_finance
SSE,20150420,1,20150417,sina_finance
SSE,20150421,1,20150420,sina_finance
SSE,20150422,1,20150421,sina_finance
SSE,20150423,1,20150422,sina_finance
SSE,20150424,1,20150423,sina_finance
SSE,20150427,1,20150424,sina_finance
SSE,20150428,1,20150427,sina_finance
SSE,20150429,1,20150428,sina_finance
SSE,20150430,1,20150429,sina_finance
SSE,20150504,1,20150430,sina_finance
SSE,20150505,1,20150504,sina_finance
SSE,20150506,1,20150505,sina_finance
SSE,20150507,1,20150506,sina_finance
SSE,20150508,1,20150507,sina_finance
SSE,20150511,1,20150508,sina_finance
SSE,20150512,1,20150511,sina_finance
SSE,20150513,1,20150512,sina_finance
SSE,20150514,1,20150513,sina_finance
SSE,20150515,1,20150514,sina_finance
SSE,20150518,1,20150515,sina_finance
SSE,20150519,1,20150518,sina_finance
SSE,20150520,1,20150519,sina_finance
SSE,20150521,1,20150520,sina_finance
SSE,20150522,1,20150521,sina_finance
SSE,20150525,1,20150522,sina_finance
SSE,20150526,1,20150525,sina_finance
SSE,20150527,1,20150526,sina_finance
SSE,20150528,1,20150527,sina_finance
SSE,20150529,1,20150528,sina_finance
SSE,20150601,1,20150529,sina_finance
SSE,20150602,1,20150601,sina_finance
SSE,20150603,1,20150602,sina_finance
SSE,20150604,1,20150603,sina_finance
SSE,20150605,1,20150604,sina_finance
SSE,20150608,1,20150605,sina_finance
SSE,20150609,1,20150608,sina_finance
SSE,20150610,1,20150609,sina_finance
SSE,20150611,1,20150610,sina_finance
SSE,20150612,1,20150611,sina_finance
SSE,20150615,1,20150612,sina_finance
SSE,20150616,1,20150615,sina_finance
SSE,20150617,1,20150616,sina_finance
SSE,20150618,1,20150617,sina_finance
SSE,20150619,1,20150618,sina_finance
SSE,20150623,1,20150619,sina_finance
SSE,20150624,1,20150623,sina_finance
SSE,20150625,1,20150624,sina_finance
SSE,20150626,1,20150625,sina_finance
SSE,20150629,1,20150626,sina_finance
SSE,20150630,1,20150629,sina_finance
SSE,20150701,1,20150630,sina_finance
SSE,20150702,1,20150701,sina_finance
SSE,20150703,1,20150702,sina_finance
SSE,20150706,1,20150703,sina_finance
SSE,20150707,1,20150706,sina_finance
SSE,20150708,1,20150707,sina_finance
SSE,20150709,1,20150708,sina_finance
SSE,20150710,1,20150709,sina_finance
SSE,20150713,1,20150710,sina_finance
SSE,20150714,1,20150713,sina_finance
SSE,20150715,1,20150714,sina_finance
SSE,20150716,1,20150715,sina_finance
SSE,20150717,1,20150716,sina_finance
SSE,20150720,1,20150717,sina_finance
SSE,20150721,1,20150720,sina_finance
SSE,20150722,1,20150721,sina_finance
SSE,20150723,1,20150722,sina_finance
SSE,20150724,1,20150723,sina_finance
SSE,20150727,1,20150724,sina_finance
SSE,20150728,1,20150727,sina_finance
SSE,20150729,1,20150728,sina_finance
SSE,20150730,1,20150729,sina_finance
SSE,20150731,1,20150730,sina_finance
SSE,20150803,1,20150731,sina_finance
SSE,20150804,1,20150803,sina_finance
SSE,20150805,1,20150804,sina_finance
SSE,20150806,1,20150805,sina_finance
SSE,20150807,1,20150806,sina_finance
SSE,20150810,1,20150807,sina_finance
SSE,20150811,1,20150810,sina_finance
SSE,20150812,1,20150811,sina_finance
SSE,20150813,1,20150812,sina_finance
SSE,20150814,1,20150813,sina_finance
SSE,20150817,1,20150814,sina_finance
SSE,20150818,1,20150817,sina_finance
SSE,20150819,1,20150818,sina_finance
SSE,20150820,1,20150819,sina_finance
SSE,20150821,1,20150820,sina_finance
SSE,20150824,1,20150821,sina_finance
SSE,20150825,1,20150824,sina_finance
SSE,20150826,1,20150825,sina_finance
SSE,20150827,1,20150826,sina_finance
SSE,20150828,1,20150827,sina_finance
SSE,20150831,1,20150828,sina_finance
SSE,20150901,1,20150831,sina_finance
SSE,20150902,1,20150901,sina_finance
SSE,20150907,1,20150902,sina_finance
SSE,20150908,1,20150907,sina_finance
SSE,20150909,1,20150908,sina_finance
SSE,20150910,1,20150909,sina_finance
SSE,20150911,1,20150910,sina_finance
SSE,20150914,1,20150911,sina_finance
SSE,20150915,1,20150914,sina_finance
SSE,20150916,1,20150915,sina_finance
SSE,20150917,1,20150916,sina_finance
SSE,20150918,1,20150917,sina_finance
SSE,20150921,1,20150918,sina_finance
SSE,20150922,1,20150921,sina_finance
SSE,20150923,1,20150922,sina_finance
SSE,20150924,1,20150923,sina_finance
SSE,20150925,1,20150924,sina_finance
SSE,20150928,1,20150925,sina_finance
SSE,20150929,1,20150928,sina_finance
SSE,20150930,1,20150929,sina_finance
SSE,20151008,1,20150930,sina_finance
SSE,20151009,1,20151008,sina_finance
SSE,20151012,1,20151009,sina_finance
SSE,20151013,1,20151012,sina_finance
SSE,20151014,1,20151013,sina_finance
SSE,20151015,1,20151014,sina_finance
SSE,20151016,1,20151015,sina_finance
SSE,20151019,1,20151016,sina_finance
SSE,20151020,1,20151019,sina_finance
SSE,20151021,1,20151020,sina_finance
SSE,20151022,1,20151021,sina_finance
SSE,20151023,1,20151022,sina_finance
SSE,20151026,1,20151023,sina_finance
SSE,20151027,1,20151026,sina_finance
SSE,20151028,1,20151027,sina_finance
SSE,20151029,1,20151028,sina_finance
SSE,20151030,1,20151029,sina_finance
SSE,20151102,1,20151030,sina_finance
SSE,20151103,1,20151102,sina_finance
SSE,20151104,1,20151103,sina_finance
SSE,20151105,1,20151104,sina_finance
SSE,20151106,1,20151105,sina_finance
SSE,20151109,1,20151106,sina_finance
SSE,20151110,1,20151109,sina_finance
SSE,20151111,1,20151110,sina_finance
SSE,20151112,1,20151111,sina_finance
SSE,20151113,1,20151112,sina_finance
SSE,20151116,1,20151113,sina_finance
SSE,20151117,1,20151116,sina_finance
SSE,20151118,1,20151117,sina_finance
SSE,20151119,1,20151118,sina_finance
SSE,20151120,1,20151119,sina_finance
SSE,20151123,1,20151120,sina_finance
SSE,20151124,1,20151123,sina_finance
SSE,20151125,1,20151124,sina_finance
SSE,20151126,1,20151125,sina_finance
SSE,20151127,1,20151126,sina_finance
SSE,20151130,1,20151127,sina_finance
SSE,20151201,1,20151130,sina_finance
SSE,20151202,1,20151201,sina_finance
SSE,20151203,1,20151202,sina_finance
SSE,20151204,1,20151203,sina_finance
SSE,20151207,1,20151204,sina_finance
SSE,20151208,1,20151207,sina_finance
SSE,20151209,1,20151208,sina_finance
SSE,20151210,1,20151209,sina_finance
SSE,20151211,1,20151210,sina_finance
SSE,20151214,1,20151211,sina_finance
SSE,20151215,1,20151214,sina_finance
SSE,20151216,1,20151215,sina_finance
SSE,20151217,1,20151216,sina_finance
SSE,20151218,1,20151217,sina_finance
SSE,20151221,1,20151218,sina_finance
SSE,20151222,1,20151221,sina_finance
SSE,20151223,1,20151222,sina_finance
SSE,20151224,1,20151223,sina_finance
SSE,20151225,1,20151224,sina_finance
SSE,20151228,1,20151225,sina_finance
SSE,20151229,1,20151228,sina_finance
SSE,20151230,1,20151229,sina_finance
SSE,20151231,1,20151230,sina_finance
SSE,20160104,1,20151231,sina_finance
SSE,20160105,1,20160104,sina_finance
SSE,20160106,1,20160105,sina_finance
SSE,20160107,1,20160106,sina_finance
SSE,20160108,1,20160107,sina_finance
SSE,20160111,1,20160108,sina_finance
SSE,20160112,1,20160111,sina_finance
SSE,20160113,1,20160112,sina_finance
SSE,20160114,1,20160113,sina_finance
SSE,20160115,1,20160114,sina_finance
SSE,20160118,1,20160115,sina_finance
SSE,20160119,1,20160118,sina_finance
SSE,20160120,1,20160119,sina_finance
SSE,20160121,1,20160120,sina_finance
SSE,20160122,1,20160121,sina_finance
SSE,20160125,1,20160122,sina_finance
SSE,20160126,1,20160125,sina_finance
SSE,20160127,1,20160126,sina_finance
SSE,20160128,1,20160127,sina_finance
SSE,20160129,1,20160128,sina_finance
SSE,20160201,1,20160129,sina_finance
SSE,20160202,1,20160201,sina_finance
SSE,20160203,1,20160202,sina_finance
SSE,20160204,1,20160203,sina_finance
SSE,20160205,1,20160204,sina_finance
SSE,20160215,1,20160205,sina_finance
SSE,20160216,1,20160215,sina_finance
SSE,20160217,1,20160216,sina_finance
SSE,20160218,1,20160217,sina_finance
SSE,20160219,1,20160218,sina_finance
SSE,20160222,1,20160219,sina_finance
SSE,20160223,1,20160222,sina_finance
SSE,20160224,1,20160223,sina_finance
SSE,20160225,1,20160224,sina_finance
SSE,20160226,1,20160225,sina_finance
SSE,20160229,1,20160226,sina_finance
SSE,20160301,1,20160229,sina_finance
SSE,20160302,1,20160301,sina_finance
SSE,20160303,1,20160302,sina_finance
SSE,20160304,1,20160303,sina_finance
SSE,20160307,1,20160304,sina_finance
SSE,20160308,1,20160307,sina_finance
SSE,20160309,1,20160308,sina_finance
SSE,20160310,1,20160309,sina_finance
SSE,20160311,1,20160310,sina_finance
SSE,20160314,1,20160311,sina_finance
SSE,20160315,1,20160314,sina_finance
SSE,20160316,1,20160315,sina_finance
SSE,20160317,1,20160316,sina_finance
SSE,20160318,1,20160317,sina_finance
SSE,20160321,1,20160318,sina_finance
SSE,20160322,1,20160321,sina_finance
SSE,20160323,1,20160322,sina_finance
SSE,20160324,1,20160323,sina_finance
SSE,20160325,1,20160324,sina_finance
SSE,20160328,1,20160325,sina_finance
SSE,20160329,1,20160328,sina_finance
SSE,20160330,1,20160329,sina_finance
SSE,20160331,1,20160330,sina_finance
SSE,20160401,1,20160331,sina_finance
SSE,20160405,1,20160401,sina_finance
SSE,20160406,1,20160405,sina_finance
SSE,20160407,1,20160406,sina_finance
SSE,20160408,1,20160407,sina_finance
SSE,20160411,1,20160408,sina_finance
SSE,20160412,1,20160411,sina_finance
SSE,20160413,1,20160412,sina_finance
SSE,20160414,1,20160413,sina_finance
SSE,20160415,1,20160414,sina_finance
SSE,20160418,1,20160415,sina_finance
SSE,20160419,1,20160418,sina_finance
SSE,20160420,1,20160419,sina_finance
SSE,20160421,1,20160420,sina_finance
SSE,20160422,1,20160421,sina_finance
SSE,20160425,1,20160422,sina_finance
SSE,20160426,1,20160425,sina_finance
SSE,20160427,1,20160426,sina_finance
SSE,20160428,1,20160427,sina_finance
SSE,20160429,1,20160428,sina_finance
SSE,20160503,1,20160429,sina_finance
SSE,20160504,1,20160503,sina_finance
SSE,20160505,1,20160504,sina_finance
SSE,20160506,1,20160505,sina_finance
SSE,20160509,1,20160506,sina_finance
SSE,20160510,1,20160509,sina_finance
SSE,20160511,1,20160510,sina_finance
SSE,20160512,1,20160511,sina_finance
SSE,20160513,1,20160512,sina_finance
SSE,20160516,1,20160513,sina_finance
SSE,20160517,1,20160516,sina_finance
SSE,20160518,1,20160517,sina_finance
SSE,20160519,1,20160518,sina_finance
SSE,20160520,1,20160519,sina_finance
SSE,20160523,1,20160520,sina_finance
SSE,20160524,1,20160523,sina_finance
SSE,20160525,1,20160524,sina_finance
SSE,20160526,1,20160525,sina_finance
SSE,20160527,1,20160526,sina_finance
SSE,20160530,1,20160527,sina_finance
SSE,20160531,1,20160530,sina_finance
SSE,20160601,1,20160531,sina_finance
SSE,20160602,1,20160601,sina_finance
SSE,20160603,1,20160602,sina_finance
SSE,20160606,1,20160603,sina_finance
SSE,20160607,1,20160606,sina_finance
SSE,20160608,1,20160607,sina_finance
SSE,20160613,1,20160608,sina_finance
SSE,20160614,1,20160613,sina_finance
SSE,20160615,1,20160614,sina_finance
SSE,20160616,1,20160615,sina_finance
SSE,20160617,1,20160616,sina_finance
SSE,20160620,1,20160617,sina_finance
SSE,20160621,1,20160620,sina_finance
SSE,20160622,1,20160621,sina_finance
SSE,20160623,1,20160622,sina_finance
SSE,20160624,1,20160623,sina_finance
SSE,20160627,1,20160624,sina_finance
SSE,20160628,1,20160627,sina_finance
SSE,20160629,1,20160628,sina_finance
SSE,20160630,1,20160629,sina_finance
SSE,20160701,1,20160630,sina_finance
SSE,20160704,1,20160701,sina_finance
SSE,20160705,1,20160704,sina_finance
SSE,20160706,1,20160705,sina_finance
SSE,20160707,1,20160706,sina_finance
SSE,20160708,1,20160707,sina_finance
SSE,20160711,1,20160708,sina_finance
SSE,20160712,1,20160711,sina_finance
SSE,20160713,1,20160712,sina_finance
SSE,20160714,1,20160713,sina_finance
SSE,20160715,1,20160714,sina_finance
SSE,20160718,1,20160715,sina_finance
SSE,20160719,1,20160718,sina_finance
SSE,20160720,1,20160719,sina_finance
SSE,20160721,1,20160720,sina_finance
SSE,20160722,1,20160721,sina_finance
SSE,20160725,1,20160722,sina_finance
SSE,20160726,1,20160725,sina_finance
SSE,20160727,1,20160726,sina_finance
SSE,20160728,1,20160727,sina_finance
SSE,20160729,1,20160728,sina_finance
SSE,20160801,1,20160729,sina_finance
SSE,20160802,1,20160801,sina_finance
SSE,20160803,1,20160802,sina_finance
SSE,20160804,1,20160803,sina_finance
SSE,20160805,1,20160804,sina_finance
SSE,20160808,1,20160805,sina_finance
SSE,20160809,1,20160808,sina_finance
SSE,20160810,1,20160809,sina_finance
SSE,20160811,1,20160810,sina_finance
SSE,20160812,1,20160811,sina_finance
SSE,20160815,1,20160812,sina_finance
SSE,20160816,1,20160815,sina_finance
SSE,20160817,1,20160816,sina_finance
SSE,20160818,1,20160817,sina_finance
SSE,20160819,1,20160818,sina_finance
SSE,20160822,1,20160819,sina_finance
SSE,20160823,1,20160822,sina_finance
SSE,20160824,1,20160823,sina_finance
SSE,20160825,1,20160824,sina_finance
SSE,20160826,1,20160825,sina_finance
SSE,20160829,1,20160826,sina_finance
SSE,20160830,1,20160829,sina_finance
SSE,20160831,1,20160830,sina_finance
SSE,20160901,1,20160831,sina_finance
SSE,20160902,1,20160901,sina_finance
SSE,20160905,1,20160902,sina_finance
SSE,20160906,1,20160905,sina_finance
SSE,20160907,1,20160906,sina_finance
SSE,20160908,1,20160907,sina_finance
SSE,20160909,1,20160908,sina_finance
SSE,20160912,1,20160909,sina_finance
SSE,20160913,1,20160912,sina_finance
SSE,20160914,1,20160913,sina_finance
SSE,20160919,1,20160914,sina_finance
SSE,20160920,1,20160919,sina_finance
SSE,20160921,1,20160920,sina_finance
SSE,20160922,1,20160921,sina_finance
SSE,20160923,1,20160922,sina_finance
SSE,20160926,1,20160923,sina_finance
SSE,20160927,1,20160926,sina_finance
SSE,20160928,1,20160927,sina_finance
SSE,20160929,1,20160928,sina_finance
SSE,20160930,1,20160929,sina_finance
SSE,20161010,1,20160930,sina_finance
SSE,20161011,1,20161010,sina_finance
SSE,20161012,1,20161011,sina_finance
SSE,20161013,1,20161012,sina_finance
SSE,20161014,1,20161013,sina_finance
SSE,20161017,1,20161014,sina_finance
SSE,20161018,1,20161017,sina_finance
SSE,20161019,1,20161018,sina_finance
SSE,20161020,1,20161019,sina_finance
SSE,20161021,1,20161020,sina_finance
SSE,20161024,1,20161021,sina_finance
SSE,20161025,1,20161024,sina_finance
SSE,20161026,1,20161025,sina_finance
SSE,20161027,1,20161026,sina_finance
SSE,20161028,1,20161027,sina_finance
SSE,20161031,1,20161028,sina_finance
SSE,20161101,1,20161031,sina_finance
SSE,20161102,1,20161101,sina_finance
SSE,20161103,1,20161102,sina_finance
SSE,20161104,1,20161103,sina_finance
SSE,20161107,1,20161104,sina_finance
SSE,20161108,1,20161107,sina_finance
SSE,20161109,1,20161108,sina_finance
SSE,20161110,1,20161109,sina_finance
SSE,20161111,1,20161110,sina_finance
SSE,20161114,1,20161111,sina_finance
SSE,20161115,1,20161114,sina_finance
SSE,20161116,1,20161115,sina_finance
SSE,20161117,1,20161116,sina_finance
SSE,20161118,1,20161117,sina_finance
SSE,20161121,1,20161118,sina_finance
SSE,20161122,1,20161121,sina_finance
SSE,20161123,1,20161122,sina_finance
SSE,20161124,1,20161123,sina_finance
SSE,20161125,1,20161124,sina_finance
SSE,20161128,1,20161125,sina_finance
SSE,20161129,1,20161128,sina_finance
SSE,20161130,1,20161129,sina_finance
SSE,20161201,1,20161130,sina_finance
SSE,20161202,1,20161201,sina_finance
SSE,20161205,1,20161202,sina_finance
SSE,20161206,1,20161205,sina_finance
SSE,20161207,1,20161206,sina_finance
SSE,20161208,1,20161207,sina_finance
SSE,20161209,1,20161208,sina_finance
SSE,20161212,1,20161209,sina_finance
SSE,20161213,1,20161212,sina_finance
SSE,20161214,1,20161213,sina_finance
SSE,20161215,1,20161214,sina_finance
SSE,20161216,1,20161215,sina_finance
SSE,20161219,1,20161216,sina_finance
SSE,20161220,1,20161219,sina_finance
SSE,20161221,1,20161220,sina_finance
SSE,20161222,1,20161221,sina_finance
SSE,20161223,1,20161222,sina_finance
SSE,20161226,1,20161223,sina_finance
SSE,20161227,1,20161226,sina_finance
SSE,20161228,1,20161227,sina_finance
SSE,20161229,1,20161228,sina_finance
SSE,20161230,1,20161229,sina_finance
SSE,20170103,1,20161230,sina_finance
SSE,20170104,1,20170103,sina_finance
SSE,20170105,1,20170104,sina_finance
SSE,20170106,1,20170105,sina_finance
SSE,20170109,1,20170106,sina_finance
SSE,20170110,1,20170109,sina_finance
SSE,20170111,1,20170110,sina_finance
SSE,20170112,1,20170111,sina_finance
SSE,20170113,1,20170112,sina_finance
SSE,20170116,1,20170113,sina_finance
SSE,20170117,1,20170116,sina_finance
SSE,20170118,1,20170117,sina_finance
SSE,20170119,1,20170118,sina_finance
SSE,20170120,1,20170119,sina_finance
SSE,20170123,1,20170120,sina_finance
SSE,20170124,1,20170123,sina_finance
SSE,20170125,1,20170124,sina_finance
SSE,20170126,1,20170125,sina_finance
SSE,20170203,1,20170126,sina_finance
SSE,20170206,1,20170203,sina_finance
SSE,20170207,1,20170206,sina_finance
SSE,20170208,1,20170207,sina_finance
SSE,20170209,1,20170208,sina_finance
SSE,20170210,1,20170209,sina_finance
SSE,20170213,1,20170210,sina_finance
SSE,20170214,1,20170213,sina_finance
SSE,20170215,1,20170214,sina_finance
SSE,20170216,1,20170215,sina_finance
SSE,20170217,1,20170216,sina_finance
SSE,20170220,1,20170217,sina_finance
SSE,20170221,1,20170220,sina_finance
SSE,20170222,1,20170221,sina_finance
SSE,20170223,1,20170222,sina_finance
SSE,20170224,1,20170223,sina_finance
SSE,20170227,1,20170224,sina_finance
SSE,20170228,1,20170227,sina_finance
SSE,20170301,1,20170228,sina_finance
SSE,20170302,1,20170301,sina_finance
SSE,20170303,1,20170302,sina_finance
SSE,20170306,1,20170303,sina_finance
SSE,20170307,1,20170306,sina_finance
SSE,20170308,1,20170307,sina_finance
SSE,20170309,1,20170308,sina_finance
SSE,20170310,1,20170309,sina_finance
SSE,20170313,1,20170310,sina_finance
SSE,20170314,1,20170313,sina_finance
SSE,20170315,1,20170314,sina_finance
SSE,20170316,1,20170315,sina_finance
SSE,20170317,1,20170316,sina_finance
SSE,20170320,1,20170317,sina_finance
SSE,20170321,1,20170320,sina_finance
SSE,20170322,1,20170321,sina_finance
SSE,20170323,1,20170322,sina_finance
SSE,20170324,1,20170323,sina_finance
SSE,20170327,1,20170324,sina_finance
SSE,20170328,1,20170327,sina_finance
SSE,20170329,1,20170328,sina_finance
SSE,20170330,1,20170329,sina_finance
SSE,20170331,1,20170330,sina_finance
SSE,20170405,1,20170331,sina_finance
SSE,20170406,1,20170405,sina_finance
SSE,20170407,1,20170406,sina_finance
SSE,20170410,1,20170407,sina_finance
SSE,20170411,1,20170410,sina_finance
SSE,20170412,1,20170411,sina_finance
SSE,20170413,1,20170412,sina_finance
SSE,20170414,1,20170413,sina_finance
SSE,20170417,1,20170414,sina_finance
SSE,20170418,1,20170417,sina_finance
SSE,20170419,1,20170418,sina_finance
SSE,20170420,1,20170419,sina_finance
SSE,20170421,1,20170420,sina_finance
SSE,20170424,1,20170421,sina_finance
SSE,20170425,1,20170424,sina_finance
SSE,20170426,1,20170425,sina_finance
SSE,20170427,1,20170426,sina_finance
SSE,20170428,1,20170427,sina_finance
SSE,20170502,1,20170428,sina_finance
SSE,20170503,1,20170502,sina_finance
SSE,20170504,1,20170503,sina_finance
SSE,20170505,1,20170504,sina_finance
SSE,20170508,1,20170505,sina_finance
SSE,20170509,1,20170508,sina_finance
SSE,20170510,1,20170509,sina_finance
SSE,20170511,1,20170510,sina_finance
SSE,20170512,1,20170511,sina_finance
SSE,20170515,1,20170512,sina_finance
SSE,20170516,1,20170515,sina_finance
SSE,20170517,1,20170516,sina_finance
SSE,20170518,1,20170517,sina_finance
SSE,20170519,1,20170518,sina_finance
SSE,20170522,1,20170519,sina_finance
SSE,20170523,1,20170522,sina_finance
SSE,20170524,1,20170523,sina_finance
SSE,20170525,1,20170524,sina_finance
SSE,20170526,1,20170525,sina_finance
SSE,20170531,1,20170526,sina_finance
SSE,20170601,1,20170531,sina_finance
SSE,20170602,1,20170601,sina_finance
SSE,20170605,1,20170602,sina_finance
SSE,20170606,1,20170605,sina_finance
SSE,20170607,1,20170606,sina_finance
SSE,20170608,1,20170607,sina_finance
SSE,20170609,1,20170608,sina_finance
SSE,20170612,1,20170609,sina_finance
SSE,20170613,1,20170612,sina_finance
SSE,20170614,1,20170613,sina_finance
SSE,20170615,1,20170614,sina_finance
SSE,20170616,1,20170615,sina_finance
SSE,20170619,1,20170616,sina_finance
SSE,20170620,1,20170619,sina_finance
SSE,20170621,1,20170620,sina_finance
SSE,20170622,1,20170621,sina_finance
SSE,20170623,1,20170622,sina_finance
SSE,20170626,1,20170623,sina_finance
SSE,20170627,1,20170626,sina_finance
SSE,20170628,1,20170627,sina_finance
SSE,20170629,1,20170628,sina_finance
SSE,20170630,1,20170629,sina_finance
SSE,20170703,1,20170630,sina_finance
SSE,20170704,1,20170703,sina_finance
SSE,20170705,1,20170704,sina_finance
SSE,20170706,1,20170705,sina_finance
SSE,20170707,1,20170706,sina_finance
SSE,20170710,1,20170707,sina_finance
SSE,20170711,1,20170710,sina_finance
SSE,20170712,1,20170711,sina_finance
SSE,20170713,1,20170712,sina_finance
SSE,20170714,1,20170713,sina_finance
SSE,20170717,1,20170714,sina_finance
SSE,20170718,1,20170717,sina_finance
SSE,20170719,1,20170718,sina_finance
SSE,20170720,1,20170719,sina_finance
SSE,20170721,1,20170720,sina_finance
SSE,20170724,1,20170721,sina_finance
SSE,20170725,1,20170724,sina_finance
SSE,20170726,1,20170725,sina_finance
SSE,20170727,1,20170726,sina_finance
SSE,20170728,1,20170727,sina_finance
SSE,20170731,1,20170728,sina_finance
SSE,20170801,1,20170731,sina_finance
SSE,20170802,1,20170801,sina_finance
SSE,20170803,1,20170802,sina_finance
SSE,20170804,1,20170803,sina_finance
SSE,20170807,1,20170804,sina_finance
SSE,20170808,1,20170807,sina_finance
SSE,20170809,1,20170808,sina_finance
SSE,20170810,1,20170809,sina_finance
SSE,20170811,1,20170810,sina_finance
SSE,20170814,1,20170811,sina_finance
SSE,20170815,1,20170814,sina_finance
SSE,20170816,1,20170815,sina_finance
SSE,20170817,1,20170816,sina_finance
SSE,20170818,1,20170817,sina_finance
SSE,20170821,1,20170818,sina_finance
SSE,20170822,1,20170821,sina_finance
SSE,20170823,1,20170822,sina_finance
SSE,20170824,1,20170823,sina_finance
SSE,20170825,1,20170824,sina_finance
SSE,20170828,1,20170825,sina_finance
SSE,20170829,1,20170828,sina_finance
SSE,20170830,1,20170829,sina_finance
SSE,20170831,1,20170830,sina_finance
SSE,20170901,1,20170831,sina_finance
SSE,20170904,1,20170901,sina_finance
SSE,20170905,1,20170904,sina_finance
SSE,20170906,1,20170905,sina_finance
SSE,20170907,1,20170906,sina_finance
SSE,20170908,1,20170907,sina_finance
SSE,20170911,1,20170908,sina_finance
SSE,20170912,1,20170911,sina_finance
SSE,20170913,1,20170912,sina_finance
SSE,20170914,1,20170913,sina_finance
SSE,20170915,1,20170914,sina_finance
SSE,20170918,1,20170915,sina_finance
SSE,20170919,1,20170918,sina_finance
SSE,20170920,1,20170919,sina_finance
SSE,20170921,1,20170920,sina_finance
SSE,20170922,1,20170921,sina_finance
SSE,20170925,1,20170922,sina_finance
SSE,20170926,1,20170925,sina_finance
SSE,20170927,1,20170926,sina_finance
SSE,20170928,1,20170927,sina_finance
SSE,20170929,1,20170928,sina_finance
SSE,20171009,1,20170929,sina_finance
SSE,20171010,1,20171009,sina_finance
SSE,20171011,1,20171010,sina_finance
SSE,20171012,1,20171011,sina_finance
SSE,20171013,1,20171012,sina_finance
SSE,20171016,1,20171013,sina_finance
SSE,20171017,1,20171016,sina_finance
SSE,20171018,1,20171017,sina_finance
SSE,20171019,1,20171018,sina_finance
SSE,20171020,1,20171019,sina_finance
SSE,20171023,1,20171020,sina_finance
SSE,20171024,1,20171023,sina_finance
SSE,20171025,1,20171024,sina_finance
SSE,20171026,1,20171025,sina_finance
SSE,20171027,1,20171026,sina_finance
SSE,20171030,1,20171027,sina_finance
SSE,20171031,1,20171030,sina_finance
SSE,20171101,1,20171031,sina_finance
SSE,20171102,1,20171101,sina_finance
SSE,20171103,1,20171102,sina_finance
SSE,20171106,1,20171103,sina_finance
SSE,20171107,1,20171106,sina_finance
SSE,20171108,1,20171107,sina_finance
SSE,20171109,1,20171108,sina_finance
SSE,20171110,1,20171109,sina_finance
SSE,20171113,1,20171110,sina_finance
SSE,20171114,1,20171113,sina_finance
SSE,20171115,1,20171114,sina_finance
SSE,20171116,1,20171115,sina_finance
SSE,20171117,1,20171116,sina_finance
SSE,20171120,1,20171117,sina_finance
SSE,20171121,1,20171120,sina_finance
SSE,20171122,1,20171121,sina_finance
SSE,20171123,1,20171122,sina_finance
SSE,20171124,1,20171123,sina_finance
SSE,20171127,1,20171124,sina_finance
SSE,20171128,1,20171127,sina_finance
SSE,20171129,1,20171128,sina_finance
SSE,20171130,1,20171129,sina_finance
SSE,20171201,1,20171130,sina_finance
SSE,20171204,1,20171201,sina_finance
SSE,20171205,1,20171204,sina_finance
SSE,20171206,1,20171205,sina_finance
SSE,20171207,1,20171206,sina_finance
SSE,20171208,1,20171207,sina_finance
SSE,20171211,1,20171208,sina_finance
SSE,20171212,1,20171211,sina_finance
SSE,20171213,1,20171212,sina_finance
SSE,20171214,1,20171213,sina_finance
SSE,20171215,1,20171214,sina_finance
SSE,20171218,1,20171215,sina_finance
SSE,20171219,1,20171218,sina_finance
SSE,20171220,1,20171219,sina_finance
SSE,20171221,1,20171220,sina_finance
SSE,20171222,1,20171221,sina_finance
SSE,20171225,1,20171222,sina_finance
SSE,20171226,1,20171225,sina_finance
SSE,20171227,1,20171226,sina_finance
SSE,20171228,1,20171227,sina_finance
SSE,20171229,1,20171228,sina_finance
SSE,20180102,1,20171229,sina_finance
SSE,20180103,1,20180102,sina_finance
SSE,20180104,1,20180103,sina_finance
SSE,20180105,1,20180104,sina_finance
SSE,20180108,1,20180105,sina_finance
SSE,20180109,1,20180108,sina_finance
SSE,20180110,1,20180109,sina_finance
SSE,20180111,1,20180110,sina_finance
SSE,20180112,1,20180111,sina_finance
SSE,20180115,1,20180112,sina_finance
SSE,20180116,1,20180115,sina_finance
SSE,20180117,1,20180116,sina_finance
SSE,20180118,1,20180117,sina_finance
SSE,20180119,1,20180118,sina_finance
SSE,20180122,1,20180119,sina_finance
SSE,20180123,1,20180122,sina_finance
SSE,20180124,1,20180123,sina_finance
SSE,20180125,1,20180124,sina_finance
SSE,20180126,1,20180125,sina_finance
SSE,20180129,1,20180126,sina_finance
SSE,20180130,1,20180129,sina_finance
SSE,20180131,1,20180130,sina_finance
SSE,20180201,1,20180131,sina_finance
SSE,20180202,1,20180201,sina_finance
SSE,20180205,1,20180202,sina_finance
SSE,20180206,1,20180205,sina_finance
SSE,20180207,1,20180206,sina_finance
SSE,20180208,1,20180207,sina_finance
SSE,20180209,1,20180208,sina_finance
SSE,20180212,1,20180209,sina_finance
SSE,20180213,1,20180212,sina_finance
SSE,20180214,1,20180213,sina_finance
SSE,20180222,1,20180214,sina_finance
SSE,20180223,1,20180222,sina_finance
SSE,20180226,1,20180223,sina_finance
SSE,20180227,1,20180226,sina_finance
SSE,20180228,1,20180227,sina_finance
SSE,20180301,1,20180228,sina_finance
SSE,20180302,1,20180301,sina_finance
SSE,20180305,1,20180302,sina_finance
SSE,20180306,1,20180305,sina_finance
SSE,20180307,1,20180306,sina_finance
SSE,20180308,1,20180307,sina_finance
SSE,20180309,1,20180308,sina_finance
SSE,20180312,1,20180309,sina_finance
SSE,20180313,1,20180312,sina_finance
SSE,20180314,1,20180313,sina_finance
SSE,20180315,1,20180314,sina_finance
SSE,20180316,1,20180315,sina_finance
SSE,20180319,1,20180316,sina_finance
SSE,20180320,1,20180319,sina_finance
SSE,20180321,1,20180320,sina_finance
SSE,20180322,1,20180321,sina_finance
SSE,20180323,1,20180322,sina_finance
SSE,20180326,1,20180323,sina_finance
SSE,20180327,1,20180326,sina_finance
SSE,20180328,1,20180327,sina_finance
SSE,20180329,1,20180328,sina_finance
SSE,20180330,1,20180329,sina_finance
SSE,20180402,1,20180330,sina_finance
SSE,20180403,1,20180402,sina_finance
SSE,20180404,1,20180403,sina_finance
SSE,20180409,1,20180404,sina_finance
SSE,20180410,1,20180409,sina_finance
SSE,20180411,1,20180410,sina_finance
SSE,20180412,1,20180411,sina_finance
SSE,20180413,1,20180412,sina_finance
SSE,20180416,1,20180413,sina_finance
SSE,20180417,1,20180416,sina_finance
SSE,20180418,1,20180417,sina_finance
SSE,20180419,1,20180418,sina_finance
SSE,20180420,1,20180419,sina_finance
SSE,20180423,1,20180420,sina_finance
SSE,20180424,1,20180423,sina_finance
SSE,20180425,1,20180424,sina_finance
SSE,20180426,1,20180425,sina_finance
SSE,20180427,1,20180426,sina_finance
SSE,20180502,1,20180427,sina_finance
SSE,20180503,1,20180502,sina_finance
SSE,20180504,1,20180503,sina_finance
SSE,20180507,1,20180504,sina_finance
SSE,20180508,1,20180507,sina_finance
SSE,20180509,1,20180508,sina_finance
SSE,20180510,1,20180509,sina_finance
SSE,20180511,1,20180510,sina_finance
SSE,20180514,1,20180511,sina_finance
SSE,20180515,1,20180514,sina_finance
SSE,20180516,1,20180515,sina_finance
SSE,20180517,1,20180516,sina_finance
SSE,20180518,1,20180517,sina_finance
SSE,20180521,1,20180518,sina_finance
SSE,20180522,1,20180521,sina_finance
SSE,20180523,1,20180522,sina_finance
SSE,20180524,1,20180523,sina_finance
SSE,20180525,1,20180524,sina_finance
SSE,20180528,1,20180525,sina_finance
SSE,20180529,1,20180528,sina_finance
SSE,20180530,1,20180529,sina_finance
SSE,20180531,1,20180530,sina_finance
SSE,20180601,1,20180531,sina_finance
SSE,20180604,1,20180601,sina_finance
SSE,20180605,1,20180604,sina_finance
SSE,20180606,1,20180605,sina_finance
SSE,20180607,1,20180606,sina_finance
SSE,20180608,1,20180607,sina_finance
SSE,20180611,1,20180608,sina_finance
SSE,20180612,1,20180611,sina_finance
SSE,20180613,1,20180612,sina_finance
SSE,20180614,1,20180613,sina_finance
SSE,20180615,1,20180614,sina_finance
SSE,20180619,1,20180615,sina_finance
SSE,20180620,1,20180619,sina_finance
SSE,20180621,1,20180620,sina_finance
SSE,20180622,1,20180621,sina_finance
SSE,20180625,1,20180622,sina_finance
SSE,20180626,1,20180625,sina_finance
SSE,20180627,1,20180626,sina_finance
SSE,20180628,1,20180627,sina_finance
SSE,20180629,1,20180628,sina_finance
SSE,20180702,1,20180629,sina_finance
SSE,20180703,1,20180702,sina_finance
SSE,20180704,1,20180703,sina_finance
SSE,20180705,1,20180704,sina_finance
SSE,20180706,1,20180705,sina_finance
SSE,20180709,1,20180706,sina_finance
SSE,20180710,1,20180709,sina_finance
SSE,20180711,1,20180710,sina_finance
SSE,20180712,1,20180711,sina_finance
SSE,20180713,1,20180712,sina_finance
SSE,20180716,1,20180713,sina_finance
SSE,20180717,1,20180716,sina_finance
SSE,20180718,1,20180717,sina_finance
SSE,20180719,1,20180718,sina_finance
SSE,20180720,1,20180719,sina_finance
SSE,20180723,1,20180720,sina_finance
SSE,20180724,1,20180723,sina_finance
SSE,20180725,1,20180724,sina_finance
SSE,20180726,1,20180725,sina_finance
SSE,20180727,1,20180726,sina_finance
SSE,20180730,1,20180727,sina_finance
SSE,20180731,1,20180730,sina_finance
SSE,20180801,1,20180731,sina_finance
SSE,20180802,1,20180801,sina_finance
SSE,20180803,1,20180802,sina_finance
SSE,20180806,1,20180803,sina_finance
SSE,20180807,1,20180806,sina_finance
SSE,20180808,1,20180807,sina_finance
SSE,20180809,1,20180808,sina_finance
SSE,20180810,1,20180809,sina_finance
SSE,20180813,1,20180810,sina_finance
SSE,20180814,1,20180813,sina_finance
SSE,20180815,1,20180814,sina_finance
SSE,20180816,1,20180815,sina_finance
SSE,20180817,1,20180816,sina_finance
SSE,20180820,1,20180817,sina_finance
SSE,20180821,1,20180820,sina_finance
SSE,20180822,1,20180821,sina_finance
SSE,20180823,1,20180822,sina_finance
SSE,20180824,1,20180823,sina_finance
SSE,20180827,1,20180824,sina_finance
SSE,20180828,1,20180827,sina_finance
SSE,20180829,1,20180828,sina_finance
SSE,20180830,1,20180829,sina_finance
SSE,20180831,1,20180830,sina_finance
SSE,20180903,1,20180831,sina_finance
SSE,20180904,1,20180903,sina_finance
SSE,20180905,1,20180904,sina_finance
SSE,20180906,1,20180905,sina_finance
SSE,20180907,1,20180906,sina_finance
SSE,20180910,1,20180907,sina_finance
SSE,20180911,1,20180910,sina_finance
SSE,20180912,1,20180911,sina_finance
SSE,20180913,1,20180912,sina_finance
SSE,20180914,1,20180913,sina_finance
SSE,20180917,1,20180914,sina_finance
SSE,20180918,1,20180917,sina_finance
SSE,20180919,1,20180918,sina_finance
SSE,20180920,1,20180919,sina_finance
SSE,20180921,1,20180920,sina_finance
SSE,20180925,1,20180921,sina_finance
SSE,20180926,1,20180925,sina_finance
SSE,20180927,1,20180926,sina_finance
SSE,20180928,1,20180927,sina_finance
SSE,20181008,1,20180928,sina_finance
SSE,20181009,1,20181008,sina_finance
SSE,20181010,1,20181009,sina_finance
SSE,20181011,1,20181010,sina_finance
SSE,20181012,1,20181011,sina_finance
SSE,20181015,1,20181012,sina_finance
SSE,20181016,1,20181015,sina_finance
SSE,20181017,1,20181016,sina_finance
SSE,20181018,1,20181017,sina_finance
SSE,20181019,1,20181018,sina_finance
SSE,20181022,1,20181019,sina_finance
SSE,20181023,1,20181022,sina_finance
SSE,20181024,1,20181023,sina_finance
SSE,20181025,1,20181024,sina_finance
SSE,20181026,1,20181025,sina_finance
SSE,20181029,1,20181026,sina_finance
SSE,20181030,1,20181029,sina_finance
SSE,20181031,1,20181030,sina_finance
SSE,20181101,1,20181031,sina_finance
SSE,20181102,1,20181101,sina_finance
SSE,20181105,1,20181102,sina_finance
SSE,20181106,1,20181105,sina_finance
SSE,20181107,1,20181106,sina_finance
SSE,20181108,1,20181107,sina_finance
SSE,20181109,1,20181108,sina_finance
SSE,20181112,1,20181109,sina_finance
SSE,20181113,1,20181112,sina_finance
SSE,20181114,1,20181113,sina_finance
SSE,20181115,1,20181114,sina_finance
SSE,20181116,1,20181115,sina_finance
SSE,20181119,1,20181116,sina_finance
SSE,20181120,1,20181119,sina_finance
SSE,20181121,1,20181120,sina_finance
SSE,20181122,1,20181121,sina_finance
SSE,20181123,1,20181122,sina_finance
SSE,20181126,1,20181123,sina_finance
SSE,20181127,1,20181126,sina_finance
SSE,20181128,1,20181127,sina_finance
SSE,20181129,1,20181128,sina_finance
SSE,20181130,1,20181129,sina_finance
SSE,20181203,1,20181130,sina_finance
SSE,20181204,1,20181203,sina_finance
SSE,20181205,1,20181204,sina_finance
SSE,20181206,1,20181205,sina_finance
SSE,20181207,1,20181206,sina_finance
SSE,20181210,1,20181207,sina_finance
SSE,20181211,1,20181210,sina_finance
SSE,20181212,1,20181211,sina_finance
SSE,20181213,1,20181212,sina_finance
SSE,20181214,1,20181213,sina_finance
SSE,20181217,1,20181214,sina_finance
SSE,20181218,1,20181217,sina_finance
SSE,20181219,1,20181218,sina_finance
SSE,20181220,1,20181219,sina_finance
SSE,20181221,1,20181220,sina_finance
SSE,20181224,1,20181221,sina_finance
SSE,20181225,1,20181224,sina_finance
SSE,20181226,1,20181225,sina_finance
SSE,20181227,1,20181226,sina_finance
SSE,20181228,1,20181227,sina_finance
SSE,20190102,1,20181228,sina_finance
SSE,20190103,1,20190102,sina_finance
SSE,20190104,1,20190103,sina_finance
SSE,20190107,1,20190104,sina_finance
SSE,20190108,1,20190107,sina_finance
SSE,20190109,1,20190108,sina_finance
SSE,20190110,1,20190109,sina_finance
SSE,20190111,1,20190110,sina_finance
SSE,20190114,1,20190111,sina_finance
SSE,20190115,1,20190114,sina_finance
SSE,20190116,1,20190115,sina_finance
SSE,20190117,1,20190116,sina_finance
SSE,20190118,1,20190117,sina_finance
SSE,20190121,1,20190118,sina_finance
SSE,20190122,1,20190121,sina_finance
SSE,20190123,1,20190122,sina_finance
SSE,20190124,1,20190123,sina_finance
SSE,20190125,1,20190124,sina_finance
SSE,20190128,1,20190125,sina_finance
SSE,20190129,1,20190128,sina_finance
SSE,20190130,1,20190129,sina_finance
SSE,20190131,1,20190130,sina_finance
SSE,20190201,1,20190131,sina_finance
SSE,20190211,1,20190201,sina_finance
SSE,20190212,1,20190211,sina_finance
SSE,20190213,1,20190212,sina_finance
SSE,20190214,1,20190213,sina_finance
SSE,20190215,1,20190214,sina_finance
SSE,20190218,1,20190215,sina_finance
SSE,20190219,1,20190218,sina_finance
SSE,20190220,1,20190219,sina_finance
SSE,20190221,1,20190220,sina_finance
SSE,20190222,1,20190221,sina_finance
SSE,20190225,1,20190222,sina_finance
SSE,20190226,1,20190225,sina_finance
SSE,20190227,1,20190226,sina_finance
SSE,20190228,1,20190227,sina_finance
SSE,20190301,1,20190228,sina_finance
SSE,20190304,1,20190301,sina_finance
SSE,20190305,1,20190304,sina_finance
SSE,20190306,1,20190305,sina_finance
SSE,20190307,1,20190306,sina_finance
SSE,20190308,1,20190307,sina_finance
SSE,20190311,1,20190308,sina_finance
SSE,20190312,1,20190311,sina_finance
SSE,20190313,1,20190312,sina_finance
SSE,20190314,1,20190313,sina_finance
SSE,20190315,1,20190314,sina_finance
SSE,20190318,1,20190315,sina_finance
SSE,20190319,1,20190318,sina_finance
SSE,20190320,1,20190319,sina_finance
SSE,20190321,1,20190320,sina_finance
SSE,20190322,1,20190321,sina_finance
SSE,20190325,1,20190322,sina_finance
SSE,20190326,1,20190325,sina_finance
SSE,20190327,1,20190326,sina_finance
SSE,20190328,1,20190327,sina_finance
SSE,20190329,1,20190328,sina_finance
SSE,20190401,1,20190329,sina_finance
SSE,20190402,1,20190401,sina_finance
SSE,20190403,1,20190402,sina_finance
SSE,20190404,1,20190403,sina_finance
SSE,20190408,1,20190404,sina_finance
SSE,20190409,1,20190408,sina_finance
SSE,20190410,1,20190409,sina_finance
SSE,20190411,1,20190410,sina_finance
SSE,20190412,1,20190411,sina_finance
SSE,20190415,1,20190412,sina_finance
SSE,20190416,1,20190415,sina_finance
SSE,20190417,1,20190416,sina_finance
SSE,20190418,1,20190417,sina_finance
SSE,20190419,1,20190418,sina_finance
SSE,20190422,1,20190419,sina_finance
SSE,20190423,1,20190422,sina_finance
SSE,20190424,1,20190423,sina_finance
SSE,20190425,1,20190424,sina_finance
SSE,20190426,1,20190425,sina_finance
SSE,20190429,1,20190426,sina_finance
SSE,20190430,1,20190429,sina_finance
SSE,20190506,1,20190430,sina_finance
SSE,20190507,1,20190506,sina_finance
SSE,20190508,1,20190507,sina_finance
SSE,20190509,1,20190508,sina_finance
SSE,20190510,1,20190509,sina_finance
SSE,20190513,1,20190510,sina_finance
SSE,20190514,1,20190513,sina_finance
SSE,20190515,1,20190514,sina_finance
SSE,20190516,1,20190515,sina_finance
SSE,20190517,1,20190516,sina_finance
SSE,20190520,1,20190517,sina_finance
SSE,20190521,1,20190520,sina_finance
SSE,20190522,1,20190521,sina_finance
SSE,20190523,1,20190522,sina_finance
SSE,20190524,1,20190523,sina_finance
SSE,20190527,1,20190524,sina_finance
SSE,20190528,1,20190527,sina_finance
SSE,20190529,1,20190528,sina_finance
SSE,20190530,1,20190529,sina_finance
SSE,20190531,1,20190530,sina_finance
SSE,20190603,1,20190531,sina_finance
SSE,20190604,1,20190603,sina_finance
SSE,20190605,1,20190604,sina_finance
SSE,20190606,1,20190605,sina_finance
SSE,20190610,1,20190606,sina_finance
SSE,20190611,1,20190610,sina_finance
SSE,20190612,1,20190611,sina_finance
SSE,20190613,1,20190612,sina_finance
SSE,20190614,1,20190613,sina_finance
SSE,20190617,1,20190614,sina_finance
SSE,20190618,1,20190617,sina_finance
SSE,20190619,1,20190618,sina_finance
SSE,20190620,1,20190619,sina_finance
SSE,20190621,1,20190620,sina_finance
SSE,20190624,1,20190621,sina_finance
SSE,20190625,1,20190624,sina_finance
SSE,20190626,1,20190625,sina_finance
SSE,20190627,1,20190626,sina_finance
SSE,20190628,1,20190627,sina_finance
SSE,20190701,1,20190628,sina_finance
SSE,20190702,1,20190701,sina_finance
SSE,20190703,1,20190702,sina_finance
SSE,20190704,1,20190703,sina_finance
SSE,20190705,1,20190704,sina_finance
SSE,20190708,1,20190705,sina_finance
SSE,20190709,1,20190708,sina_finance
SSE,20190710,1,20190709,sina_finance
SSE,20190711,1,20190710,sina_finance
SSE,20190712,1,20190711,sina_finance
SSE,20190715,1,20190712,sina_finance
SSE,20190716,1,20190715,sina_finance
SSE,20190717,1,20190716,sina_finance
SSE,20190718,1,20190717,sina_finance
SSE,20190719,1,20190718,sina_finance
SSE,20190722,1,20190719,sina_finance
SSE,20190723,1,20190722,sina_finance
SSE,20190724,1,20190723,sina_finance
SSE,20190725,1,20190724,sina_finance
SSE,20190726,1,20190725,sina_finance
SSE,20190729,1,20190726,sina_finance
SSE,20190730,1,20190729,sina_finance
SSE,20190731,1,20190730,sina_finance
SSE,20190801,1,20190731,sina_finance
SSE,20190802,1,20190801,sina_finance
SSE,20190805,1,20190802,sina_finance
SSE,20190806,1,20190805,sina_finance
SSE,20190807,1,20190806,sina_finance
SSE,20190808,1,20190807,sina_finance
SSE,20190809,1,20190808,sina_finance
SSE,20190812,1,20190809,sina_finance
SSE,20190813,1,20190812,sina_finance
SSE,20190814,1,20190813,sina_finance
SSE,20190815,1,20190814,sina_finance
SSE,20190816,1,20190815,sina_finance
SSE,20190819,1,20190816,sina_finance
SSE,20190820,1,20190819,sina_finance
SSE,20190821,1,20190820,sina_finance
SSE,20190822,1,20190821,sina_finance
SSE,20190823,1,20190822,sina_finance
SSE,20190826,1,20190823,sina_finance
SSE,20190827,1,20190826,sina_finance
SSE,20190828,1,20190827,sina_finance
SSE,20190829,1,20190828,sina_finance
SSE,20190830,1,20190829,sina_finance
SSE,20190902,1,20190830,sina_finance
SSE,20190903,1,20190902,sina_finance
SSE,20190904,1,20190903,sina_finance
SSE,20190905,1,20190904,sina_finance
SSE,20190906,1,20190905,sina_finance
SSE,20190909,1,20190906,sina_finance
SSE,20190910,1,20190909,sina_finance
SSE,20190911,1,20190910,sina_finance
SSE,20190912,1,20190911,sina_finance
SSE,20190916,1,20190912,sina_finance
SSE,20190917,1,20190916,sina_finance
SSE,20190918,1,20190917,sina_finance
SSE,20190919,1,20190918,sina_finance
SSE,20190920,1,20190919,sina_finance
SSE,20190923,1,20190920,sina_finance
SSE,20190924,1,20190923,sina_finance
SSE,20190925,1,20190924,sina_finance
SSE,20190926,1,20190925,sina_finance
SSE,20190927,1,20190926,sina_finance
SSE,20190930,1,20190927,sina_finance
SSE,20191008,1,20190930,sina_finance
SSE,20191009,1,20191008,sina_finance
SSE,20191010,1,20191009,sina_finance
SSE,20191011,1,20191010,sina_finance
SSE,20191014,1,20191011,sina_finance
SSE,20191015,1,20191014,sina_finance
SSE,20191016,1,20191015,sina_finance
SSE,20191017,1,20191016,sina_finance
SSE,20191018,1,20191017,sina_finance
SSE,20191021,1,20191018,sina_finance
SSE,20191022,1,20191021,sina_finance
SSE,20191023,1,20191022,sina_finance
SSE,20191024,1,20191023,sina_finance
SSE,20191025,1,20191024,sina_finance
SSE,20191028,1,20191025,sina_finance
SSE,20191029,1,20191028,sina_finance
SSE,20191030,1,20191029,sina_finance
SSE,20191031,1,20191030,sina_finance
SSE,20191101,1,20191031,sina_finance
SSE,20191104,1,20191101,sina_finance
SSE,20191105,1,20191104,sina_finance
SSE,20191106,1,20191105,sina_finance
SSE,20191107,1,20191106,sina_finance
SSE,20191108,1,20191107,sina_finance
SSE,20191111,1,20191108,sina_finance
SSE,20191112,1,20191111,sina_finance
SSE,20191113,1,20191112,sina_finance
SSE,20191114,1,20191113,sina_finance
SSE,20191115,1,20191114,sina_finance
SSE,20191118,1,20191115,sina_finance
SSE,20191119,1,20191118,sina_finance
SSE,20191120,1,20191119,sina_finance
SSE,20191121,1,20191120,sina_finance
SSE,20191122,1,20191121,sina_finance
SSE,20191125,1,20191122,sina_finance
SSE,20191126,1,20191125,sina_finance
SSE,20191127,1,20191126,sina_finance
SSE,20191128,1,20191127,sina_finance
SSE,20191129,1,20191128,sina_finance
SSE,20191202,1,20191129,sina_finance
SSE,20191203,1,20191202,sina_finance
SSE,20191204,1,20191203,sina_finance
SSE,20191205,1,20191204,sina_finance
SSE,20191206,1,20191205,sina_finance
SSE,20191209,1,20191206,sina_finance
SSE,20191210,1,20191209,sina_finance
SSE,20191211,1,20191210,sina_finance
SSE,20191212,1,20191211,sina_finance
SSE,20191213,1,20191212,sina_finance
SSE,20191216,1,20191213,sina_finance
SSE,20191217,1,20191216,sina_finance
SSE,20191218,1,20191217,sina_finance
SSE,20191219,1,20191218,sina_finance
SSE,20191220,1,20191219,sina_finance
SSE,20191223,1,20191220,sina_finance
SSE,20191224,1,20191223,sina_finance
SSE,20191225,1,20191224,sina_finance
SSE,20191226,1,20191225,sina_finance
SSE,20191227,1,20191226,sina_finance
SSE,20191230,1,20191227,sina_finance
SSE,20191231,1,20191230,sina_finance
SSE,20200102,1,20191231,sina_finance
SSE,20200103,1,20200102,sina_finance
SSE,20200106,1,20200103,sina_finance
SSE,20200107,1,20200106,sina_finance
SSE,20200108,1,20200107,sina_finance
SSE,20200109,1,20200108,sina_finance
SSE,20200110,1,20200109,sina_finance
SSE,20200113,1,20200110,sina_finance
SSE,20200114,1,20200113,sina_finance
SSE,20200115,1,20200114,sina_finance
SSE,20200116,1,20200115,sina_finance
SSE,20200117,1,20200116,sina_finance
SSE,20200120,1,20200117,sina_finance
SSE,20200121,1,20200120,sina_finance
SSE,20200122,1,20200121,sina_finance
SSE,20200123,1,20200122,sina_finance
SSE,20200203,1,20200123,sina_finance
SSE,20200204,1,20200203,sina_finance
SSE,20200205,1,20200204,sina_finance
SSE,20200206,1,20200205,sina_finance
SSE,20200207,1,20200206,sina_finance
SSE,20200210,1,20200207,sina_finance
SSE,20200211,1,20200210,sina_finance
SSE,20200212,1,20200211,sina_finance
SSE,20200213,1,20200212,sina_finance
SSE,20200214,1,20200213,sina_finance
SSE,20200217,1,20200214,sina_finance
SSE,20200218,1,20200217,sina_finance
SSE,20200219,1,20200218,sina_finance
SSE,20200220,1,20200219,sina_finance
SSE,20200221,1,20200220,sina_finance
SSE,20200224,1,20200221,sina_finance
SSE,20200225,1,20200224,sina_finance
SSE,20200226,1,20200225,sina_finance
SSE,20200227,1,20200226,sina_finance
SSE,20200228,1,20200227,sina_finance
SSE,20200302,1,20200228,sina_finance
SSE,20200303,1,20200302,sina_finance
SSE,20200304,1,20200303,sina_finance
SSE,20200305,1,20200304,sina_finance
SSE,20200306,1,20200305,sina_finance
SSE,20200309,1,20200306,sina_finance
SSE,20200310,1,20200309,sina_finance
SSE,20200311,1,20200310,sina_finance
SSE,20200312,1,20200311,sina_finance
SSE,20200313,1,20200312,sina_finance
SSE,20200316,1,20200313,sina_finance
SSE,20200317,1,20200316,sina_finance
SSE,20200318,1,20200317,sina_finance
SSE,20200319,1,20200318,sina_finance
SSE,20200320,1,20200319,sina_finance
SSE,20200323,1,20200320,sina_finance
SSE,20200324,1,20200323,sina_finance
SSE,20200325,1,20200324,sina_finance
SSE,20200326,1,20200325,sina_finance
SSE,20200327,1,20200326,sina_finance
SSE,20200330,1,20200327,sina_finance
SSE,20200331,1,20200330,sina_finance
SSE,20200401,1,20200331,sina_finance
SSE,20200402,1,20200401,sina_finance
SSE,20200403,1,20200402,sina_finance
SSE,20200407,1,20200403,sina_finance
SSE,20200408,1,20200407,sina_finance
SSE,20200409,1,20200408,sina_finance
SSE,20200410,1,20200409,sina_finance
SSE,20200413,1,20200410,sina_finance
SSE,20200414,1,20200413,sina_finance
SSE,20200415,1,20200414,sina_finance
SSE,20200416,1,20200415,sina_finance
SSE,20200417,1,20200416,sina_finance
SSE,20200420,1,20200417,sina_finance
SSE,20200421,1,20200420,sina_finance
SSE,20200422,1,20200421,sina_finance
SSE,20200423,1,20200422,sina_finance
SSE,20200424,1,20200423,sina_finance
SSE,20200427,1,20200424,sina_finance
SSE,20200428,1,20200427,sina_finance
SSE,20200429,1,20200428,sina_finance
SSE,20200430,1,20200429,sina_finance
SSE,20200506,1,20200430,sina_finance
SSE,20200507,1,20200506,sina_finance
SSE,20200508,1,20200507,sina_finance
SSE,20200511,1,20200508,sina_finance
SSE,20200512,1,20200511,sina_finance
SSE,20200513,1,20200512,sina_finance
SSE,20200514,1,20200513,sina_finance
SSE,20200515,1,20200514,sina_finance
SSE,20200518,1,20200515,sina_finance
SSE,20200519,1,20200518,sina_finance
SSE,20200520,1,20200519,sina_finance
SSE,20200521,1,20200520,sina_finance
SSE,20200522,1,20200521,sina_finance
SSE,20200525,1,20200522,sina_finance
SSE,20200526,1,20200525,sina_finance
SSE,20200527,1,20200526,sina_finance
SSE,20200528,1,20200527,sina_finance
SSE,20200529,1,20200528,sina_finance
SSE,20200601,1,20200529,sina_finance
SSE,20200602,1,20200601,sina_finance
SSE,20200603,1,20200602,sina_finance
SSE,20200604,1,20200603,sina_finance
SSE,20200605,1,20200604,sina_finance
SSE,20200608,1,20200605,sina_finance
SSE,20200609,1,20200608,sina_finance
SSE,20200610,1,20200609,sina_finance
SSE,20200611,1,20200610,sina_finance
SSE,20200612,1,20200611,sina_finance
SSE,20200615,1,20200612,sina_finance
SSE,20200616,1,20200615,sina_finance
SSE,20200617,1,20200616,sina_finance
SSE,20200618,1,20200617,sina_finance
SSE,20200619,1,20200618,sina_finance
SSE,20200622,1,20200619,sina_finance
SSE,20200623,1,20200622,sina_finance
SSE,20200624,1,20200623,sina_finance
SSE,20200629,1,20200624,sina_finance
SSE,20200630,1,20200629,sina_finance
SSE,20200701,1,20200630,sina_finance
SSE,20200702,1,20200701,sina_finance
SSE,20200703,1,20200702,sina_finance
SSE,20200706,1,20200703,sina_finance
SSE,20200707,1,20200706,sina_finance
SSE,20200708,1,20200707,sina_finance
SSE,20200709,1,20200708,sina_finance
SSE,20200710,1,20200709,sina_finance
SSE,20200713,1,20200710,sina_finance
SSE,20200714,1,20200713,sina_finance
SSE,20200715,1,20200714,sina_finance
SSE,20200716,1,20200715,sina_finance
SSE,20200717,1,20200716,sina_finance
SSE,20200720,1,20200717,sina_finance
SSE,20200721,1,20200720,sina_finance
SSE,20200722,1,20200721,sina_finance
SSE,20200723,1,20200722,sina_finance
SSE,20200724,1,20200723,sina_finance
SSE,20200727,1,20200724,sina_finance
SSE,20200728,1,20200727,sina_finance
SSE,20200729,1,20200728,sina_finance
SSE,20200730,1,20200729,sina_finance
SSE,20200731,1,20200730,sina_finance
SSE,20200803,1,20200731,sina_finance
SSE,20200804,1,20200803,sina_finance
SSE,20200805,1,20200804,sina_finance
SSE,20200806,1,20200805,sina_finance
SSE,20200807,1,20200806,sina_finance
SSE,20200810,1,20200807,sina_finance
SSE,20200811,1,20200810,sina_finance
SSE,20200812,1,20200811,sina_finance
SSE,20200813,1,20200812,sina_finance
SSE,20200814,1,20200813,sina_finance
SSE,20200817,1,20200814,sina_finance
SSE,20200818,1,20200817,sina_finance
SSE,20200819,1,20200818,sina_finance
SSE,20200820,1,20200819,sina_finance
SSE,20200821,1,20200820,sina_finance
SSE,20200824,1,20200821,sina_finance
SSE,20200825,1,20200824,sina_finance
SSE,20200826,1,20200825,sina_finance
SSE,20200827,1,20200826,sina_finance
SSE,20200828,1,20200827,sina_finance
SSE,20200831,1,20200828,sina_finance
SSE,20200901,1,20200831,sina_finance
SSE,20200902,1,20200901,sina_finance
SSE,20200903,1,20200902,sina_finance
SSE,20200904,1,20200903,sina_finance
SSE,20200907,1,20200904,sina_finance
SSE,20200908,1,20200907,sina_finance
SSE,20200909,1,20200908,sina_finance
SSE,20200910,1,20200909,sina_finance
SSE,20200911,1,20200910,sina_finance
SSE,20200914,1,20200911,sina_finance
SSE,20200915,1,20200914,sina_finance
SSE,20200916,1,20200915,sina_finance
SSE,20200917,1,20200916,sina_finance
SSE,20200918,1,20200917,sina_finance
SSE,20200921,1,20200918,sina_finance
SSE,20200922,1,20200921,sina_finance
SSE,20200923,1,20200922,sina_finance
SSE,20200924,1,20200923,sina_finance
SSE,20200925,1,20200924,sina_finance
SSE,20200928,1,20200925,sina_finance
SSE,20200929,1,20200928,sina_finance
SSE,20200930,1,20200929,sina_finance
SSE,20201009,1,20200930,sina_finance
SSE,20201012,1,20201009,sina_finance
SSE,20201013,1,20201012,sina_finance
SSE,20201014,1,20201013,sina_finance
SSE,20201015,1,20201014,sina_finance
SSE,20201016,1,20201015,sina_finance
SSE,20201019,1,20201016,sina_finance
SSE,20201020,1,20201019,sina_finance
SSE,20201021,1,20201020,sina_finance
SSE,20201022,1,20201021,sina_finance
SSE,20201023,1,20201022,sina_finance
SSE,20201026,1,20201023,sina_finance
SSE,20201027,1,20201026,sina_finance
SSE,20201028,1,20201027,sina_finance
SSE,20201029,1,20201028,sina_finance
SSE,20201030,1,20201029,sina_finance
SSE,20201102,1,20201030,sina_finance
SSE,20201103,1,20201102,sina_finance
SSE,20201104,1,20201103,sina_finance
SSE,20201105,1,20201104,sina_finance
SSE,20201106,1,20201105,sina_finance
SSE,20201109,1,20201106,sina_finance
SSE,20201110,1,20201109,sina_finance
SSE,20201111,1,20201110,sina_finance
SSE,20201112,1,20201111,sina_finance
SSE,20201113,1,20201112,sina_finance
SSE,20201116,1,20201113,sina_finance
SSE,20201117,1,20201116,sina_finance
SSE,20201118,1,20201117,sina_finance
SSE,20201119,1,20201118,sina_finance
SSE,20201120,1,20201119,sina_finance
SSE,20201123,1,20201120,sina_finance
SSE,20201124,1,20201123,sina_finance
SSE,20201125,1,20201124,sina_finance
SSE,20201126,1,20201125,sina_finance
SSE,20201127,1,20201126,sina_finance
SSE,20201130,1,20201127,sina_finance
SSE,20201201,1,20201130,sina_finance
SSE,20201202,1,20201201,sina_finance
SSE,20201203,1,20201202,sina_finance
SSE,20201204,1,20201203,sina_finance
SSE,20201207,1,20201204,sina_finance
SSE,20201208,1,20201207,sina_finance
SSE,20201209,1,20201208,sina_finance
SSE,20201210,1,20201209,sina_finance
SSE,20201211,1,20201210,sina_finance
SSE,20201214,1,20201211,sina_finance
SSE,20201215,1,20201214,sina_finance
SSE,20201216,1,20201215,sina_finance
SSE,20201217,1,20201216,sina_finance
SSE,20201218,1,20201217,sina_finance
SSE,20201221,1,20201218,sina_finance
SSE,20201222,1,20201221,sina_finance
SSE,20201223,1,20201222,sina_finance
SSE,20201224,1,20201223,sina_finance
SSE,20201225,1,20201224,sina_finance
SSE,20201228,1,20201225,sina_finance
SSE,20201229,1,20201228,sina_finance
SSE,20201230,1,20201229,sina_finance
SSE,20201231,1,20201230,sina_finance
SSE,20210104,1,20201231,sina_finance
SSE,20210105,1,20210104,sina_finance
SSE,20210106,1,20210105,sina_finance
SSE,20210107,1,20210106,sina_finance
SSE,20210108,1,20210107,sina_finance
SSE,20210111,1,20210108,sina_finance
SSE,20210112,1,20210111,sina_finance
SSE,20210113,1,20210112,sina_finance
SSE,20210114,1,20210113,sina_finance
SSE,20210115,1,20210114,sina_finance
SSE,20210118,1,20210115,sina_finance
SSE,20210119,1,20210118,sina_finance
SSE,20210120,1,20210119,sina_finance
SSE,20210121,1,20210120,sina_finance
SSE,20210122,1,20210121,sina_finance
SSE,20210125,1,20210122,sina_finance
SSE,20210126,1,20210125,sina_finance
SSE,20210127,1,20210126,sina_finance
SSE,20210128,1,20210127,sina_finance
SSE,20210129,1,20210128,sina_finance
SSE,20210201,1,20210129,sina_finance
SSE,20210202,1,20210201,sina_finance
SSE,20210203,1,20210202,sina_finance
SSE,20210204,1,20210203,sina_finance
SSE,20210205,1,20210204,sina_finance
SSE,20210208,1,20210205,sina_finance
SSE,20210209,1,20210208,sina_finance
SSE,20210210,1,20210209,sina_finance
SSE,20210218,1,20210210,sina_finance
SSE,20210219,1,20210218,sina_finance
SSE,20210222,1,20210219,sina_finance
SSE,20210223,1,20210222,sina_finance
SSE,20210224,1,20210223,sina_finance
SSE,20210225,1,20210224,sina_finance
SSE,20210226,1,20210225,sina_finance
SSE,20210301,1,20210226,sina_finance
SSE,20210302,1,20210301,sina_finance
SSE,20210303,1,20210302,sina_finance
SSE,20210304,1,20210303,sina_finance
SSE,20210305,1,20210304,sina_finance
SSE,20210308,1,20210305,sina_finance
SSE,20210309,1,20210308,sina_finance
SSE,20210310,1,20210309,sina_finance
SSE,20210311,1,20210310,sina_finance
SSE,20210312,1,20210311,sina_finance
SSE,20210315,1,20210312,sina_finance
SSE,20210316,1,20210315,sina_finance
SSE,20210317,1,20210316,sina_finance
SSE,20210318,1,20210317,sina_finance
SSE,20210319,1,20210318,sina_finance
SSE,20210322,1,20210319,sina_finance
SSE,20210323,1,20210322,sina_finance
SSE,20210324,1,20210323,sina_finance
SSE,20210325,1,20210324,sina_finance
SSE,20210326,1,20210325,sina_finance
SSE,20210329,1,20210326,sina_finance
SSE,20210330,1,20210329,sina_finance
SSE,20210331,1,20210330,sina_finance
SSE,20210401,1,20210331,sina_finance
SSE,20210402,1,20210401,sina_finance
SSE,20210406,1,20210402,sina_finance
SSE,20210407,1,20210406,sina_finance
SSE,20210408,1,20210407,sina_finance
SSE,20210409,1,20210408,sina_finance
SSE,20210412,1,20210409,sina_finance
SSE,20210413,1,20210412,sina_finance
SSE,20210414,1,20210413,sina_finance
SSE,20210415,1,20210414,sina_finance
SSE,20210416,1,20210415,sina_finance
SSE,20210419,1,20210416,sina_finance
SSE,20210420,1,20210419,sina_finance
SSE,20210421,1,20210420,sina_finance
SSE,20210422,1,20210421,sina_finance
SSE,20210423,1,20210422,sina_finance
SSE,20210426,1,20210423,sina_finance
SSE,20210427,1,20210426,sina_finance
SSE,20210428,1,20210427,sina_finance
SSE,20210429,1,20210428,sina_finance
SSE,20210430,1,20210429,sina_finance
SSE,20210506,1,20210430,sina_finance
SSE,20210507,1,20210506,sina_finance
SSE,20210510,1,20210507,sina_finance
SSE,20210511,1,20210510,sina_finance
SSE,20210512,1,20210511,sina_finance
SSE,20210513,1,20210512,sina_finance
SSE,20210514,1,20210513,sina_finance
SSE,20210517,1,20210514,sina_finance
SSE,20210518,1,20210517,sina_finance
SSE,20210519,1,20210518,sina_finance
SSE,20210520,1,20210519,sina_finance
SSE,20210521,1,20210520,sina_finance
SSE,20210524,1,20210521,sina_finance
SSE,20210525,1,20210524,sina_finance
SSE,20210526,1,20210525,sina_finance
SSE,20210527,1,20210526,sina_finance
SSE,20210528,1,20210527,sina_finance
SSE,20210531,1,20210528,sina_finance
SSE,20210601,1,20210531,sina_finance
SSE,20210602,1,20210601,sina_finance
SSE,20210603,1,20210602,sina_finance
SSE,20210604,1,20210603,sina_finance
SSE,20210607,1,20210604,sina_finance
SSE,20210608,1,20210607,sina_finance
SSE,20210609,1,20210608,sina_finance
SSE,20210610,1,20210609,sina_finance
SSE,20210611,1,20210610,sina_finance
SSE,20210615,1,20210611,sina_finance
SSE,20210616,1,20210615,sina_finance
SSE,20210617,1,20210616,sina_finance
SSE,20210618,1,20210617,sina_finance
SSE,20210621,1,20210618,sina_finance
SSE,20210622,1,20210621,sina_finance
SSE,20210623,1,20210622,sina_finance
SSE,20210624,1,20210623,sina_finance
SSE,20210625,1,20210624,sina_finance
SSE,20210628,1,20210625,sina_finance
SSE,20210629,1,20210628,sina_finance
SSE,20210630,1,20210629,sina_finance
SSE,20210701,1,20210630,sina_finance
SSE,20210702,1,20210701,sina_finance
SSE,20210705,1,20210702,sina_finance
SSE,20210706,1,20210705,sina_finance
SSE,20210707,1,20210706,sina_finance
SSE,20210708,1,20210707,sina_finance
SSE,20210709,1,20210708,sina_finance
SSE,20210712,1,20210709,sina_finance
SSE,20210713,1,20210712,sina_finance
SSE,20210714,1,20210713,sina_finance
SSE,20210715,1,20210714,sina_finance
SSE,20210716,1,20210715,sina_finance
SSE,20210719,1,20210716,sina_finance
SSE,20210720,1,20210719,sina_finance
SSE,20210721,1,20210720,sina_finance
SSE,20210722,1,20210721,sina_finance
SSE,20210723,1,20210722,sina_finance
SSE,20210726,1,20210723,sina_finance
SSE,20210727,1,20210726,sina_finance
SSE,20210728,1,20210727,sina_finance
SSE,20210729,1,20210728,sina_finance
SSE,20210730,1,20210729,sina_finance
SSE,20210802,1,20210730,sina_finance
SSE,20210803,1,20210802,sina_finance
SSE,20210804,1,20210803,sina_finance
SSE,20210805,1,20210804,sina_finance
SSE,20210806,1,20210805,sina_finance
SSE,20210809,1,20210806,sina_finance
SSE,20210810,1,20210809,sina_finance
SSE,20210811,1,20210810,sina_finance
SSE,20210812,1,20210811,sina_finance
SSE,20210813,1,20210812,sina_finance
SSE,20210816,1,20210813,sina_finance
SSE,20210817,1,20210816,sina_finance
SSE,20210818,1,20210817,sina_finance
SSE,20210819,1,20210818,sina_finance
SSE,20210820,1,20210819,sina_finance
SSE,20210823,1,20210820,sina_finance
SSE,20210824,1,20210823,sina_finance
SSE,20210825,1,20210824,sina_finance
SSE,20210826,1,20210825,sina_finance
SSE,20210827,1,20210826,sina_finance
SSE,20210830,1,20210827,sina_finance
SSE,20210831,1,20210830,sina_finance
SSE,20210901,1,20210831,sina_finance
SSE,20210902,1,20210901,sina_finance
SSE,20210903,1,20210902,sina_finance
SSE,20210906,1,20210903,sina_finance
SSE,20210907,1,20210906,sina_finance
SSE,20210908,1,20210907,sina_finance
SSE,20210909,1,20210908,sina_finance
SSE,20210910,1,20210909,sina_finance
SSE,20210913,1,20210910,sina_finance
SSE,20210914,1,20210913,sina_finance
SSE,20210915,1,20210914,sina_finance
SSE,20210916,1,20210915,sina_finance
SSE,20210917,1,20210916,sina_finance
SSE,20210922,1,20210917,sina_finance
SSE,20210923,1,20210922,sina_finance
SSE,20210924,1,20210923,sina_finance
SSE,20210927,1,20210924,sina_finance
SSE,20210928,1,20210927,sina_finance
SSE,20210929,1,20210928,sina_finance
SSE,20210930,1,20210929,sina_finance
SSE,20211008,1,20210930,sina_finance
SSE,20211011,1,20211008,sina_finance
SSE,20211012,1,20211011,sina_finance
SSE,20211013,1,20211012,sina_finance
SSE,20211014,1,20211013,sina_finance
SSE,20211015,1,20211014,sina_finance
SSE,20211018,1,20211015,sina_finance
SSE,20211019,1,20211018,sina_finance
SSE,20211020,1,20211019,sina_finance
SSE,20211021,1,20211020,sina_finance
SSE,20211022,1,20211021,sina_finance
SSE,20211025,1,20211022,sina_finance
SSE,20211026,1,20211025,sina_finance
SSE,20211027,1,20211026,sina_finance
SSE,20211028,1,20211027,sina_finance
SSE,20211029,1,20211028,sina_finance
SSE,20211101,1,20211029,sina_finance
SSE,20211102,1,20211101,sina_finance
SSE,20211103,1,20211102,sina_finance
SSE,20211104,1,20211103,sina_finance
SSE,20211105,1,20211104,sina_finance
SSE,20211108,1,20211105,sina_finance
SSE,20211109,1,20211108,sina_finance
SSE,20211110,1,20211109,sina_finance
SSE,20211111,1,20211110,sina_finance
SSE,20211112,1,20211111,sina_finance
SSE,20211115,1,20211112,sina_finance
SSE,20211116,1,20211115,sina_finance
SSE,20211117,1,20211116,sina_finance
SSE,20211118,1,20211117,sina_finance
SSE,20211119,1,20211118,sina_finance
SSE,20211122,1,20211119,sina_finance
SSE,20211123,1,20211122,sina_finance
SSE,20211124,1,20211123,sina_finance
SSE,20211125,1,20211124,sina_finance
SSE,20211126,1,20211125,sina_finance
SSE,20211129,1,20211126,sina_finance
SSE,20211130,1,20211129,sina_finance
SSE,20211201,1,20211130,sina_finance
SSE,20211202,1,20211201,sina_finance
SSE,20211203,1,20211202,sina_finance
SSE,20211206,1,20211203,sina_finance
SSE,20211207,1,20211206,sina_finance
SSE,20211208,1,20211207,sina_finance
SSE,20211209,1,20211208,sina_finance
SSE,20211210,1,20211209,sina_finance
SSE,20211213,1,20211210,sina_finance
SSE,20211214,1,20211213,sina_finance
SSE,20211215,1,20211214,sina_finance
SSE,20211216,1,20211215,sina_finance
SSE,20211217,1,20211216,sina_finance
SSE,20211220,1,20211217,sina_finance
SSE,20211221,1,20211220,sina_finance
SSE,20211222,1,20211221,sina_finance
SSE,20211223,1,20211222,sina_finance
SSE,20211224,1,20211223,sina_finance
SSE,20211227,1,20211224,sina_finance
SSE,20211228,1,20211227,sina_finance
SSE,20211229,1,20211228,sina_finance
SSE,20211230,1,20211229,sina_finance
SSE,20211231,1,20211230,sina_finance
SSE,20220104,1,20211231,sina_finance
SSE,20220105,1,20220104,sina_finance
SSE,20220106,1,20220105,sina_finance
SSE,20220107,1,20220106,sina_finance
SSE,20220110,1,20220107,sina_finance
SSE,20220111,1,20220110,sina_finance
SSE,20220112,1,20220111,sina_finance
SSE,20220113,1,20220112,sina_finance
SSE,20220114,1,20220113,sina_finance
SSE,20220117,1,20220114,sina_finance
SSE,20220118,1,20220117,sina_finance
SSE,20220119,1,20220118,sina_finance
SSE,20220120,1,20220119,sina_finance
SSE,20220121,1,20220120,sina_finance
SSE,20220124,1,20220121,sina_finance
SSE,20220125,1,20220124,sina_finance
SSE,20220126,1,20220125,sina_finance
SSE,20220127,1,20220126,sina_finance
SSE,20220128,1,20220127,sina_finance
SSE,20220207,1,20220128,sina_finance
SSE,20220208,1,20220207,sina_finance
SSE,20220209,1,20220208,sina_finance
SSE,20220210,1,20220209,sina_finance
SSE,20220211,1,20220210,sina_finance
SSE,20220214,1,20220211,sina_finance
SSE,20220215,1,20220214,sina_finance
SSE,20220216,1,20220215,sina_finance
SSE,20220217,1,20220216,sina_finance
SSE,20220218,1,20220217,sina_finance
SSE,20220221,1,20220218,sina_finance
SSE,20220222,1,20220221,sina_finance
SSE,20220223,1,20220222,sina_finance
SSE,20220224,1,20220223,sina_finance
SSE,20220225,1,20220224,sina_finance
SSE,20220228,1,20220225,sina_finance
SSE,20220301,1,20220228,sina_finance
SSE,20220302,1,20220301,sina_finance
SSE,20220303,1,20220302,sina_finance
SSE,20220304,1,20220303,sina_finance
SSE,20220307,1,20220304,sina_finance
SSE,20220308,1,20220307,sina_finance
SSE,20220309,1,20220308,sina_finance
SSE,20220310,1,20220309,sina_finance
SSE,20220311,1,20220310,sina_finance
SSE,20220314,1,20220311,sina_finance
SSE,20220315,1,20220314,sina_finance
SSE,20220316,1,20220315,sina_finance
SSE,20220317,1,20220316,sina_finance
SSE,20220318,1,20220317,sina_finance
SSE,20220321,1,20220318,sina_finance
SSE,20220322,1,20220321,sina_finance
SSE,20220323,1,20220322,sina_finance
SSE,20220324,1,20220323,sina_finance
SSE,20220325,1,20220324,sina_finance
SSE,20220328,1,20220325,sina_finance
SSE,20220329,1,20220328,sina_finance
SSE,20220330,1,20220329,sina_finance
SSE,20220331,1,20220330,sina_finance
SSE,20220401,1,20220331,sina_finance
SSE,20220406,1,20220401,sina_finance
SSE,20220407,1,20220406,sina_finance
SSE,20220408,1,20220407,sina_finance
SSE,20220411,1,20220408,sina_finance
SSE,20220412,1,20220411,sina_finance
SSE,20220413,1,20220412,sina_finance
SSE,20220414,1,20220413,sina_finance
SSE,20220415,1,20220414,sina_finance
SSE,20220418,1,20220415,sina_finance
SSE,20220419,1,20220418,sina_finance
SSE,20220420,1,20220419,sina_finance
SSE,20220421,1,20220420,sina_finance
SSE,20220422,1,20220421,sina_finance
SSE,20220425,1,20220422,sina_finance
SSE,20220426,1,20220425,sina_finance
SSE,20220427,1,20220426,sina_finance
SSE,20220428,1,20220427,sina_finance
SSE,20220429,1,20220428,sina_finance
SSE,20220505,1,20220429,sina_finance
SSE,20220506,1,20220505,sina_finance
SSE,20220509,1,20220506,sina_finance
SSE,20220510,1,20220509,sina_finance
SSE,20220511,1,20220510,sina_finance
SSE,20220512,1,20220511,sina_finance
SSE,20220513,1,20220512,sina_finance
SSE,20220516,1,20220513,sina_finance
SSE,20220517,1,20220516,sina_finance
SSE,20220518,1,20220517,sina_finance
SSE,20220519,1,20220518,sina_finance
SSE,20220520,1,20220519,sina_finance
SSE,20220523,1,20220520,sina_finance
SSE,20220524,1,20220523,sina_finance
SSE,20220525,1,20220524,sina_finance
SSE,20220526,1,20220525,sina_finance
SSE,20220527,1,20220526,sina_finance
SSE,20220530,1,20220527,sina_finance
SSE,20220531,1,20220530,sina_finance
SSE,20220601,1,20220531,sina_finance
SSE,20220602,1,20220601,sina_finance
SSE,20220606,1,20220602,sina_finance
SSE,20220607,1,20220606,sina_finance
SSE,20220608,1,20220607,sina_finance
SSE,20220609,1,20220608,sina_finance
SSE,20220610,1,20220609,sina_finance
SSE,20220613,1,20220610,sina_finance
SSE,20220614,1,20220613,sina_finance
SSE,20220615,1,20220614,sina_finance
SSE,20220616,1,20220615,sina_finance
SSE,20220617,1,20220616,sina_finance
SSE,20220620,1,20220617,sina_finance
SSE,20220621,1,20220620,sina_finance
SSE,20220622,1,20220621,sina_finance
SSE,20220623,1,20220622,sina_finance
SSE,20220624,1,20220623,sina_finance
SSE,20220627,1,20220624,sina_finance
SSE,20220628,1,20220627,sina_finance
SSE,20220629,1,20220628,sina_finance
SSE,20220630,1,20220629,sina_finance
SSE,20220701,1,20220630,sina_finance
SSE,20220704,1,20220701,sina_finance
SSE,20220705,1,20220704,sina_finance
SSE,20220706,1,20220705,sina_finance
SSE,20220707,1,20220706,sina_finance
SSE,20220708,1,20220707,sina_finance
SSE,20220711,1,20220708,sina_finance
SSE,20220712,1,20220711,sina_finance
SSE,20220713,1,20220712,sina_finance
SSE,20220714,1,20220713,sina_finance
SSE,20220715,1,20220714,sina_finance
SSE,20220718,1,20220715,sina_finance
SSE,20220719,1,20220718,sina_finance
SSE,20220720,1,20220719,sina_finance
SSE,20220721,1,20220720,sina_finance
SSE,20220722,1,20220721,sina_finance
SSE,20220725,1,20220722,sina_finance
SSE,20220726,1,20220725,sina_finance
SSE,20220727,1,20220726,sina_finance
SSE,20220728,1,20220727,sina_finance
SSE,20220729,1,20220728,sina_finance
SSE,20220801,1,20220729,sina_finance
SSE,20220802,1,20220801,sina_finance
SSE,20220803,1,20220802,sina_finance
SSE,20220804,1,20220803,sina_finance
SSE,20220805,1,20220804,sina_finance
SSE,20220808,1,20220805,sina_finance
SSE,20220809,1,20220808,sina_finance
SSE,20220810,1,20220809,sina_finance
SSE,20220811,1,20220810,sina_finance
SSE,20220812,1,20220811,sina_finance
SSE,20220815,1,20220812,sina_finance
SSE,20220816,1,20220815,sina_finance
SSE,20220817,1,20220816,sina_finance
SSE,20220818,1,20220817,sina_finance
SSE,20220819,1,20220818,sina_finance
SSE,20220822,1,20220819,sina_finance
SSE,20220823,1,20220822,sina_finance
SSE,20220824,1,20220823,sina_finance
SSE,20220825,1,20220824,sina_finance
SSE,20220826,1,20220825,sina_finance
SSE,20220829,1,20220826,sina_finance
SSE,20220830,1,20220829,sina_finance
SSE,20220831,1,20220830,sina_finance
SSE,20220901,1,20220831,sina_finance
SSE,20220902,1,20220901,sina_finance
SSE,20220905,1,20220902,sina_finance
SSE,20220906,1,20220905,sina_finance
SSE,20220907,1,20220906,sina_finance
SSE,20220908,1,20220907,sina_finance
SSE,20220909,1,20220908,sina_finance
SSE,20220913,1,20220909,sina_finance
SSE,20220914,1,20220913,sina_finance
SSE,20220915,1,20220914,sina_finance
SSE,20220916,1,20220915,sina_finance
SSE,20220919,1,20220916,sina_finance
SSE,20220920,1,20220919,sina_finance
SSE,20220921,1,20220920,sina_finance
SSE,20220922,1,20220921,sina_finance
SSE,20220923,1,20220922,sina_finance
SSE,20220926,1,20220923,sina_finance
SSE,20220927,1,20220926,sina_finance
SSE,20220928,1,20220927,sina_finance
SSE,20220929,1,20220928,sina_finance
SSE,20220930,1,20220929,sina_finance
SSE,20221010,1,20220930,sina_finance
SSE,20221011,1,20221010,sina_finance
SSE,20221012,1,20221011,sina_finance
SSE,20221013,1,20221012,sina_finance
SSE,20221014,1,20221013,sina_finance
SSE,20221017,1,20221014,sina_finance
SSE,20221018,1,20221017,sina_finance
SSE,20221019,1,20221018,sina_finance
SSE,20221020,1,20221019,sina_finance
SSE,20221021,1,20221020,sina_finance
SSE,20221024,1,20221021,sina_finance
SSE,20221025,1,20221024,sina_finance
SSE,20221026,1,20221025,sina_finance
SSE,20221027,1,20221026,sina_finance
SSE,20221028,1,20221027,sina_finance
SSE,20221031,1,20221028,sina_finance
SSE,20221101,1,20221031,sina_finance
SSE,20221102,1,20221101,sina_finance
SSE,20221103,1,20221102,sina_finance
SSE,20221104,1,20221103,sina_finance
SSE,20221107,1,20221104,sina_finance
SSE,20221108,1,20221107,sina_finance
SSE,20221109,1,20221108,sina_finance
SSE,20221110,1,20221109,sina_finance
SSE,20221111,1,20221110,sina_finance
SSE,20221114,1,20221111,sina_finance
SSE,20221115,1,20221114,sina_finance
SSE,20221116,1,20221115,sina_finance
SSE,20221117,1,20221116,sina_finance
SSE,20221118,1,20221117,sina_finance
SSE,20221121,1,20221118,sina_finance
SSE,20221122,1,20221121,sina_finance
SSE,20221123,1,20221122,sina_finance
SSE,20221124,1,20221123,sina_finance
SSE,20221125,1,20221124,sina_finance
SSE,20221128,1,20221125,sina_finance
SSE,20221129,1,20221128,sina_finance
SSE,20221130,1,20221129,sina_finance
SSE,20221201,1,20221130,sina_finance
SSE,20221202,1,20221201,sina_finance
SSE,20221205,1,20221202,sina_finance
SSE,20221206,1,20221205,sina_finance
SSE,20221207,1,20221206,sina_finance
SSE,20221208,1,20221207,sina_finance
SSE,20221209,1,20221208,sina_finance
SSE,20221212,1,20221209,sina_finance
SSE,20221213,1,20221212,sina_finance
SSE,20221214,1,20221213,sina_finance
SSE,20221215,1,20221214,sina_finance
SSE,20221216,1,20221215,sina_finance
SSE,20221219,1,20221216,sina_finance
SSE,20221220,1,20221219,sina_finance
SSE,20221221,1,20221220,sina_finance
SSE,20221222,1,20221221,sina_finance
SSE,20221223,1,20221222,sina_finance
SSE,20221226,1,20221223,sina_finance
SSE,20221227,1,20221226,sina_finance
SSE,20221228,1,20221227,sina_finance
SSE,20221229,1,20221228,sina_finance
SSE,20221230,1,20221229,sina_finance
SSE,20230103,1,20221230,sina_finance
SSE,20230104,1,20230103,sina_finance
SSE,20230105,1,20230104,sina_finance
SSE,20230106,1,20230105,sina_finance
SSE,20230109,1,20230106,sina_finance
SSE,20230110,1,20230109,sina_finance
SSE,20230111,1,20230110,sina_finance
SSE,20230112,1,20230111,sina_finance
SSE,20230113,1,20230112,sina_finance
SSE,20230116,1,20230113,sina_finance
SSE,20230117,1,20230116,sina_finance
SSE,20230118,1,20230117,sina_finance
SSE,20230119,1,20230118,sina_finance
SSE,20230120,1,20230119,sina_finance
SSE,20230130,1,20230120,sina_finance
SSE,20230131,1,20230130,sina_finance
SSE,20230201,1,20230131,sina_finance
SSE,20230202,1,20230201,sina_finance
SSE,20230203,1,20230202,sina_finance
SSE,20230206,1,20230203,sina_finance
SSE,20230207,1,20230206,sina_finance
SSE,20230208,1,20230207,sina_finance
SSE,20230209,1,20230208,sina_finance
SSE,20230210,1,20230209,sina_finance
SSE,20230213,1,20230210,sina_finance
SSE,20230214,1,20230213,sina_finance
SSE,20230215,1,20230214,sina_finance
SSE,20230216,1,20230215,sina_finance
SSE,20230217,1,20230216,sina_finance
SSE,20230220,1,20230217,sina_finance
SSE,20230221,1,20230220,sina_finance
SSE,20230222,1,20230221,sina_finance
SSE,20230223,1,20230222,sina_finance
SSE,20230224,1,20230223,sina_finance
SSE,20230227,1,20230224,sina_finance
SSE,20230228,1,20230227,sina_finance
SSE,20230301,1,20230228,sina_finance
SSE,20230302,1,20230301,sina_finance
SSE,20230303,1,20230302,sina_finance
SSE,20230306,1,20230303,sina_finance
SSE,20230307,1,20230306,sina_finance
SSE,20230308,1,20230307,sina_finance
SSE,20230309,1,20230308,sina_finance
SSE,20230310,1,20230309,sina_finance
SSE,20230313,1,20230310,sina_finance
SSE,20230314,1,20230313,sina_finance
SSE,20230315,1,20230314,sina_finance
SSE,20230316,1,20230315,sina_finance
SSE,20230317,1,20230316,sina_finance
SSE,20230320,1,20230317,sina_finance
SSE,20230321,1,20230320,sina_finance
SSE,20230322,1,20230321,sina_finance
SSE,20230323,1,20230322,sina_finance
SSE,20230324,1,20230323,sina_finance
SSE,20230327,1,20230324,sina_finance
SSE,20230328,1,20230327,sina_finance
SSE,20230329,1,20230328,sina_finance
SSE,20230330,1,20230329,sina_finance
SSE,20230331,1,20230330,sina_finance
SSE,20230403,1,20230331,sina_finance
SSE,20230404,1,20230403,sina_finance
SSE,20230406,1,20230404,sina_finance
SSE,20230407,1,20230406,sina_finance
SSE,20230410,1,20230407,sina_finance
SSE,20230411,1,20230410,sina_finance
SSE,20230412,1,20230411,sina_finance
SSE,20230413,1,20230412,sina_finance
SSE,20230414,1,20230413,sina_finance
SSE,20230417,1,20230414,sina_finance
SSE,20230418,1,20230417,sina_finance
SSE,20230419,1,20230418,sina_finance
SSE,20230420,1,20230419,sina_finance
SSE,20230421,1,20230420,sina_finance
SSE,20230424,1,20230421,sina_finance
SSE,20230425,1,20230424,sina_finance
SSE,20230426,1,20230425,sina_finance
SSE,20230427,1,20230426,sina_finance
SSE,20230428,1,20230427,sina_finance
SSE,20230504,1,20230428,sina_finance
SSE,20230505,1,20230504,sina_finance
SSE,20230508,1,20230505,sina_finance
SSE,20230509,1,20230508,sina_finance
SSE,20230510,1,20230509,sina_finance
SSE,20230511,1,20230510,sina_finance
SSE,20230512,1,20230511,sina_finance
SSE,20230515,1,20230512,sina_finance
SSE,20230516,1,20230515,sina_finance
SSE,20230517,1,20230516,sina_finance
SSE,20230518,1,20230517,sina_finance
SSE,20230519,1,20230518,sina_finance
SSE,20230522,1,20230519,sina_finance
SSE,20230523,1,20230522,sina_finance
SSE,20230524,1,20230523,sina_finance
SSE,20230525,1,20230524,sina_finance
SSE,20230526,1,20230525,sina_finance
SSE,20230529,1,20230526,sina_finance
SSE,20230530,1,20230529,sina_finance
SSE,20230531,1,20230530,sina_finance
SSE,20230601,1,20230531,sina_finance
SSE,20230602,1,20230601,sina_finance
SSE,20230605,1,20230602,sina_finance
SSE,20230606,1,20230605,sina_finance
SSE,20230607,1,20230606,sina_finance
SSE,20230608,1,20230607,sina_finance
SSE,20230609,1,20230608,sina_finance
SSE,20230612,1,20230609,sina_finance
SSE,20230613,1,20230612,sina_finance
SSE,20230614,1,20230613,sina_finance
SSE,20230615,1,20230614,sina_finance
SSE,20230616,1,20230615,sina_finance
SSE,20230619,1,20230616,sina_finance
SSE,20230620,1,20230619,sina_finance
SSE,20230621,1,20230620,sina_finance
SSE,20230626,1,20230621,sina_finance
SSE,20230627,1,20230626,sina_finance
SSE,20230628,1,20230627,sina_finance
SSE,20230629,1,20230628,sina_finance
SSE,20230630,1,20230629,sina_finance
SSE,20230703,1,20230630,sina_finance
SSE,20230704,1,20230703,sina_finance
SSE,20230705,1,20230704,sina_finance
SSE,20230706,1,20230705,sina_finance
SSE,20230707,1,20230706,sina_finance
SSE,20230710,1,20230707,sina_finance
SSE,20230711,1,20230710,sina_finance
SSE,20230712,1,20230711,sina_finance
SSE,20230713,1,20230712,sina_finance
SSE,20230714,1,20230713,sina_finance
SSE,20230717,1,20230714,sina_finance
SSE,20230718,1,20230717,sina_finance
SSE,20230719,1,20230718,sina_finance
SSE,20230720,1,20230719,sina_finance
SSE,20230721,1,20230720,sina_finance
SSE,20230724,1,20230721,sina_finance
SSE,20230725,1,20230724,sina_finance
SSE,20230726,1,20230725,sina_finance
SSE,20230727,1,20230726,sina_finance
SSE,20230728,1,20230727,sina_finance
SSE,20230731,1,20230728,sina_finance
SSE,20230801,1,20230731,sina_finance
SSE,20230802,1,20230801,sina_finance
SSE,20230803,1,20230802,sina_finance
SSE,20230804,1,20230803,sina_finance
SSE,20230807,1,20230804,sina_finance
SSE,20230808,1,20230807,sina_finance
SSE,20230809,1,20230808,sina_finance
SSE,20230810,1,20230809,sina_finance
SSE,20230811,1,20230810,sina_finance
SSE,20230814,1,20230811,sina_finance
SSE,20230815,1,20230814,sina_finance
SSE,20230816,1,20230815,sina_finance
SSE,20230817,1,20230816,sina_finance
SSE,20230818,1,20230817,sina_finance
SSE,20230821,1,20230818,sina_finance
SSE,20230822,1,20230821,sina_finance
SSE,20230823,1,20230822,sina_finance
SSE,20230824,1,20230823,sina_finance
SSE,20230825,1,20230824,sina_finance
SSE,20230828,1,20230825,sina_finance
SSE,20230829,1,20230828,sina_finance
SSE,20230830,1,20230829,sina_finance
SSE,20230831,1,20230830,sina_finance
SSE,20230901,1,20230831,sina_finance
SSE,20230904,1,20230901,sina_finance
SSE,20230905,1,20230904,sina_finance
SSE,20230906,1,20230905,sina_finance
SSE,20230907,1,20230906,sina_finance
SSE,20230908,1,20230907,sina_finance
SSE,20230911,1,20230908,sina_finance
SSE,20230912,1,20230911,sina_finance
SSE,20230913,1,20230912,sina_finance
SSE,20230914,1,20230913,sina_finance
SSE,20230915,1,20230914,sina_finance
SSE,20230918,1,20230915,sina_finance
SSE,20230919,1,20230918,sina_finance
SSE,20230920,1,20230919,sina_finance
SSE,20230921,1,20230920,sina_finance
SSE,20230922,1,20230921,sina_finance
SSE,20230925,1,20230922,sina_finance
SSE,20230926,1,20230925,sina_finance
SSE,20230927,1,20230926,sina_finance
SSE,20230928,1,20230927,sina_finance
SSE,20231009,1,20230928,sina_finance
SSE,20231010,1,20231009,sina_finance
SSE,20231011,1,20231010,sina_finance
SSE,20231012,1,20231011,sina_finance
SSE,20231013,1,20231012,sina_finance
SSE,20231016,1,20231013,sina_finance
SSE,20231017,1,20231016,sina_finance
SSE,20231018,1,20231017,sina_finance
SSE,20231019,1,20231018,sina_finance
SSE,20231020,1,20231019,sina_finance
SSE,20231023,1,20231020,sina_finance
SSE,20231024,1,20231023,sina_finance
SSE,20231025,1,20231024,sina_finance
SSE,20231026,1,20231025,sina_finance
SSE,20231027,1,20231026,sina_finance
SSE,20231030,1,20231027,sina_finance
SSE,20231031,1,20231030,sina_finance
SSE,20231101,1,20231031,sina_finance
SSE,20231102,1,20231101,sina_finance
SSE,20231103,1,20231102,sina_finance
SSE,20231106,1,20231103,sina_finance
SSE,20231107,1,20231106,sina_finance
SSE,20231108,1,20231107,sina_finance
SSE,20231109,1,20231108,sina_finance
SSE,20231110,1,20231109,sina_finance
SSE,20231113,1,20231110,sina_finance
SSE,20231114,1,20231113,sina_finance
SSE,20231115,1,20231114,sina_finance
SSE,20231116,1,20231115,sina_finance
SSE,20231117,1,20231116,sina_finance
SSE,20231120,1,20231117,sina_finance
SSE,20231121,1,20231120,sina_finance
SSE,20231122,1,20231121,sina_finance
SSE,20231123,1,20231122,sina_finance
SSE,20231124,1,20231123,sina_finance
SSE,20231127,1,20231124,sina_finance
SSE,20231128,1,20231127,sina_finance
SSE,20231129,1,20231128,sina_finance
SSE,20231130,1,20231129,sina_finance
SSE,20231201,1,20231130,sina_finance
SSE,20231204,1,20231201,sina_finance
SSE,20231205,1,20231204,sina_finance
SSE,20231206,1,20231205,sina_finance
SSE,20231207,1,20231206,sina_finance
SSE,20231208,1,20231207,sina_finance
SSE,20231211,1,20231208,sina_finance
SSE,20231212,1,20231211,sina_finance
SSE,20231213,1,20231212,sina_finance
SSE,20231214,1,20231213,sina_finance
SSE,20231215,1,20231214,sina_finance
SSE,20231218,1,20231215,sina_finance
SSE,20231219,1,20231218,sina_finance
SSE,20231220,1,20231219,sina_finance
SSE,20231221,1,20231220,sina_finance
SSE,20231222,1,20231221,sina_finance
SSE,20231225,1,20231222,sina_finance
SSE,20231226,1,20231225,sina_finance
SSE,20231227,1,20231226,sina_finance
SSE,20231228,1,20231227,sina_finance
SSE,20231229,1,20231228,sina_finance
SSE,20240102,1,20231229,sina_finance
SSE,20240103,1,20240102,sina_finance
SSE,20240104,1,20240103,sina_finance
SSE,20240105,1,20240104,sina_finance
SSE,20240108,1,20240105,sina_finance
SSE,20240109,1,20240108,sina_finance
SSE,20240110,1,20240109,sina_finance
SSE,20240111,1,20240110,sina_finance
SSE,20240112,1,20240111,sina_finance
SSE,20240115,1,20240112,sina_finance
SSE,20240116,1,20240115,sina_finance
SSE,20240117,1,20240116,sina_finance
SSE,20240118,1,20240117,sina_finance
SSE,20240119,1,20240118,sina_finance
SSE,20240122,1,20240119,sina_finance
SSE,20240123,1,20240122,sina_finance
SSE,20240124,1,20240123,sina_finance
SSE,20240125,1,20240124,sina_finance
SSE,20240126,1,20240125,sina_finance
SSE,20240129,1,20240126,sina_finance
SSE,20240130,1,20240129,sina_finance
SSE,20240131,1,20240130,sina_finance
SSE,20240201,1,20240131,sina_finance
SSE,20240202,1,20240201,sina_finance
SSE,20240205,1,20240202,sina_finance
SSE,20240206,1,20240205,sina_finance
SSE,20240207,1,20240206,sina_finance
SSE,20240208,1,20240207,sina_finance
SSE,20240219,1,20240208,sina_finance
SSE,20240220,1,20240219,sina_finance
SSE,20240221,1,20240220,sina_finance
SSE,20240222,1,20240221,sina_finance
SSE,20240223,1,20240222,sina_finance
SSE,20240226,1,20240223,sina_finance
SSE,20240227,1,20240226,sina_finance
SSE,20240228,1,20240227,sina_finance
SSE,20240229,1,20240228,sina_finance
SSE,20240301,1,20240229,sina_finance
SSE,20240304,1,20240301,sina_finance
SSE,20240305,1,20240304,sina_finance
SSE,20240306,1,20240305,sina_finance
SSE,20240307,1,20240306,sina_finance
SSE,20240308,1,20240307,sina_finance
SSE,20240311,1,20240308,sina_finance
SSE,20240312,1,20240311,sina_finance
SSE,20240313,1,20240312,sina_finance
SSE,20240314,1,20240313,sina_finance
SSE,20240315,1,20240314,sina_finance
SSE,20240318,1,20240315,sina_finance
SSE,20240319,1,20240318,sina_finance
SSE,20240320,1,20240319,sina_finance
SSE,20240321,1,20240320,sina_finance
SSE,20240322,1,20240321,sina_finance
SSE,20240325,1,20240322,sina_finance
SSE,20240326,1,20240325,sina_finance
SSE,20240327,1,20240326,sina_finance
SSE,20240328,1,20240327,sina_finance
SSE,20240329,1,20240328,sina_finance
SSE,20240401,1,20240329,sina_finance
SSE,20240402,1,20240401,sina_finance
SSE,20240403,1,20240402,sina_finance
SSE,20240408,1,20240403,sina_finance
SSE,20240409,1,20240408,sina_finance
SSE,20240410,1,20240409,sina_finance
SSE,20240411,1,20240410,sina_finance
SSE,20240412,1,20240411,sina_finance
SSE,20240415,1,20240412,sina_finance
SSE,20240416,1,20240415,sina_finance
SSE,20240417,1,20240416,sina_finance
SSE,20240418,1,20240417,sina_finance
SSE,20240419,1,20240418,sina_finance
SSE,20240422,1,20240419,sina_finance
SSE,20240423,1,20240422,sina_finance
SSE,20240424,1,20240423,sina_finance
SSE,20240425,1,20240424,sina_finance
SSE,20240426,1,20240425,sina_finance
SSE,20240429,1,20240426,sina_finance
SSE,20240430,1,20240429,sina_finance
SSE,20240506,1,20240430,sina_finance
SSE,20240507,1,20240506,sina_finance
SSE,20240508,1,20240507,sina_finance
SSE,20240509,1,20240508,sina_finance
SSE,20240510,1,20240509,sina_finance
SSE,20240513,1,20240510,sina_finance
SSE,20240514,1,20240513,sina_finance
SSE,20240515,1,20240514,sina_finance
SSE,20240516,1,20240515,sina_finance
SSE,20240517,1,20240516,sina_finance
SSE,20240520,1,20240517,sina_finance
SSE,20240521,1,20240520,sina_finance
SSE,20240522,1,20240521,sina_finance
SSE,20240523,1,20240522,sina_finance
SSE,20240524,1,20240523,sina_finance
SSE,20240527,1,20240524,sina_finance
SSE,20240528,1,20240527,sina_finance
SSE,20240529,1,20240528,sina_finance
SSE,20240530,1,20240529,sina_finance
SSE,20240531,1,20240530,sina_finance
SSE,20240603,1,20240531,sina_finance
SSE,20240604,1,20240603,sina_finance
SSE,20240605,1,20240604,sina_finance
SSE,20240606,1,20240605,sina_finance
SSE,20240607,1,20240606,sina_finance
SSE,20240611,1,20240607,sina_finance
SSE,20240612,1,20240611,sina_finance
SSE,20240613,1,20240612,sina_finance
SSE,20240614,1,20240613,sina_finance
SSE,20240617,1,20240614,sina_finance
SSE,20240618,1,20240617,sina_finance
SSE,20240619,1,20240618,sina_finance
SSE,20240620,1,20240619,sina_finance
SSE,20240621,1,20240620,sina_finance
SSE,20240624,1,20240621,sina_finance
SSE,20240625,1,20240624,sina_finance
SSE,20240626,1,20240625,sina_finance
SSE,20240627,1,20240626,sina_finance
SSE,20240628,1,20240627,sina_finance
SSE,20240701,1,20240628,sina_finance
SSE,20240702,1,20240701,sina_finance
SSE,20240703,1,20240702,sina_finance
SSE,20240704,1,20240703,sina_finance
SSE,20240705,1,20240704,sina_finance
SSE,20240708,1,20240705,sina_finance
SSE,20240709,1,20240708,sina_finance
SSE,20240710,1,20240709,sina_finance
SSE,20240711,1,20240710,sina_finance
SSE,20240712,1,20240711,sina_finance
SSE,20240715,1,20240712,sina_finance
SSE,20240716,1,20240715,sina_finance
SSE,20240717,1,20240716,sina_finance
SSE,20240718,1,20240717,sina_finance
SSE,20240719,1,20240718,sina_finance
SSE,20240722,1,20240719,sina_finance
SSE,20240723,1,20240722,sina_finance
SSE,20240724,1,20240723,sina_finance
SSE,20240725,1,20240724,sina_finance
SSE,20240726,1,20240725,sina_finance
SSE,20240729,1,20240726,sina_finance
SSE,20240730,1,20240729,sina_finance
SSE,20240731,1,20240730,sina_finance
SSE,20240801,1,20240731,sina_finance
SSE,20240802,1,20240801,sina_finance
SSE,20240805,1,20240802,sina_finance
SSE,20240806,1,20240805,sina_finance
SSE,20240807,1,20240806,sina_finance
SSE,20240808,1,20240807,sina_finance
SSE,20240809,1,20240808,sina_finance
SSE,20240812,1,20240809,sina_finance
SSE,20240813,1,20240812,sina_finance
SSE,20240814,1,20240813,sina_finance
SSE,20240815,1,20240814,sina_finance
SSE,20240816,1,20240815,sina_finance
SSE,20240819,1,20240816,sina_finance
SSE,20240820,1,20240819,sina_finance
SSE,20240821,1,20240820,sina_finance
SSE,20240822,1,20240821,sina_finance
SSE,20240823,1,20240822,sina_finance
SSE,20240826,1,20240823,sina_finance
SSE,20240827,1,20240826,sina_finance
SSE,20240828,1,20240827,sina_finance
SSE,20240829,1,20240828,sina_finance
SSE,20240830,1,20240829,sina_finance
SSE,20240902,1,20240830,sina_finance
SSE,20240903,1,20240902,sina_finance
SSE,20240904,1,20240903,sina_finance
SSE,20240905,1,20240904,sina_finance
SSE,20240906,1,20240905,sina_finance
SSE,20240909,1,20240906,sina_finance
SSE,20240910,1,20240909,sina_finance
SSE,20240911,1,20240910,sina_finance
SSE,20240912,1,20240911,sina_finance
SSE,20240913,1,20240912,sina_finance
SSE,20240918,1,20240913,sina_finance
SSE,20240919,1,20240918,sina_finance
SSE,20240920,1,20240919,sina_finance
SSE,20240923,1,20240920,sina_finance
SSE,20240924,1,20240923,sina_finance
SSE,20240925,1,20240924,sina_finance
SSE,20240926,1,20240925,sina_finance
SSE,20240927,1,20240926,sina_finance
SSE,20240930,1,20240927,sina_finance
SSE,20241008,1,20240930,sina_finance
SSE,20241009,1,20241008,sina_finance
SSE,20241010,1,20241009,sina_finance
SSE,20241011,1,20241010,sina_finance
SSE,20241014,1,20241011,sina_finance
SSE,20241015,1,20241014,sina_finance
SSE,20241016,1,20241015,sina_finance
SSE,20241017,1,20241016,sina_finance
SSE,20241018,1,20241017,sina_finance
SSE,20241021,1,20241018,sina_finance
SSE,20241022,1,20241021,sina_finance
SSE,20241023,1,20241022,sina_finance
SSE,20241024,1,20241023,sina_finance
SSE,20241025,1,20241024,sina_finance
SSE,20241028,1,20241025,sina_finance
SSE,20241029,1,20241028,sina_finance
SSE,20241030,1,20241029,sina_finance
SSE,20241031,1,20241030,sina_finance
SSE,20241101,1,20241031,sina_finance
SSE,20241104,1,20241101,sina_finance
SSE,20241105,1,20241104,sina_finance
SSE,20241106,1,20241105,sina_finance
SSE,20241107,1,20241106,sina_finance
SSE,20241108,1,20241107,sina_finance
SSE,20241111,1,20241108,sina_finance
SSE,20241112,1,20241111,sina_finance
SSE,20241113,1,20241112,sina_finance
SSE,20241114,1,20241113,sina_finance
SSE,20241115,1,20241114,sina_finance
SSE,20241118,1,20241115,sina_finance
SSE,20241119,1,20241118,sina_finance
SSE,20241120,1,20241119,sina_finance
SSE,20241121,1,20241120,sina_finance
SSE,20241122,1,20241121,sina_finance
SSE,20241125,1,20241122,sina_finance
SSE,20241126,1,20241125,sina_finance
SSE,20241127,1,20241126,sina_finance
SSE,20241128,1,20241127,sina_finance
SSE,20241129,1,20241128,sina_finance
SSE,20241202,1,20241129,sina_finance
SSE,20241203,1,20241202,sina_finance
SSE,20241204,1,20241203,sina_finance
SSE,20241205,1,20241204,sina_finance
SSE,20241206,1,20241205,sina_finance
SSE,20241209,1,20241206,sina_finance
SSE,20241210,1,20241209,sina_finance
SSE,20241211,1,20241210,sina_finance
SSE,20241212,1,20241211,sina_finance
SSE,20241213,1,20241212,sina_finance
SSE,20241216,1,20241213,sina_finance
SSE,20241217,1,20241216,sina_finance
SSE,20241218,1,20241217,sina_finance
SSE,20241219,1,20241218,sina_finance
SSE,20241220,1,20241219,sina_finance
SSE,20241223,1,20241220,sina_finance
SSE,20241224,1,20241223,sina_finance
SSE,20241225,1,20241224,sina_finance
SSE,20241226,1,20241225,sina_finance
SSE,20241227,1,20241226,sina_finance
SSE,20241230,1,20241227,sina_finance
SSE,20241231,1,20241230,sina_finance
SSE,20250102,1,20241231,sina_finance
SSE,20250103,1,20250102,sina_finance
SSE,20250106,1,20250103,sina_finance
SSE,20250107,1,20250106,sina_finance
SSE,20250108,1,20250107,sina_finance
SSE,20250109,1,20250108,sina_finance
SSE,20250110,1,20250109,sina_finance
SSE,20250113,1,20250110,sina_finance
SSE,20250114,1,20250113,sina_finance
SSE,20250115,1,20250114,sina_finance
SSE,20250116,1,20250115,sina_finance
SSE,20250117,1,20250116,sina_finance
SSE,20250120,1,20250117,sina_finance
SSE,20250121,1,20250120,sina_finance
SSE,20250122,1,20250121,sina_finance
SSE,20250123,1,20250122,sina_finance
SSE,20250124,1,20250123,sina_finance
SSE,20250127,1,20250124,sina_finance
SSE,20250205,1,20250127,sina_finance
SSE,20250206,1,20250205,sina_finance
SSE,20250207,1,20250206,sina_finance
SSE,20250210,1,20250207,sina_finance
SSE,20250211,1,20250210,sina_finance
SSE,20250212,1,20250211,sina_finance
SSE,20250213,1,20250212,sina_finance
SSE,20250214,1,20250213,sina_finance
SSE,20250217,1,20250214,sina_finance
SSE,20250218,1,20250217,sina_finance
SSE,20250219,1,20250218,sina_finance
SSE,20250220,1,20250219,sina_finance
SSE,20250221,1,20250220,sina_finance
SSE,20250224,1,20250221,sina_finance
SSE,20250225,1,20250224,sina_finance
SSE,20250226,1,20250225,sina_finance
SSE,20250227,1,20250226,sina_finance
SSE,20250228,1,20250227,sina_finance
SSE,20250303,1,20250228,sina_finance
SSE,20250304,1,20250303,sina_finance
SSE,20250305,1,20250304,sina_finance
SSE,20250306,1,20250305,sina_finance
SSE,20250307,1,20250306,sina_finance
SSE,20250310,1,20250307,sina_finance
SSE,20250311,1,20250310,sina_finance
SSE,20250312,1,20250311,sina_finance
SSE,20250313,1,20250312,sina_finance
SSE,20250314,1,20250313,sina_finance
SSE,20250317,1,20250314,sina_finance
SSE,20250318,1,20250317,sina_finance
SSE,20250319,1,20250318,sina_finance
SSE,20250320,1,20250319,sina_finance
SSE,20250321,1,20250320,sina_finance
SSE,20250324,1,20250321,sina_finance
SSE,20250325,1,20250324,sina_finance
SSE,20250326,1,20250325,sina_finance
SSE,20250327,1,20250326,sina_finance
SSE,20250328,1,20250327,sina_finance
SSE,20250331,1,20250328,sina_finance
SSE,20250401,1,20250331,sina_finance
SSE,20250402,1,20250401,sina_finance
SSE,20250403,1,20250402,sina_finance
SSE,20250407,1,20250403,sina_finance
SSE,20250408,1,20250407,sina_finance
SSE,20250409,1,20250408,sina_finance
SSE,20250410,1,20250409,sina_finance
SSE,20250411,1,20250410,sina_finance
SSE,20250414,1,20250411,sina_finance
SSE,20250415,1,20250414,sina_finance
SSE,20250416,1,20250415,sina_finance
SSE,20250417,1,20250416,sina_finance
SSE,20250418,1,20250417,sina_finance
SSE,20250421,1,20250418,sina_finance
SSE,20250422,1,20250421,sina_finance
SSE,20250423,1,20250422,sina_finance
SSE,20250424,1,20250423,sina_finance
SSE,20250425,1,20250424,sina_finance
SSE,20250428,1,20250425,sina_finance
SSE,20250429,1,20250428,sina_finance
SSE,20250430,1,20250429,sina_finance
SSE,20250506,1,20250430,sina_finance
SSE,20250507,1,20250506,sina_finance
SSE,20250508,1,20250507,sina_finance
SSE,20250509,1,20250508,sina_finance
SSE,20250512,1,20250509,sina_finance
SSE,20250513,1,20250512,sina_finance
SSE,20250514,1,20250513,sina_finance
SSE,20250515,1,20250514,sina_finance
SSE,20250516,1,20250515,sina_finance
SSE,20250519,1,20250516,sina_finance
SSE,20250520,1,20250519,sina_finance
SSE,20250521,1,20250520,sina_finance
SSE,20250522,1,20250521,sina_finance
SSE,20250523,1,20250522,sina_finance
SSE,20250526,1,20250523,sina_finance
SSE,20250527,1,20250526,sina_finance
SSE,20250528,1,20250527,sina_finance
SSE,20250529,1,20250528,sina_finance
SSE,20250530,1,20250529,sina_finance
SSE,20250603,1,20250530,sina_finance
SSE,20250604,1,20250603,sina_finance
SSE,20250605,1,20250604,sina_finance
SSE,20250606,1,20250605,sina_finance
SSE,20250609,1,20250606,sina_finance
SSE,20250610,1,20250609,sina_finance
SSE,20250611,1,20250610,sina_finance
SSE,20250612,1,20250611,sina_finance
SSE,20250613,1,20250612,sina_finance
SSE,20250616,1,20250613,sina_finance
SSE,20250617,1,20250616,sina_finance
SSE,20250618,1,20250617,sina_finance
SSE,20250619,1,20250618,sina_finance
SSE,20250620,1,20250619,sina_finance
SSE,20250623,1,20250620,sina_finance
SSE,20250624,1,20250623,sina_finance
SSE,20250625,1,20250624,sina_finance
SSE,20250626,1,20250625,sina_finance
SSE,20250627,1,20250626,sina_finance
SSE,20250630,1,20250627,sina_finance
SSE,20250701,1,20250630,sina_finance
SSE,20250702,1,20250701,sina_finance
SSE,20250703,1,20250702,sina_finance
SSE,20250704,1,20250703,sina_finance
SSE,20250707,1,20250704,sina_finance
SSE,20250708,1,20250707,sina_finance
SSE,20250709,1,20250708,sina_finance
SSE,20250710,1,20250709,sina_finance
SSE,20250711,1,20250710,sina_finance
SSE,20250714,1,20250711,sina_finance
SSE,20250715,1,20250714,sina_finance
SSE,20250716,1,20250715,sina_finance
SSE,20250717,1,20250716,sina_finance
SSE,20250718,1,20250717,sina_finance
SSE,20250721,1,20250718,sina_finance
SSE,20250722,1,20250721,sina_finance
SSE,20250723,1,20250722,sina_finance
SSE,20250724,1,20250723,sina_finance
SSE,20250725,1,20250724,sina_finance
SSE,20250728,1,20250725,sina_finance
SSE,20250729,1,20250728,sina_finance
SSE,20250730,1,20250729,sina_finance
SSE,20250731,1,20250730,sina_finance
SSE,20250801,1,20250731,sina_finance
SSE,20250804,1,20250801,sina_finance
SSE,20250805,1,20250804,sina_finance
SSE,20250806,1,20250805,sina_finance
SSE,20250807,1,20250806,sina_finance
SSE,20250808,1,20250807,sina_finance
SSE,20250811,1,20250808,sina_finance
SSE,20250812,1,20250811,sina_finance
SSE,20250813,1,20250812,sina_finance
SSE,20250814,1,20250813,sina_finance
SSE,20250815,1,20250814,sina_finance
SSE,20250818,1,20250815,sina_finance
SSE,20250819,1,20250818,sina_finance
SSE,20250820,1,20250819,sina_finance
SSE,20250821,1,20250820,sina_finance
SSE,20250822,1,20250821,sina_finance
SSE,20250825,1,20250822,sina_finance
SSE,20250826,1,20250825,sina_finance
SSE,20250827,1,20250826,sina_finance
SSE,20250828,1,20250827,sina_finance
SSE,20250829,1,20250828,sina_finance
SSE,20250901,1,20250829,sina_finance
SSE,20250902,1,20250901,sina_finance
SSE,20250903,1,20250902,sina_finance
SSE,20250904,1,20250903,sina_finance
SSE,20250905,1,20250904,sina_finance
SSE,20250908,1,20250905,sina_finance
SSE,20250909,1,20250908,sina_finance
SSE,20250910,1,20250909,sina_finance
SSE,20250911,1,20250910,sina_finance
SSE,20250912,1,20250911,sina_finance
SSE,20250915,1,20250912,sina_finance
SSE,20250916,1,20250915,sina_finance
SSE,20250917,1,20250916,sina_finance
SSE,20250918,1,20250917,sina_finance
SSE,20250919,1,20250918,sina_finance
SSE,20250922,1,20250919,sina_finance
SSE,20250923,1,20250922,sina_finance
SSE,20250924,1,20250923,sina_finance
SSE,20250925,1,20250924,sina_finance
SSE,20250926,1,20250925,sina_finance
SSE,20250929,1,20250926,sina_finance
SSE,20250930,1,20250929,sina_finance
SSE,20251009,1,20250930,sina_finance
SSE,20251010,1,20251009,sina_finance
SSE,20251013,1,20251010,sina_finance
SSE,20251014,1,20251013,sina_finance
SSE,20251015,1,20251014,sina_finance
SSE,20251016,1,20251015,sina_finance
SSE,20251017,1,20251016,sina_finance
SSE,20251020,1,20251017,sina_finance
SSE,20251021,1,20251020,sina_finance
SSE,20251022,1,20251021,sina_finance
SSE,20251023,1,20251022,sina_finance
SSE,20251024,1,20251023,sina_finance
SSE,20251027,1,20251024,sina_finance
SSE,20251028,1,20251027,sina_finance
SSE,20251029,1,20251028,sina_finance
SSE,20251030,1,20251029,sina_finance
SSE,20251031,1,20251030,sina_finance
SSE,20251103,1,20251031,sina_finance
SSE,20251104,1,20251103,sina_finance
SSE,20251105,1,20251104,sina_finance
SSE,20251106,1,20251105,sina_finance
SSE,20251107,1,20251106,sina_finance
SSE,20251110,1,20251107,sina_finance
SSE,20251111,1,20251110,sina_finance
SSE,20251112,1,20251111,sina_finance
SSE,20251113,1,20251112,sina_finance
SSE,20251114,1,20251113,sina_finance
SSE,20251117,1,20251114,sina_finance
SSE,20251118,1,20251117,sina_finance
SSE,20251119,1,20251118,sina_finance
SSE,20251120,1,20251119,sina_finance
SSE,20251121,1,20251120,sina_finance
SSE,20251124,1,20251121,sina_finance
SSE,20251125,1,20251124,sina_finance
SSE,20251126,1,20251125,sina_finance
SSE,20251127,1,20251126,sina_finance
SSE,20251128,1,20251127,sina_finance
SSE,20251201,1,20251128,sina_finance
SSE,20251202,1,20251201,sina_finance
SSE,20251203,1,20251202,sina_finance
SSE,20251204,1,20251203,sina_finance
SSE,20251205,1,20251204,sina_finance
SSE,20251208,1,20251205,sina_finance
SSE,20251209,1,20251208,sina_finance
SSE,20251210,1,20251209,sina_finance
SSE,20251211,1,20251210,sina_finance
SSE,20251212,1,20251211,sina_finance
SSE,20251215,1,20251212,sina_finance
SSE,20251216,1,20251215,sina_finance
SSE,20251217,1,20251216,sina_finance
SSE,20251218,1,20251217,sina_finance
SSE,20251219,1,20251218,sina_finance
SSE,20251222,1,20251219,sina_finance
SSE,20251223,1,20251222,sina_finance
SSE,20251224,1,20251223,sina_finance
SSE,20251225,1,20251224,sina_finance
SSE,20251226,1,20251225,sina_finance
SSE,20251229,1,20251226,sina_finance
SSE,20251230,1,20251229,sina_finance
SSE,20251231,1,20251230,sina_finance
SSE,20260105,1,20251231,sina_finance
SSE,20260106,1,20260105,sina_finance
SSE,20260107,1,20260106,sina_finance
SSE,20260108,1,20260107,sina_finance
SSE,20260109,1,20260108,sina_finance
SSE,20260112,1,20260109,sina_finance
SSE,20260113,1,20260112,sina_finance
SSE,20260114,1,20260113,sina_finance
SSE,20260115,1,20260114,sina_finance
SSE,20260116,1,20260115,sina_finance
SSE,20260119,1,20260116,sina_finance
SSE,20260120,1,20260119,sina_finance
SSE,20260121,1,20260120,sina_finance
SSE,20260122,1,20260121,sina_finance
SSE,20260123,1,20260122,sina_finance
SSE,20260126,1,20260123,sina_finance
SSE,20260127,1,20260126,sina_finance
SSE,20260128,1,20260127,sina_finance
SSE,20260129,1,20260128,sina_finance
SSE,20260130,1,20260129,sina_finance
SSE,20260202,1,20260130,sina_finance
SSE,20260203,1,20260202,sina_finance
SSE,20260204,1,20260203,sina_finance
SSE,20260205,1,20260204,sina_finance
SSE,20260206,1,20260205,sina_finance
SSE,20260209,1,20260206,sina_finance
SSE,20260210,1,20260209,sina_finance
SSE,20260211,1,20260210,sina_finance
SSE,20260212,1,20260211,sina_finance
SSE,20260213,1,20260212,sina_finance
SSE,20260224,1,20260213,sina_finance
SSE,20260225,1,20260224,sina_finance
SSE,20260226,1,20260225,sina_finance
SSE,20260227,1,20260226,sina_finance
SSE,20260302,1,20260227,sina_finance
SSE,20260303,1,20260302,sina_finance
SSE,20260304,1,20260303,sina_finance
SSE,20260305,1,20260304,sina_finance
SSE,20260306,1,20260305,sina_finance
SSE,20260309,1,20260306,sina_finance
SSE,20260310,1,20260309,sina_finance
SSE,20260311,1,20260310,sina_finance
SSE,20260312,1,20260311,sina_finance
SSE,20260313,1,20260312,sina_finance
SSE,20260316,1,20260313,sina_finance
SSE,20260317,1,20260316,sina_finance
SSE,20260318,1,20260317,sina_finance
SSE,20260319,1,20260318,sina_finance
SSE,20260320,1,20260319,sina_finance
SSE,20260323,1,20260320,sina_finance
SSE,20260324,1,20260323,sina_finance
SSE,20260325,1,20260324,sina_finance
SSE,20260326,1,20260325,sina_finance
SSE,20260327,1,20260326,sina_finance
SSE,20260330,1,20260327,sina_finance
SSE,20260331,1,20260330,sina_finance
SSE,20260401,1,20260331,sina_finance
SSE,20260402,1,20260401,sina_finance
SSE,20260403,1,20260402,sina_finance
SSE,20260407,1,20260403,sina_finance
SSE,20260408,1,20260407,sina_finance
SSE,20260409,1,20260408,sina_finance
SSE,20260410,1,20260409,sina_finance
SSE,20260413,1,20260410,sina_finance
SSE,20260414,1,20260413,sina_finance
SSE,20260415,1,20260414,sina_finance
SSE,20260416,1,20260415,sina_finance
SSE,20260417,1,20260416,sina_finance
SSE,20260420,1,20260417,sina_finance
SSE,20260421,1,20260420,sina_finance
SSE,20260422,1,20260421,sina_finance
SSE,20260423,1,20260422,sina_finance
SSE,20260424,1,20260423,sina_finance
SSE,20260427,1,20260424,sina_finance
SSE,20260428,1,20260427,sina_finance
SSE,20260429,1,20260428,sina_finance
SSE,20260430,1,20260429,sina_finance
SSE,20260506,1,20260430,sina_finance
SSE,20260507,1,20260506,sina_finance
SSE,20260508,1,20260507,sina_finance
SSE,20260511,1,20260508,sina_finance
SSE,20260512,1,20260511,sina_finance
SSE,20260513,1,20260512,sina_finance
SSE,20260514,1,20260513,sina_finance
SSE,20260515,1,20260514,sina_finance
SSE,20260518,1,20260515,sina_finance
SSE,20260519,1,20260518,sina_finance
SSE,20260520,1,20260519,sina_finance
SSE,20260521,1,20260520,sina_finance
SSE,20260522,1,20260521,sina_finance
SSE,20260525,1,20260522,sina_finance
SSE,20260526,1,20260525,sina_finance
SSE,20260527,1,20260526,sina_finance
SSE,20260528,1,20260527,sina_finance
SSE,20260529,1,20260528,sina_finance
SSE,20260601,1,20260529,sina_finance
SSE,20260602,1,20260601,sina_finance
SSE,20260603,1,20260602,sina_finance
SSE,20260604,1,20260603,sina_finance
SSE,20260605,1,20260604,sina_finance
SSE,20260608,1,20260605,sina_finance
SSE,20260609,1,20260608,sina_finance
SSE,20260610,1,20260609,sina_finance
SSE,20260611,1,20260610,sina_finance
SSE,20260612,1,20260611,sina_finance
SSE,20260615,1,20260612,sina_finance
SSE,20260616,1,20260615,sina_finance
SSE,20260617,1,20260616,sina_finance
SSE,20260618,1,20260617,sina_finance
SSE,20260622,1,20260618,sina_finance
SSE,20260623,1,20260622,sina_finance
SSE,20260624,1,20260623,sina_finance
SSE,20260625,1,20260624,sina_finance
SSE,20260626,1,20260625,sina_finance
SSE,20260629,1,20260626,sina_finance
SSE,20260630,1,20260629,sina_finance
SSE,20260701,1,20260630,sina_finance
SSE,20260702,1,20260701,sina_finance
SSE,20260703,1,20260702,sina_finance
SSE,20260706,1,20260703,sina_finance
SSE,20260707,1,20260706,sina_finance
SSE,20260708,1,20260707,sina_finance
SSE,20260709,1,20260708,sina_finance
SSE,20260710,1,20260709,sina_finance
SSE,20260713,1,20260710,sina_finance
SSE,20260714,1,20260713,sina_finance
SSE,20260715,1,20260714,sina_finance
SSE,20260716,1,20260715,sina_finance
SSE,20260717,1,20260716,sina_finance
SSE,20260720,1,20260717,sina_finance
SSE,20260721,1,20260720,sina_finance
SSE,20260722,1,20260721,sina_finance
SSE,20260723,1,20260722,sina_finance
SSE,20260724,1,20260723,sina_finance
SSE,20260727,1,20260724,sina_finance
SSE,20260728,1,20260727,sina_finance
SSE,20260729,1,20260728,sina_finance
SSE,20260730,1,20260729,sina_finance
SSE,20260731,1,20260730,sina_finance
SSE,20260803,1,20260731,sina_finance
SSE,20260804,1,20260803,sina_finance
SSE,20260805,1,20260804,sina_finance
SSE,20260806,1,20260805,sina_finance
SSE,20260807,1,20260806,sina_finance
SSE,20260810,1,20260807,sina_finance
SSE,20260811,1,20260810,sina_finance
SSE,20260812,1,20260811,sina_finance
SSE,20260813,1,20260812,sina_finance
SSE,20260814,1,20260813,sina_finance
SSE,20260817,1,20260814,sina_finance
SSE,20260818,1,20260817,sina_finance
SSE,20260819,1,20260818,sina_finance
SSE,20260820,1,20260819,sina_finance
SSE,20260821,1,20260820,sina_finance
SSE,20260824,1,20260821,sina_finance
SSE,20260825,1,20260824,sina_finance
SSE,20260826,1,20260825,sina_finance
SSE,20260827,1,20260826,sina_finance
SSE,20260828,1,20260827,sina_finance
SSE,20260831,1,20260828,sina_finance
SSE,20260901,1,20260831,sina_finance
SSE,20260902,1,20260901,sina_finance
SSE,20260903,1,20260902,sina_finance
SSE,20260904,1,20260903,sina_finance
SSE,20260907,1,20260904,sina_finance
SSE,20260908,1,20260907,sina_finance
SSE,20260909,1,20260908,sina_finance
