date,open,high,low,close,volume,amount,outstanding_share,turnover
2003-11-18,6.23,6.48,6.11,6.18,753863103.0,4693850007.0,1279300000.0,0.5892778105213788
2003-11-19,6.16,6.28,6.15,6.24,96487383.0,601303012.0,1279300000.0,0.07542201438286562
2003-11-20,6.23,6.35,6.19,6.35,80413119.0,504194744.0,1279300000.0,0.06285712420855155
2003-11-21,6.36,6.53,6.32,6.32,83514726.0,535389773.0,1279300000.0,0.0652815805518643
2003-11-24,6.32,6.67,6.32,6.65,67664675.0,439502309.0,1279300000.0,0.05289195263034472
2003-11-25,6.65,6.73,6.56,6.61,73092530.0,486006595.0,1279300000.0,0.05713478464785429
2003-11-26,6.61,6.73,6.56,6.62,30557854.0,202771302.0,1279300000.0,0.023886386305010554
2003-11-27,6.62,6.71,6.57,6.66,34184475.0,227201858.0,1279300000.0,0.026721234268740717
2003-11-28,6.67,6.86,6.67,6.82,46420361.0,315038270.0,1279300000.0,0.036285750801219416
2003-12-01,6.82,7.02,6.81,7.0,60715269.0,422053736.0,1279300000.0,0.04745975846165872
2003-12-02,7.02,7.06,6.97,7.0,49673663.0,348166234.0,1279300000.0,0.038828783709841316
2003-12-03,7.0,7.69,6.99,7.38,123634920.0,899776595.0,1279300000.0,0.0966426326897522
2003-12-04,7.38,7.57,7.33,7.46,80532968.0,600057588.0,1279300000.0,0.06295080747283671
2003-12-05,7.47,7.55,7.32,7.47,65851201.0,488630103.0,1279300000.0,0.051474400844211676
2003-12-08,7.47,7.54,7.35,7.36,41100554.0,305294846.0,1279300000.0,0.03212737747205503
2003-12-09,7.36,7.57,7.36,7.55,53130054.0,397336339.0,1279300000.0,0.041530566716172904
2003-12-10,7.58,7.74,7.55,7.73,62604522.0,479721080.0,1279300000.0,0.04893654498553897
2003-12-11,7.76,7.82,7.49,7.6,81716704.0,623975918.0,1279300000.0,0.06387610724615024
2003-12-12,7.56,7.62,7.48,7.58,36584294.0,275712415.0,1279300000.0,0.02859711873680919
2003-12-15,7.58,7.59,7.47,7.51,30550542.0,229670112.0,1279300000.0,0.02388067067927773
2003-12-16,7.5,7.7,7.4,7.67,54410022.0,410789389.0,1279300000.0,0.04253108887672946
2003-12-17,7.61,7.78,7.55,7.56,48720370.0,373294964.0,1279300000.0,0.03808361604002189
2003-12-18,7.53,7.78,7.51,7.73,34982281.0,267809645.0,1279300000.0,0.027344861252247322
2003-12-19,7.77,8.09,7.76,8.0,86725345.0,685083798.0,1279300000.0,0.06779124912061284
2003-12-22,8.05,8.7,7.97,8.6,95295105.0,791970326.0,1279300000.0,0.07449003752051904
2003-12-23,8.6,8.74,8.54,8.69,62355811.0,539230129.0,1279300000.0,0.04874213319784257
2003-12-24,8.69,8.87,8.61,8.86,50427107.0,438304465.0,1279300000.0,0.03941773391698585
2003-12-25,8.89,9.05,8.71,8.83,59412995.0,528050103.0,1279300000.0,0.04644180020323614
2003-12-26,8.83,8.87,8.65,8.72,38569083.0,336355076.0,1279300000.0,0.03014858360040647
2003-12-29,8.68,8.77,8.59,8.62,32623334.0,282820470.0,1279300000.0,0.02550092550613617
2003-12-30,8.62,9.05,8.62,8.99,69945314.0,624765236.0,1279300000.0,0.05467467677636207
2003-12-31,9.05,9.07,8.66,8.68,50752639.0,448534167.0,1279300000.0,0.03967219495036348
2004-01-02,8.71,9.0,8.68,8.83,37709688.0,333953426.0,1279300000.0,0.029476813882592042
2004-01-05,8.81,9.29,8.74,9.2,82084105.0,746490917.0,1279300000.0,0.06416329633393263
2004-01-06,9.22,9.26,8.93,9.07,88712116.0,804496856.0,1279300000.0,0.06934426326897522
2004-01-07,9.07,9.55,8.97,9.26,90452548.0,839939743.0,1279300000.0,0.07070471976862347
2004-01-08,9.25,9.37,9.11,9.24,43007348.0,396610043.0,1279300000.0,0.03361787540060971
2004-01-09,9.24,9.35,8.86,8.91,60537381.0,549535584.0,1279300000.0,0.047320707418119286
2004-01-12,8.88,9.16,8.68,9.13,66829066.0,598502664.0,1279300000.0,0.05223877589306652
2004-01-13,9.15,9.15,8.79,8.87,45907320.0,411131288.0,1279300000.0,0.035884718205268507
2004-01-14,8.85,8.92,8.69,8.78,28824540.0,253404170.0,1279300000.0,0.022531493785664033
2004-01-15,8.77,8.9,8.58,8.61,41954580.0,364488249.0,1279300000.0,0.03279495036348003
2004-01-16,8.62,8.92,8.62,8.82,41367966.0,363682239.0,1279300000.0,0.03233640741030251
2004-01-29,8.83,8.95,8.76,8.91,21044688.0,186076076.0,1279300000.0,0.016450158680528414
2004-01-30,8.91,9.02,8.7,8.74,32595507.0,289238771.0,1279300000.0,0.025479173766903774
2004-02-02,9.61,9.61,8.9,9.04,99835968.0,912461881.0,1279300000.0,0.07803952786680216
2004-02-03,9.04,9.24,8.96,9.2,38943150.0,356039026.0,1279300000.0,0.03044098335026968
2004-02-04,9.21,9.95,9.21,9.8,94118764.0,905155254.0,1279300000.0,0.07357051825216915
2004-02-05,9.8,9.94,9.66,9.85,41389287.0,405781482.0,1279300000.0,0.032353073555850854
2004-02-06,9.85,9.86,9.63,9.73,33573141.0,327012955.0,1279300000.0,0.02624336824826077
2004-02-09,9.76,9.95,9.7,9.77,28180910.0,277047910.0,1279300000.0,0.022028382709294147
2004-02-10,9.77,9.82,9.48,9.54,34964524.0,335705047.0,1279300000.0,0.02733098100523724
2004-02-11,9.54,9.6,9.33,9.44,37963693.0,358030302.0,1279300000.0,0.029675363870866882
2004-02-12,9.55,9.58,8.9,8.92,73026053.0,665299018.0,1279300000.0,0.057082821074024855
2004-02-13,8.9,9.08,8.85,8.95,37122371.0,332319056.0,1279300000.0,0.029017721410146174
2004-02-16,8.96,9.14,8.95,9.14,33429351.0,302272855.0,1279300000.0,0.02613097084343
2004-02-17,9.17,9.2,8.96,9.0,47690942.0,433284421.0,1279300000.0,0.037278935355272415
2004-02-18,9.0,9.08,8.91,9.04,27925117.0,251818082.0,1279300000.0,0.021828435081685298
2004-02-19,9.04,9.21,9.0,9.13,51395038.0,468882735.0,1279300000.0,0.04017434378175565
2004-02-20,9.13,9.17,9.05,9.1,21038314.0,191666349.0,1279300000.0,0.016445176268271713
2004-02-23,9.11,9.15,8.72,8.75,35458400.0,315331246.0,1279300000.0,0.027717032752286406
2004-02-24,8.7,8.85,8.61,8.77,29280401.0,255554944.0,1279300000.0,0.022887830063315875
2004-02-25,8.77,9.01,8.71,8.77,19574663.0,173421156.0,1279300000.0,0.015301073243179864
2004-02-26,8.77,8.94,8.64,8.92,25823242.0,227582280.0,1279300000.0,0.020185446728679748
2004-02-27,8.99,9.07,8.9,8.99,21895110.0,196919555.0,1279300000.0,0.017114914406315955
2004-03-01,8.98,8.99,8.74,8.89,19291123.0,170456940.0,1279300000.0,0.015079436410537012
2004-03-02,8.92,9.02,8.79,8.83,18607398.0,165461771.0,1279300000.0,0.014544983975611662
2004-03-03,8.84,8.95,8.6,8.69,23755499.0,207739107.0,1279300000.0,0.01856913859141718
2004-03-04,8.66,8.74,8.49,8.57,27046919.0,232197905.0,1279300000.0,0.021141967482216837
2004-03-05,8.57,8.7,8.49,8.55,17186536.0,147444421.0,1279300000.0,0.01343432814820605
2004-03-08,8.55,8.61,8.48,8.49,14198038.0,121125416.0,1279300000.0,0.01109828656296412
2004-03-09,8.51,8.74,8.49,8.59,23094768.0,199466645.0,1279300000.0,0.018052660048464005
2004-03-10,8.62,9.0,8.62,8.99,48307505.0,428078113.0,1279300000.0,0.037760888767294616
2004-03-11,8.99,9.07,8.91,8.98,34019181.0,306170335.0,1279300000.0,0.026592027671382787
2004-03-12,8.98,9.07,8.92,9.0,22138805.0,199469698.0,1279300000.0,0.017305405299773313
2004-03-15,9.0,9.3,8.98,9.19,41299024.0,379711023.0,1279300000.0,0.03228251700148519
2004-03-16,9.24,9.42,9.18,9.23,36584088.0,339703631.0,1279300000.0,0.028596957711248337
2004-03-17,9.25,9.3,9.11,9.23,18174481.0,167179759.0,1279300000.0,0.014206582506058
2004-03-18,9.23,9.32,9.11,9.12,23897293.0,220294502.0,1279300000.0,0.018679975767998125
2004-03-19,9.08,9.3,9.03,9.28,17853076.0,163644920.0,1279300000.0,0.013955347455639804
2004-03-22,9.26,9.35,9.17,9.2,15176842.0,140110911.0,1279300000.0,0.011863395606972563
2004-03-23,9.19,9.2,9.01,9.03,15300401.0,138601697.0,1279300000.0,0.011959978894708043
2004-03-24,9.0,9.1,8.97,9.0,10058420.0,90723651.0,1279300000.0,0.00786244039709216
2004-03-25,8.98,9.06,8.87,8.92,13141468.0,117492942.0,1279300000.0,0.010272389588055968
2004-03-26,8.89,8.93,8.81,8.9,10777752.0,95582278.0,1279300000.0,0.008424726022043305
2004-03-29,8.9,9.07,8.86,9.0,11477529.0,103024015.0,1279300000.0,0.008971725943875557
2004-03-30,9.0,9.08,8.89,8.9,9008942.0,80676254.0,1279300000.0,0.0070420870788712574
2004-03-31,8.95,9.17,8.9,9.0,18081255.0,163748074.0,1279300000.0,0.014133709841319472
2004-04-01,9.04,9.28,8.99,9.24,27606980.0,253570961.0,1279300000.0,0.02157975455327132
2004-04-02,9.26,9.47,9.23,9.36,39144879.0,366959498.0,1279300000.0,0.03059867036660674
2004-04-05,9.37,9.43,9.16,9.19,22119351.0,205196649.0,1279300000.0,0.017290198546079886
2004-04-06,9.18,9.27,9.12,9.26,15118431.0,139134608.0,1279300000.0,0.011817737043695771
2004-04-07,9.28,9.39,9.15,9.15,19547408.0,181063954.0,1279300000.0,0.015279768623465959
2004-04-08,9.15,9.3,9.14,9.22,23086531.0,212865746.0,1279300000.0,0.0180462213710623
2004-04-09,9.23,9.29,8.98,9.07,22585715.0,205395378.0,1279300000.0,0.017654744782302823
2004-04-12,8.99,9.16,8.91,9.0,22846734.0,206533369.0,1279300000.0,0.01785877745642148
2004-04-13,9.0,9.19,8.96,9.15,22232333.0,202826663.0,1279300000.0,0.017378514031110764
2004-04-14,9.15,9.46,9.12,9.38,49508861.0,461481723.0,1279300000.0,0.03869996169780349
2004-04-15,9.4,9.48,9.33,9.38,33916390.0,318983362.0,1279300000.0,0.026511678261549286
2004-04-16,9.38,9.64,9.37,9.62,57184233.0,545451828.0,1279300000.0,0.0446996271398421
2004-04-19,9.65,9.68,9.25,9.35,35125279.0,333362251.0,1279300000.0,0.027456639568514032
2004-04-20,9.3,9.4,9.23,9.33,16868616.0,157261588.0,1279300000.0,0.013185817243805206
2004-04-21,9.36,9.6,9.31,9.42,26058431.0,246621060.0,1279300000.0,0.020369288673493316
2004-04-22,9.37,9.51,9.08,9.27,29321781.0,271414875.0,1279300000.0,0.02292017587743297
2004-04-23,9.17,9.29,9.12,9.15,12082457.0,110950288.0,1279300000.0,0.009444584538419449
2004-04-26,9.15,9.32,9.13,9.3,12845591.0,118456703.0,1279300000.0,0.010041109200343939
2004-04-27,9.3,9.42,9.23,9.3,16194549.0,151131232.0,1279300000.0,0.012658914249980458
2004-04-28,9.28,9.3,9.0,9.13,25223005.0,230150010.0,1279300000.0,0.019716254983193935
2004-04-29,9.09,9.17,8.84,8.86,33098353.0,296226280.0,1279300000.0,0.025872237160947394
2004-04-30,8.85,9.07,8.83,8.99,14142442.0,126998935.0,1279300000.0,0.011054828421793167
2004-05-10,9.08,9.19,8.88,8.98,15179805.0,137002766.0,1279300000.0,0.011865711717345424
2004-05-11,8.91,8.98,8.66,8.81,19128359.0,167494190.0,1279300000.0,0.014952207457203158
2004-05-12,8.8,8.96,8.67,8.93,14957648.0,132672317.0,1279300000.0,0.011692056593449542
2004-05-13,8.93,9.09,8.86,9.0,23123142.0,208417106.0,1279300000.0,0.018074839365277887
2004-05-17,8.85,8.91,8.68,8.76,22217947.0,195278453.0,1279300000.0,0.01736726881888533
2004-05-18,8.55,8.71,8.36,8.54,211859586.0,1808974610.0,1926000000.0,0.10999978504672897
2004-05-19,8.41,8.84,8.41,8.67,63393282.0,551082165.0,1926000000.0,0.03291447663551402
2004-05-20,8.72,8.92,8.62,8.77,40219835.0,354296790.0,1926000000.0,0.020882572689511943
2004-05-21,8.75,8.85,8.72,8.8,20778895.0,182331818.0,1926000000.0,0.0107886266874351
2004-05-24,8.81,8.96,8.8,8.86,23545032.0,209319133.0,1926000000.0,0.012224834890965732
2004-05-25,8.87,8.9,8.72,8.78,21432244.0,188253697.0,1926000000.0,0.011127852544132918
2004-05-26,8.75,8.93,8.73,8.91,13320372.0,117904221.0,1926000000.0,0.006916080996884735
2004-05-27,8.91,9.08,8.82,9.02,33199708.0,298753424.0,1926000000.0,0.017237646936656283
2004-05-28,9.02,9.03,8.9,8.93,21082129.0,188403543.0,1926000000.0,0.010946069055036345
2004-05-31,8.93,8.97,8.88,8.95,11753237.0,104889988.0,1926000000.0,0.0061024075804776735
2004-06-01,8.89,9.03,8.85,9.03,16432277.0,147624196.0,1926000000.0,0.008531815680166147
2004-06-02,9.03,9.05,8.88,8.92,13221238.0,118226977.0,1926000000.0,0.006864609553478712
2004-06-03,8.9,8.91,8.84,8.86,10367406.0,91995616.0,1926000000.0,0.005382869158878504
2004-06-04,8.85,8.96,8.81,8.85,10488066.0,93051207.0,1926000000.0,0.005445517133956386
2004-06-07,8.85,8.85,8.75,8.76,15047771.0,132219224.0,1926000000.0,0.007812965212876428
2004-06-08,8.75,8.79,8.59,8.66,24667150.0,214329199.0,1926000000.0,0.01280745067497404
2004-06-09,8.61,8.73,8.6,8.68,17356143.0,150108962.0,1926000000.0,0.009011496884735203
2004-06-10,8.63,8.71,8.56,8.61,17520732.0,151471172.0,1926000000.0,0.009096953271028038
2004-06-11,8.67,8.76,8.59,8.65,15541438.0,134769167.0,1926000000.0,0.008069282450674974
2004-06-14,8.61,8.64,8.46,8.51,22334424.0,190245741.0,1926000000.0,0.011596274143302181
2004-06-15,8.51,8.69,8.5,8.67,8459217.0,72691841.0,1926000000.0,0.004392116822429907
2004-06-16,8.69,8.8,8.63,8.73,15792524.0,137838664.0,1926000000.0,0.008199649013499481
2004-06-17,8.8,8.8,8.53,8.57,13725394.0,119253317.0,1926000000.0,0.007126372793354102
2004-06-18,8.52,8.6,8.17,8.32,43137639.0,360213186.0,1926000000.0,0.022397528037383176
2004-06-21,8.28,8.35,8.2,8.31,13671274.0,113377830.0,1926000000.0,0.007098273104880581
2004-06-22,8.3,8.6,8.23,8.5,24284126.0,206369580.0,1926000000.0,0.012608580477673936
2004-06-23,8.5,8.54,8.45,8.52,10837314.0,91922350.0,1926000000.0,0.00562685046728972
2004-06-24,8.52,8.6,8.48,8.5,9249899.0,78826881.0,1926000000.0,0.004802647455867082
2004-06-25,8.48,8.51,8.3,8.31,13092122.0,109752887.0,1926000000.0,0.006797571131879543
2004-06-28,8.23,8.42,8.22,8.36,8012912.0,66662267.0,1926000000.0,0.004160390446521288
2004-06-29,8.37,8.55,8.29,8.54,14152770.0,119319937.0,1926000000.0,0.007348271028037383
2004-06-30,8.5,8.59,8.42,8.48,12129950.0,103219008.0,1926000000.0,0.006298001038421599
2004-07-01,8.45,8.76,8.44,8.7,20792132.0,180392825.0,1926000000.0,0.0107954994807892
2004-07-02,8.66,8.8,8.65,8.77,10345406.0,90411372.0,1926000000.0,0.005371446521287643
2004-07-05,8.79,8.79,8.65,8.75,5800828.0,50522031.0,1926000000.0,0.003011852544132918
2004-07-06,8.77,8.9,8.7,8.73,15696480.0,138252274.0,1926000000.0,0.008149781931464175
2004-07-07,8.7,8.72,8.64,8.69,3696036.0,32038165.0,1926000000.0,0.0019190218068535826
2004-07-08,8.68,8.78,8.64,8.78,3906460.0,34005663.0,1926000000.0,0.0020282762201453792
2004-07-09,8.8,8.91,8.75,8.78,10965658.0,96822294.0,1926000000.0,0.005693488058151609
2004-07-12,8.76,8.76,8.63,8.65,7752094.0,67227936.0,1926000000.0,0.004024970924195223
2004-07-13,8.63,8.78,8.61,8.76,7835946.0,68267465.0,1926000000.0,0.004068507788161994
2004-07-14,8.76,8.89,8.75,8.86,11228146.0,98980575.0,1926000000.0,0.0058297746625129805
2004-07-15,8.88,9.11,8.77,9.07,42562056.0,382235791.0,1926000000.0,0.022098679127725857
2004-07-16,9.07,9.26,9.06,9.09,41837511.0,383013031.0,1926000000.0,0.02172248753894081
2004-07-19,9.09,9.33,9.05,9.23,25320445.0,233263500.0,1926000000.0,0.013146648494288682
2004-07-20,9.23,9.27,9.13,9.18,23524789.0,216392823.0,1926000000.0,0.01221432450674974
2004-07-21,9.18,9.22,9.09,9.15,10070367.0,92228639.0,1926000000.0,0.005228643302180686
2004-07-22,9.13,9.17,8.85,8.91,25811956.0,231484953.0,1926000000.0,0.013401846313603322
2004-07-23,8.9,9.0,8.81,8.98,24992609.0,221625337.0,1926000000.0,0.012976432502596055
2004-07-26,8.9,9.1,8.87,9.02,10016946.0,90275483.0,1926000000.0,0.0052009065420560744
2004-07-27,9.0,9.09,8.97,8.99,10558287.0,95285949.0,1926000000.0,0.0054819766355140185
2004-07-28,9.15,9.2,8.83,9.04,21982603.0,198297272.0,1926000000.0,0.011413604880581516
2004-07-29,9.04,9.17,9.0,9.1,15728544.0,143158508.0,1926000000.0,0.008166429906542056
2004-07-30,9.1,9.11,8.94,8.97,8085379.0,72886762.0,1926000000.0,0.004198016095534787
2004-08-02,8.95,8.96,8.82,8.83,8021424.0,71376308.0,1926000000.0,0.004164809968847352
2004-08-03,8.8,8.92,8.7,8.71,16953918.0,148932028.0,1926000000.0,0.008802657320872273
2004-08-04,8.71,9.35,8.68,9.07,34919948.0,315621700.0,1926000000.0,0.01813081412253375
2004-08-05,9.04,9.13,8.91,8.93,13757563.0,124190806.0,1926000000.0,0.007143075285565939
2004-08-06,8.9,9.02,8.87,8.91,6739054.0,60129188.0,1926000000.0,0.0034989896157840085
2004-08-09,8.91,9.05,8.91,9.01,8015702.0,72128890.0,1926000000.0,0.004161839044652129
2004-08-10,9.02,9.09,8.98,9.06,7054553.0,63741789.0,1926000000.0,0.00366280010384216
2004-08-11,9.03,9.03,8.92,8.94,9795146.0,87667144.0,1926000000.0,0.005085745586708204
2004-08-12,8.89,8.99,8.81,8.98,8730709.0,77542336.0,1926000000.0,0.004533078400830737
2004-08-13,8.93,9.04,8.88,8.96,6055875.0,54386857.0,1926000000.0,0.0031442757009345792
2004-08-16,8.96,9.1,8.87,8.91,16820869.0,151181066.0,1926000000.0,0.008733576843198339
2004-08-17,8.9,9.02,8.86,8.98,11240484.0,100751081.0,1926000000.0,0.005836180685358255
2004-08-18,8.99,9.13,8.98,9.02,16441220.0,149078315.0,1926000000.0,0.008536458982346833
2004-08-19,9.02,9.05,8.98,9.02,8416607.0,75844800.0,1926000000.0,0.0043699932502596055
2004-08-20,9.0,9.1,8.99,9.04,16463405.0,148879542.0,1926000000.0,0.008547977673935617
2004-08-23,9.04,9.04,8.89,8.89,17138054.0,153525224.0,1926000000.0,0.00889826272066459
2004-08-24,8.82,8.96,8.82,8.9,11473754.0,102148314.0,1926000000.0,0.005957296988577362
2004-08-25,8.9,8.95,8.84,8.91,3981019.0,35371414.0,1926000000.0,0.0020669880581516095
2004-08-26,8.9,8.93,8.85,8.91,3982858.0,35421808.0,1926000000.0,0.002067942886812046
2004-08-27,8.91,8.93,8.68,8.7,13247821.0,116184768.0,1926000000.0,0.006878411734164071
2004-08-31,8.9,8.99,8.7,8.82,14662533.0,129030785.0,1926000000.0,0.0076129454828660435
2004-09-01,8.81,8.81,8.39,8.5,27274113.0,232903787.0,1926000000.0,0.01416101401869159
2004-09-02,8.48,8.55,8.31,8.44,24156405.0,203433199.0,1926000000.0,0.012542266355140186
2004-09-03,8.45,8.51,8.4,8.48,9714001.0,82136621.0,1926000000.0,0.0050436142263759086
2004-09-06,8.43,8.5,8.4,8.46,5444726.0,45996751.0,1926000000.0,0.0028269605399792314
2004-09-07,8.47,8.5,8.43,8.48,3628499.0,30669045.0,1926000000.0,0.0018839558670820354
2004-09-08,8.46,8.48,8.3,8.35,10725973.0,89838707.0,1926000000.0,0.005569041017653167
2004-09-09,8.3,8.37,8.27,8.31,10191977.0,84724030.0,1926000000.0,0.005291784527518172
2004-09-10,8.29,8.33,8.18,8.32,17056368.0,140414331.0,1926000000.0,0.00885585046728972
2004-09-13,8.3,8.3,8.23,8.27,10381837.0,85810239.0,1926000000.0,0.00539036188992731
2004-09-14,8.3,8.58,8.3,8.51,26151654.0,221854300.0,1926000000.0,0.013578221183800624
2004-09-15,8.54,8.87,8.49,8.69,37304629.0,325214884.0,1926000000.0,0.019368966251298025
2004-09-16,8.74,8.78,8.6,8.7,18913162.0,164459723.0,1926000000.0,0.009819917964693666
2004-09-17,8.7,8.89,8.62,8.87,30991331.0,272522988.0,1926000000.0,0.016091033748701973
2004-09-20,9.0,9.05,8.85,9.02,56086869.0,503091833.0,1926000000.0,0.029120908099688474
2004-09-21,9.02,9.05,8.87,8.94,29742977.0,266284817.0,1926000000.0,0.0154428748701973
2004-09-22,8.93,9.02,8.7,8.74,24432878.0,215734870.0,1926000000.0,0.012685814122533749
2004-09-23,8.74,9.02,8.66,8.99,24304240.0,213725929.0,1926000000.0,0.01261902388369678
2004-09-24,9.05,9.28,8.9,8.92,89257071.0,810112086.0,1926000000.0,0.046343235202492214
2004-09-27,9.27,9.27,8.83,8.95,31737028.0,286083226.0,1926000000.0,0.016478207684319835
2004-09-28,8.91,9.01,8.9,8.93,14382351.0,128747793.0,1926000000.0,0.007467471962616822
2004-09-29,8.94,8.95,8.75,8.75,17560254.0,155207942.0,1926000000.0,0.009117473520249221
2004-09-30,8.75,8.81,8.67,8.73,17355712.0,151469550.0,1926000000.0,0.009011273104880582
2004-10-08,8.73,8.8,8.58,8.78,14072579.0,122007701.0,1926000000.0,0.007306634994807892
2004-10-11,8.78,8.78,8.6,8.69,19397509.0,168586109.0,1926000000.0,0.010071396157840083
2004-10-12,8.67,8.67,8.47,8.49,18636624.0,159047886.0,1926000000.0,0.009676336448598132
2004-10-13,8.49,8.53,8.39,8.41,19330959.0,163289214.0,1926000000.0,0.010036842679127725
2004-10-14,8.42,8.48,8.33,8.4,27098919.0,227011126.0,1926000000.0,0.01407005140186916
2004-10-15,8.35,8.6,8.34,8.52,17345970.0,146986902.0,1926000000.0,0.009006214953271028
2004-10-18,8.48,8.54,8.39,8.52,10492583.0,88644218.0,1926000000.0,0.00544786240913811
2004-10-19,8.5,8.63,8.48,8.5,8443547.0,72187031.0,1926000000.0,0.004383980789200415
2004-10-20,8.5,8.61,8.45,8.6,9560927.0,81606354.0,1926000000.0,0.004964136552440291
2004-10-21,8.6,8.71,8.51,8.52,12877090.0,110936945.0,1926000000.0,0.0066859241952232605
2004-10-22,8.67,9.03,8.6,8.96,60188584.0,534716514.0,1926000000.0,0.03125056282450675
2004-10-25,9.08,9.11,8.82,8.82,27853651.0,249238726.0,1926000000.0,0.014461916407061267
2004-10-26,8.8,9.24,8.76,9.19,65387115.0,594948997.0,1926000000.0,0.03394969626168224
2004-10-27,9.2,9.25,9.13,9.21,55325184.0,508271657.0,1926000000.0,0.028725433021806853
2004-10-28,9.24,9.24,9.06,9.08,36495634.0,334407574.0,1926000000.0,0.01894892731048806
2004-10-29,8.85,9.16,8.82,9.01,39649615.0,357353278.0,1926000000.0,0.020586508307372794
2004-11-01,8.99,9.22,8.9,9.15,31512537.0,288470146.0,1926000000.0,0.01636164953271028
2004-11-02,9.15,9.26,9.08,9.18,32080422.0,294721750.0,1926000000.0,0.0166565015576324
2004-11-03,9.23,9.52,9.18,9.45,63492153.0,592709082.0,1926000000.0,0.03296581152647975
2004-11-04,9.48,9.53,9.11,9.16,52652246.0,493478701.0,1926000000.0,0.027337614745586707
2004-11-05,9.2,9.26,9.01,9.11,28480662.0,260646284.0,1926000000.0,0.014787467289719625
2004-11-08,9.11,9.32,9.06,9.21,22538028.0,208038998.0,1926000000.0,0.01170198753894081
2004-11-09,9.23,9.32,9.17,9.28,11414226.0,105925887.0,1926000000.0,0.005926389408099688
2004-11-10,9.3,9.64,9.22,9.53,42562367.0,404726389.0,1926000000.0,0.022098840602284526
2004-11-11,9.56,9.58,9.37,9.42,30853631.0,292673499.0,1926000000.0,0.01601953842159917
2004-11-12,9.4,9.57,9.35,9.5,18570682.0,175628573.0,1926000000.0,0.00964209865005192
2004-11-15,9.51,9.65,9.47,9.53,18521993.0,177036980.0,1926000000.0,0.009616818795430944
2004-11-16,9.53,9.55,9.36,9.4,18226444.0,171615875.0,1926000000.0,0.009463366562824507
2004-11-17,9.36,9.42,9.32,9.36,12474037.0,116853441.0,1926000000.0,0.006476654724818276
2004-11-18,9.36,9.48,9.34,9.38,10780374.0,101284757.0,1926000000.0,0.005597286604361371
2004-11-19,9.38,9.43,9.27,9.37,12244041.0,114162432.0,1926000000.0,0.006357238317757009
2004-11-22,9.38,9.4,9.22,9.28,14679115.0,136226952.0,1926000000.0,0.007621555036344756
2004-11-23,9.28,9.28,9.14,9.16,16952619.0,155649606.0,1926000000.0,0.008801982866043613
2004-11-24,9.15,9.35,9.11,9.17,21133026.0,194717203.0,1926000000.0,0.010972495327102804
2004-11-25,9.18,9.26,9.13,9.21,12948857.0,118932303.0,1926000000.0,0.0067231863966770505
2004-11-26,9.21,9.23,9.1,9.16,9132878.0,83626626.0,1926000000.0,0.004741888888888889
2004-11-29,9.14,9.24,9.1,9.18,7289927.0,66716548.0,1926000000.0,0.003785008826583593
2004-11-30,9.16,9.29,9.14,9.22,11410535.0,105302571.0,1926000000.0,0.0059244730010384215
2004-12-01,9.25,9.27,9.17,9.25,8614803.0,79501389.0,1926000000.0,0.004472898753894081
2004-12-02,9.24,9.24,8.96,9.05,19649908.0,177780632.0,1926000000.0,0.010202444444444445
2004-12-03,9.03,9.09,8.96,9.01,8910585.0,80276038.0,1926000000.0,0.004626471962616822
2004-12-06,9.0,9.13,8.98,9.07,4212538.0,38052668.0,1926000000.0,0.0021871952232606438
2004-12-07,9.08,9.11,8.98,9.01,4638427.0,41843003.0,1926000000.0,0.0024083213914849427
2004-12-08,9.07,9.13,8.97,8.99,10772356.0,97419722.0,1926000000.0,0.005593123572170301
2004-12-09,9.01,9.17,8.94,9.01,14610743.0,132625978.0,1926000000.0,0.007586055555555556
2004-12-10,9.01,9.05,8.88,8.9,10493521.0,93966987.0,1926000000.0,0.005448349428868121
2004-12-13,8.85,8.95,8.74,8.93,15224603.0,134730154.0,1926000000.0,0.007904778296988577
2004-12-14,8.91,8.98,8.86,8.9,7006484.0,62375726.0,1926000000.0,0.003637842159916926
2004-12-15,8.9,8.97,8.85,8.96,9982360.0,89034151.0,1926000000.0,0.005182949117341641
2004-12-16,8.96,9.04,8.9,8.98,6957300.0,62464237.0,1926000000.0,0.0036123052959501556
2004-12-17,8.97,8.97,8.8,8.84,10231661.0,90703596.0,1926000000.0,0.005312388888888889
2004-12-20,8.8,8.9,8.62,8.76,19035111.0,165609339.0,1926000000.0,0.009883235202492211
2004-12-21,8.75,8.89,8.71,8.76,16353763.0,144198398.0,1926000000.0,0.00849105036344756
2004-12-22,8.79,8.92,8.6,8.9,21679249.0,190024372.0,1926000000.0,0.01125610020768432
2004-12-23,8.89,8.89,8.65,8.7,9843414.0,86347782.0,1926000000.0,0.005110806853582554
2004-12-24,8.69,8.78,8.65,8.69,5832748.0,50870334.0,1926000000.0,0.0030284257528556593
2004-12-27,8.74,8.78,8.67,8.69,12254212.0,106717308.0,1926000000.0,0.006362519210799585
2004-12-28,8.7,8.72,8.63,8.68,12444713.0,107869288.0,1926000000.0,0.006461429387331257
2004-12-29,8.7,8.82,8.68,8.76,13334867.0,116620008.0,1926000000.0,0.006923606957424715
2004-12-30,8.76,8.78,8.67,8.72,15121793.0,131876313.0,1926000000.0,0.007851398234683282
2004-12-31,8.77,8.82,8.72,8.79,19116409.0,168080655.0,1926000000.0,0.009925446002076843
2005-01-04,8.75,8.75,8.6,8.66,20129673.0,174453340.0,1926000000.0,0.010451543613707166
2005-01-05,8.66,8.8,8.66,8.79,13661040.0,119066742.0,1926000000.0,0.0070929595015576325
2005-01-06,8.79,8.79,8.69,8.72,10004968.0,87360454.0,1926000000.0,0.00519468743509865
2005-01-07,8.73,8.9,8.72,8.74,11113603.0,97873368.0,1926000000.0,0.005770302699896158
2005-01-10,8.75,8.88,8.75,8.87,12727686.0,112592476.0,1926000000.0,0.006608352024922119
2005-01-11,8.87,8.94,8.83,8.91,10304366.0,91726713.0,1926000000.0,0.00535013811007269
2005-01-12,8.9,8.96,8.85,8.94,6420023.0,57189213.0,1926000000.0,0.003333345275181724
2005-01-13,8.93,8.95,8.83,8.84,8819100.0,78376635.0,1926000000.0,0.0045789719626168224
2005-01-14,8.84,8.91,8.7,8.71,11682014.0,102969105.0,1926000000.0,0.006065427829698857
2005-01-17,8.65,8.72,8.47,8.56,23327166.0,200352901.0,1926000000.0,0.012111716510903427
2005-01-18,8.55,8.58,8.39,8.5,16696951.0,141422683.0,1926000000.0,0.00866923727933541
2005-01-19,8.5,8.55,8.4,8.43,15029674.0,127354423.0,1926000000.0,0.007803569055036345
2005-01-20,8.38,8.48,8.17,8.39,28859532.0,239825510.0,1926000000.0,0.014984180685358256
2005-01-21,8.32,8.65,8.2,8.47,25898836.0,217865214.0,1926000000.0,0.013446955347871235
2005-01-24,8.64,8.67,8.39,8.57,25354619.0,215677447.0,1926000000.0,0.013164392004153687
2005-01-25,8.54,8.54,8.44,8.51,9692333.0,82208684.0,1926000000.0,0.005032363966770509
2005-01-26,8.48,8.58,8.43,8.51,4902086.0,41723299.0,1926000000.0,0.0025452159916926273
2005-01-27,8.49,8.58,8.45,8.52,10061532.0,85910773.0,1926000000.0,0.005224056074766355
2005-01-28,8.5,8.56,8.48,8.5,7272292.0,62023551.0,1926000000.0,0.003775852544132918
2005-01-31,8.55,8.57,8.4,8.53,9318579.0,79428776.0,1926000000.0,0.004838306853582554
2005-02-01,8.54,8.61,8.49,8.58,7080631.0,60646474.0,1926000000.0,0.0036763400830737277
2005-02-02,8.58,8.87,8.58,8.86,30562827.0,267725960.0,1926000000.0,0.01586854984423676
2005-02-03,8.86,8.9,8.7,8.77,13001637.0,114262348.0,1926000000.0,0.006750590342679128
2005-02-04,8.77,9.0,8.7,8.9,18186487.0,161134202.0,1926000000.0,0.009442620456905504
2005-02-16,8.99,8.99,8.84,8.86,13985550.0,124369108.0,1926000000.0,0.007261448598130841
2005-02-17,8.86,8.86,8.66,8.7,16159531.0,140869772.0,1926000000.0,0.008390203011422638
2005-02-18,8.7,8.75,8.67,8.7,4964131.0,43202501.0,1926000000.0,0.0025774304257528556
2005-02-21,8.73,8.8,8.67,8.76,8437018.0,73786516.0,1926000000.0,0.004380590861889928
2005-02-22,8.85,8.95,8.75,8.85,21809714.0,192137163.0,1926000000.0,0.011323839044652128
2005-02-23,8.88,8.88,8.7,8.75,20759233.0,181814026.0,1926000000.0,0.010778417964693665
2005-02-24,8.72,8.76,8.68,8.72,14212238.0,123849454.0,1926000000.0,0.007379147455867082
2005-02-25,8.72,8.86,8.69,8.7,30816045.0,270430242.0,1926000000.0,0.01600002336448598
2005-02-28,8.7,8.72,8.51,8.56,26132273.0,224704683.0,1926000000.0,0.013568158359293873
2005-03-01,8.56,8.63,8.49,8.6,12553917.0,107414633.0,1926000000.0,0.006518129283489097
2005-03-02,8.62,8.9,8.62,8.75,63460996.0,559674418.0,1926000000.0,0.032949634475597095
2005-03-04,8.8,8.92,8.79,8.8,32665988.0,289570113.0,1926000000.0,0.016960533748701972
2005-03-07,8.84,8.87,8.8,8.82,7706337.0,67997139.0,1926000000.0,0.0040012133956386295
2005-03-08,8.82,8.88,8.77,8.87,13663972.0,120748401.0,1926000000.0,0.007094481827622015
2005-03-09,8.9,9.05,8.8,8.82,25235172.0,225758299.0,1926000000.0,0.013102373831775701
2005-03-10,8.81,8.86,8.73,8.78,13939749.0,122556574.0,1926000000.0,0.0072376682242990655
2005-03-11,8.77,8.91,8.75,8.81,11918410.0,105162655.0,1926000000.0,0.006188167185877466
2005-03-14,8.82,9.0,8.74,8.89,26003173.0,230739749.0,1926000000.0,0.013501128245067497
2005-03-15,8.9,8.92,8.67,8.7,14801517.0,129358179.0,1926000000.0,0.007685107476635514
2005-03-16,8.68,8.7,8.5,8.54,20434909.0,175514632.0,1926000000.0,0.01061002544132918
2005-03-17,8.58,8.62,8.49,8.55,13534598.0,115615381.0,1926000000.0,0.007027309449636553
2005-03-18,8.55,8.64,8.51,8.53,9177561.0,78655460.0,1926000000.0,0.004765088785046729
2005-03-21,8.53,8.65,8.53,8.58,5292379.0,45514039.0,1926000000.0,0.0027478603322949116
2005-03-22,8.6,8.69,8.48,8.65,9341012.0,80024907.0,1926000000.0,0.004849954309449636
2005-03-23,8.65,8.65,8.51,8.59,10660091.0,91258381.0,1926000000.0,0.005534834371754932
2005-03-24,8.58,8.72,8.5,8.69,16199594.0,139697578.0,1926000000.0,0.008411004153686397
2005-03-25,8.69,8.75,8.59,8.73,7791458.0,67350518.0,1926000000.0,0.004045409138110073
2005-03-28,8.68,8.7,8.59,8.69,6927564.0,59848095.0,1926000000.0,0.003596866043613707
2005-03-29,8.76,8.76,8.6,8.61,9750442.0,84435135.0,1926000000.0,0.0050625347871235725
2005-03-30,8.6,8.68,8.55,8.63,11458043.0,98832404.0,1926000000.0,0.005949139667705088
2005-03-31,8.6,8.66,8.48,8.65,11721060.0,100471617.0,1926000000.0,0.006085700934579439
2005-04-01,8.65,8.98,8.59,8.88,32827366.0,289989182.0,1926000000.0,0.01704432294911734
2005-04-04,8.75,8.88,8.7,8.79,12472348.0,109599870.0,1926000000.0,0.006475777777777777
2005-04-05,8.76,8.82,8.64,8.64,9591615.0,83501018.0,1926000000.0,0.004980070093457944
2005-04-06,8.65,8.88,8.63,8.83,18312811.0,160916264.0,1926000000.0,0.009508209241952233
2005-04-07,8.83,9.05,8.79,8.79,36123496.0,322252537.0,1926000000.0,0.01875570924195223
2005-04-08,8.75,8.8,8.6,8.79,21358805.0,185377806.0,1926000000.0,0.011089722222222223
2005-04-11,8.78,8.78,8.6,8.68,14621010.0,126763244.0,1926000000.0,0.007591386292834891
2005-04-12,8.65,8.72,8.62,8.65,7328698.0,63486133.0,1926000000.0,0.003805139148494289
2005-04-13,8.7,8.83,8.6,8.67,14491359.0,126780481.0,1926000000.0,0.0075240700934579435
2005-04-14,8.73,8.74,8.58,8.59,13037129.0,112711731.0,1926000000.0,0.006769018172377985
2005-04-15,8.53,8.65,8.5,8.56,14341299.0,122842163.0,1926000000.0,0.007446157320872274
2005-04-18,8.55,8.55,8.27,8.33,40844904.0,341968875.0,1926000000.0,0.02120711526479751
2005-04-19,8.3,8.42,8.28,8.39,10044565.0,84144681.0,1926000000.0,0.005215246625129803
2005-04-20,8.38,8.4,8.34,8.35,8904629.0,74501977.0,1926000000.0,0.004623379543094496
2005-04-21,8.35,8.37,8.15,8.26,23220199.0,191530952.0,1926000000.0,0.012056178089304257
2005-04-22,8.21,8.3,8.18,8.22,13662344.0,112278193.0,1926000000.0,0.007093636552440291
2005-04-25,8.2,8.32,8.19,8.28,6415510.0,53019362.0,1926000000.0,0.0033310020768431985
2005-04-26,8.27,8.37,8.25,8.3,7923858.0,65915256.0,1926000000.0,0.0041141526479750775
2005-04-27,8.32,8.39,8.23,8.25,7312136.0,60732914.0,1926000000.0,0.003796539979231568
2005-04-28,8.25,8.44,8.23,8.39,10441278.0,87262207.0,1926000000.0,0.0054212242990654205
2005-04-29,8.45,8.47,8.29,8.3,9457522.0,78903002.0,1926000000.0,0.004910447559709242
2005-05-10,8.1,8.16,7.85,7.92,52396747.0,415387730.0,1926000000.0,0.027204956905503633
2005-05-11,7.9,7.92,7.6,7.67,22106372.0,171906482.0,1926000000.0,0.011477867082035307
2005-05-12,7.61,7.63,7.37,7.39,38125851.0,285670834.0,1926000000.0,0.019795353582554517
2005-05-13,7.35,7.66,7.32,7.57,19470770.0,146638768.0,1926000000.0,0.010109434060228453
2005-05-16,7.4,7.61,7.38,7.45,18252968.0,137410302.0,1926000000.0,0.00947713811007269
2005-05-17,7.45,7.66,7.4,7.54,14233242.0,107855486.0,1926000000.0,0.0073900529595015575
2005-05-18,7.62,7.83,7.51,7.7,40316100.0,309705125.0,2326000000.0,0.01733280309544282
2005-05-19,7.71,7.8,7.64,7.78,14840276.0,114171619.0,2326000000.0,0.006380170249355116
2005-05-20,7.78,7.81,7.74,7.78,11854896.0,92279665.0,2326000000.0,0.005096687876182287
2005-05-23,7.75,7.78,7.68,7.71,8569942.0,66217893.0,2326000000.0,0.0036844118658641446
2005-05-24,7.52,7.52,7.31,7.4,13395526.0,99599227.0,2326000000.0,0.0057590395528804815
2005-05-25,7.41,7.7,7.4,7.59,10775968.0,81564671.0,2326000000.0,0.004632832330180568
2005-05-26,7.54,7.66,7.53,7.58,6495633.0,49377603.0,2326000000.0,0.0027926195184866725
2005-05-27,7.53,7.67,7.48,7.54,15842305.0,120747831.0,2326000000.0,0.006810965176268272
2005-05-30,7.51,7.63,7.46,7.58,14236014.0,108019669.0,2326000000.0,0.0061203843508168525
2005-05-31,7.61,7.87,7.59,7.78,24390104.0,189093720.0,2326000000.0,0.010485857265692176
2005-06-01,7.77,7.81,7.64,7.68,15498690.0,119987151.0,2326000000.0,0.006663237317282889
2005-06-02,7.7,7.72,7.41,7.46,16807351.0,126656085.0,2326000000.0,0.007225860275150473
2005-06-03,7.45,7.5,7.33,7.49,12351372.0,91463118.0,2326000000.0,0.005310134135855546
2005-06-06,7.49,7.81,7.47,7.76,16705688.0,128333572.0,2326000000.0,0.007182153052450559
2005-06-07,7.82,7.98,7.75,7.76,21949769.0,172816172.0,2326000000.0,0.009436702063628547
2005-06-08,8.0,8.53,7.78,8.39,97103986.0,803131569.0,2326000000.0,0.04174719948409286
2005-06-09,8.3,8.43,8.08,8.42,87826704.0,726945112.0,2326000000.0,0.03775868615649183
2005-06-10,8.4,8.4,7.97,8.16,82297442.0,666998841.0,2326000000.0,0.035381531384350816
2005-06-13,8.09,8.09,7.89,7.96,28493513.0,227099033.0,2326000000.0,0.012250005588993982
2005-06-14,7.99,8.11,7.91,7.91,23919706.0,191611135.0,2326000000.0,0.01028362252794497
2005-06-15,7.9,7.96,7.8,7.84,13832679.0,108997036.0,2326000000.0,0.005946981513327601
2005-06-16,7.88,8.18,7.88,8.17,45227537.0,364313090.0,2326000000.0,0.019444340928632845
2005-06-17,8.18,8.26,8.13,8.17,37640310.0,308443313.0,2326000000.0,0.01618242046431642
2005-07-05,8.2,8.4,8.17,8.28,125490624.0,1038146418.0,2326000000.0,0.05395125709372313
2005-07-06,8.25,8.31,8.18,8.26,29224437.0,241629241.0,2326000000.0,0.012564246345657781
2005-07-07,8.26,8.32,8.21,8.31,15576715.0,128944651.0,2326000000.0,0.006696782029234738
2005-07-08,8.3,8.3,8.18,8.29,17006920.0,140118024.0,2326000000.0,0.007311659501289768
2005-07-11,8.35,8.4,8.28,8.29,12991696.0,108305689.0,2326000000.0,0.005585423903697335
2005-07-12,8.25,8.51,8.19,8.42,28843027.0,242030050.0,2326000000.0,0.012400269561478933
2005-07-13,8.45,8.45,8.34,8.41,11521504.0,96913505.0,2326000000.0,0.004953355116079106
2005-07-14,8.4,8.55,8.4,8.48,14019377.0,119027391.0,2326000000.0,0.006027247205503009
2005-07-15,8.45,8.51,8.39,8.42,7738263.0,65268366.0,2326000000.0,0.003326854256233878
2005-07-18,8.39,8.51,8.36,8.48,6727429.0,56896258.0,2326000000.0,0.002892273860705073
2005-07-19,8.48,8.49,8.4,8.45,5771604.0,48689167.0,2326000000.0,0.002481343078245916
2005-07-20,8.48,8.52,8.39,8.51,16981808.0,144002847.0,2326000000.0,0.00730086328460877
2005-07-21,8.55,8.77,8.51,8.74,29528088.0,257039839.0,2326000000.0,0.012694792777300085
2005-08-15,7.88,8.05,7.59,7.99,195544666.0,1544279351.0,2714802600.0,0.07202905507752203
2005-08-16,8.0,8.02,7.75,7.85,85346089.0,674049505.0,2714802600.0,0.0314373092909223
2005-08-17,7.84,7.93,7.77,7.91,32736000.0,257000282.0,2714802600.0,0.012058335291118404
2005-08-18,7.92,7.93,7.63,7.67,57713596.0,449949620.0,2714802600.0,0.021258855432067143
2005-08-19,7.67,7.77,7.62,7.7,26673709.0,204732057.0,2714802600.0,0.009825284902850763
2005-08-22,7.77,7.91,7.72,7.89,40362402.0,316799876.0,2714802600.0,0.014867527384864004
2005-08-23,7.86,7.94,7.77,7.91,34110094.0,268602384.0,2714802600.0,0.012564484062303462
2005-08-24,7.9,7.93,7.81,7.85,15943235.0,125498958.0,2714802600.0,0.005872705072552973
2005-08-25,7.89,7.91,7.83,7.84,16213679.0,127467613.0,2714802600.0,0.005972323365242099
2005-08-26,7.83,7.85,7.67,7.71,18504009.0,142905737.0,2714802600.0,0.006815968498041073
2005-08-29,7.71,7.71,7.62,7.7,11114254.0,85053301.0,2714802600.0,0.004093945541381167
2005-08-30,7.76,7.84,7.69,7.77,12120177.0,94284152.0,2714802600.0,0.0044644781907900045
2005-08-31,7.85,7.87,7.77,7.84,18160335.0,141798304.0,2714802600.0,0.006689375868433307
2005-09-01,7.85,7.93,7.82,7.86,30227092.0,238770995.0,2714802600.0,0.011134176753772079
2005-09-02,7.85,7.9,7.83,7.88,12407521.0,97516244.0,2714802600.0,0.004570321613807206
2005-09-05,7.9,7.93,7.8,7.82,12257966.0,96198265.0,2714802600.0,0.004515232893912802
2005-09-06,7.83,7.86,7.78,7.83,13117997.0,102746043.0,2714802600.0,0.004832026092799528
2005-09-07,7.82,7.82,7.7,7.79,12600608.0,97839669.0,2714802600.0,0.004641445385384558
2005-09-08,7.78,7.78,7.68,7.71,16757355.0,129391079.0,2714802600.0,0.00617258691294903
2005-09-09,7.7,7.74,7.67,7.71,16719354.0,128755538.0,2714802600.0,0.0061585892101326265
2005-09-12,7.72,7.72,7.62,7.64,14295271.0,109289675.0,2714802600.0,0.005265676038471453
2005-09-13,7.62,7.71,7.6,7.69,13243672.0,101207288.0,2714802600.0,0.0048783185930350885
2005-09-14,7.69,7.71,7.59,7.64,19756013.0,150846994.0,2714802600.0,0.007277145306992118
2005-09-15,7.63,7.64,7.58,7.59,18865076.0,143563266.0,2714802600.0,0.00694896785497406
2005-09-16,7.58,7.63,7.52,7.53,15972049.0,120732543.0,2714802600.0,0.005883318735586889
2005-09-19,7.53,7.63,7.52,7.59,13031947.0,98999382.0,2714802600.0,0.004800329497253317
2005-09-20,7.6,7.71,7.59,7.64,20439346.0,156419947.0,2714802600.0,0.007528851637316098
2005-09-21,7.63,7.64,7.52,7.54,10735124.0,81266211.0,2714802600.0,0.003954292662015278
2005-09-22,7.52,7.58,7.42,7.53,19804320.0,148161970.0,2714802600.0,0.0072949392342559274
2005-09-23,7.55,7.55,7.46,7.46,8149913.0,61088733.0,2714802600.0,0.0030020278454131436
2005-09-26,7.46,7.48,7.41,7.45,6092356.0,45370491.0,2714802600.0,0.0022441248582861974
2005-09-27,7.45,7.49,7.32,7.34,14455330.0,106952699.0,2714802600.0,0.005324633916292846
2005-09-28,7.34,7.46,7.33,7.44,16595645.0,123077981.0,2714802600.0,0.006113020887780202
2005-09-29,7.44,7.48,7.39,7.44,11581308.0,86065186.0,2714802600.0,0.0042659853058929584
2005-10-10,7.44,7.54,7.4,7.45,7610618.0,57040038.0,2714802600.0,0.0028033780430297217
2005-10-11,7.45,7.51,7.41,7.5,5244094.0,39075971.0,2714802600.0,0.0019316667812237988
2005-10-12,7.49,7.53,7.38,7.5,16310182.0,121490757.0,2714802600.0,0.006007870332819042
2005-10-13,7.5,7.56,7.42,7.47,12203657.0,91602441.0,2714802600.0,0.004495228124505259
2005-10-14,7.47,7.47,7.29,7.3,11649556.0,85823277.0,2714802600.0,0.004291124518592991
2005-10-17,7.3,7.31,7.22,7.3,6894986.0,50104887.0,2714802600.0,0.002539774346760976
2005-10-18,7.3,7.3,7.11,7.17,14076379.0,101351650.0,2714802600.0,0.005185046971739308
2005-10-19,7.17,7.17,7.05,7.07,10238371.0,72703460.0,2714802600.0,0.0037713132439168872
2005-10-20,7.06,7.17,7.02,7.11,8141083.0,58036864.0,2714802600.0,0.0029987753069044506
2005-10-21,7.11,7.15,6.97,6.99,14336003.0,100520708.0,2714802600.0,0.005280679707614837
2005-10-24,7.0,7.05,6.92,6.97,8527892.0,59595252.0,2714802600.0,0.00314125675288509
2005-10-25,6.95,7.04,6.9,6.98,11725421.0,81566661.0,2714802600.0,0.004319069460151541
2005-10-26,6.98,7.06,6.95,7.01,12878664.0,90286869.0,2714802600.0,0.004743867565177667
2005-10-27,7.01,7.21,7.01,7.14,18705504.0,133525170.0,2714802600.0,0.006890189364044369
2005-10-28,7.13,7.25,7.04,7.22,17062248.0,122159953.0,2714802600.0,0.006284894526032942
2005-10-31,7.2,7.35,7.18,7.24,15812778.0,114913114.0,2714802600.0,0.005824651118280202
2005-11-01,7.23,7.29,7.1,7.16,16845061.0,120806112.0,2714802600.0,0.00620489349759721
2005-11-02,7.16,7.32,7.15,7.17,15011416.0,108409370.0,2714802600.0,0.005529468698755482
2005-11-03,7.18,7.27,7.15,7.19,8784869.0,63531895.0,2714802600.0,0.0032359144639098254
2005-11-04,7.17,7.28,7.13,7.21,11478791.0,82634392.0,2714802600.0,0.0042282230759613975
2005-11-07,7.21,7.25,7.16,7.22,4055313.0,29267355.0,2714802600.0,0.0014937782216651774
2005-11-08,7.21,7.26,7.15,7.15,7095982.0,50994572.0,2714802600.0,0.002613811405661686
2005-11-09,7.15,7.21,6.98,7.03,31718521.0,223542982.0,2714802600.0,0.011683545978628428
2005-11-10,7.02,7.03,6.88,6.96,20648645.0,143628007.0,2714802600.0,0.007605947113797519
2005-11-11,6.96,7.0,6.86,6.91,11013449.0,76267220.0,2714802600.0,0.004056813928202368
2005-11-14,6.91,7.01,6.89,6.98,7274311.0,50506693.0,2714802600.0,0.002679499054553727
2005-11-15,6.98,7.02,6.95,6.96,6561524.0,45794543.0,2714802600.0,0.002416943316615359
2005-11-16,6.95,7.05,6.9,7.02,7578026.0,52837597.0,2714802600.0,0.0027913727502692095
2005-11-17,7.0,7.03,6.99,7.01,5285795.0,37053420.0,2714802600.0,0.0019470273823960535
2005-11-18,7.0,7.17,6.98,7.13,16369525.0,116051508.0,2714802600.0,0.006029729380692357
2005-11-21,7.15,7.17,7.07,7.12,6481098.0,46036636.0,2714802600.0,0.0023873183265700425
2005-11-22,7.1,7.12,7.01,7.02,7807744.0,55011474.0,2714802600.0,0.0028759895839203927
2005-11-23,7.0,7.06,6.98,7.01,6508849.0,45646175.0,2714802600.0,0.0023975404325898317
2005-11-24,7.0,7.3,6.99,7.2,25851650.0,185865913.0,2714802600.0,0.009522478724604138
2005-11-25,7.2,7.29,7.16,7.29,16417394.0,118765307.0,2714802600.0,0.006047361970258906
2005-11-28,7.28,7.45,7.2,7.26,24772717.0,181752202.0,2714802600.0,0.009125052775476199
2005-11-29,7.24,7.25,7.1,7.13,15925523.0,113954022.0,2714802600.0,0.005866180841288424
2005-11-30,7.1,7.16,7.04,7.13,11917023.0,84409679.0,2714802600.0,0.0043896462306320175
2005-12-01,7.13,7.16,7.0,7.07,8914027.0,63229347.0,2714802600.0,0.003283489930354421
2005-12-02,7.07,7.14,7.0,7.06,12982647.0,91531756.0,2714802600.0,0.004782169797538871
2005-12-05,7.03,7.16,7.01,7.14,12457395.0,88727162.0,2714802600.0,0.004588692746942264
2005-12-06,7.13,7.21,7.09,7.15,12407942.0,88666229.0,2714802600.0,0.004570476689539048
2005-12-07,7.15,7.26,7.14,7.17,21031351.0,151492350.0,2714802600.0,0.007746917216006792
2005-12-08,7.17,7.26,7.09,7.12,15129873.0,108106498.0,2714802600.0,0.005573102442144412
2005-12-09,7.18,7.27,7.1,7.21,15137670.0,108796193.0,2714802600.0,0.005575974474166188
2005-12-12,7.22,7.27,7.18,7.2,11121936.0,80139401.0,2714802600.0,0.004096775213048639
2005-12-13,7.19,7.23,7.08,7.13,20553428.0,146512131.0,2714802600.0,0.007570873845486961
2005-12-14,7.13,7.14,6.98,7.05,46687686.0,327340403.0,2714802600.0,0.017197451483212813
2005-12-15,7.05,7.08,6.98,7.03,39535850.0,277446521.0,2714802600.0,0.014563066205992289
2005-12-16,7.03,7.1,6.99,7.06,27286279.0,192017300.0,2714802600.0,0.01005092561794364
2005-12-19,7.05,7.07,6.98,7.02,26186427.0,183377449.0,2714802600.0,0.009645794136192444
2005-12-20,7.01,7.06,6.97,7.05,24844243.0,174055175.0,2714802600.0,0.009151399442449333
2005-12-21,7.05,7.06,6.97,6.98,22156518.0,155128686.0,2714802600.0,0.008161373500968358
2005-12-22,6.98,7.08,6.97,7.05,22780664.0,159914525.0,2714802600.0,0.008391278246160512
2005-12-23,7.05,7.06,6.97,7.0,31640763.0,221344520.0,2714802600.0,0.011654903748802951
2005-12-26,7.0,7.06,6.99,7.03,40269711.0,282512911.0,2714802600.0,0.014833384570944495
2005-12-27,7.04,7.05,6.91,6.93,46511941.0,323337682.0,2714802600.0,0.017132715653064425
2005-12-28,6.92,6.93,6.86,6.92,47899392.0,330251018.0,2714802600.0,0.017643784487314105
2005-12-29,6.93,7.01,6.88,7.0,58769170.0,408505618.0,2714802600.0,0.02164767707235878
2005-12-30,7.0,7.04,6.9,6.92,33497959.0,233189744.0,2714802600.0,0.012339003579855125
2006-01-04,6.92,6.97,6.85,6.96,71624123.0,493613167.0,2714802600.0,0.026382810669180884
2006-01-05,6.97,7.04,6.92,7.02,81900813.0,572391640.0,2714802600.0,0.030168238751502596
2006-01-06,7.05,7.32,6.99,7.21,112351271.0,805129042.0,2714802600.0,0.041384692573964675
2006-01-09,7.22,7.26,7.13,7.18,64419781.0,462203858.0,2714802600.0,0.02372908475923811
2006-01-10,7.18,7.19,7.05,7.12,71058256.0,503926908.0,2714802600.0,0.02617437304649701
2006-01-11,7.11,7.11,7.01,7.02,67630465.0,476595196.0,2714802600.0,0.024911743122685973
2006-01-12,7.0,7.09,6.98,7.06,55383684.0,388635239.0,2714802600.0,0.020400630233667817
2006-01-13,7.06,7.07,6.96,6.97,50468870.0,353157387.0,2714802600.0,0.01859025403909662
2006-01-16,6.96,6.98,6.79,6.82,61593303.0,423672528.0,2714802600.0,0.022687949024360003
2006-01-17,6.81,6.81,6.7,6.73,59141079.0,398167612.0,2714802600.0,0.021784670089825316
2006-01-18,6.72,6.81,6.69,6.81,51427235.0,348015175.0,2714802600.0,0.018943268656070978
2006-01-19,6.81,6.84,6.72,6.78,48634765.0,328988551.0,2714802600.0,0.017914659798837676
2006-01-20,6.75,6.92,6.72,6.87,64489908.0,441968041.0,2714802600.0,0.023754916103292372
2006-01-23,6.87,6.87,6.76,6.8,35950629.0,244369485.0,2714802600.0,0.013242446798894329
2006-01-24,6.8,6.8,6.69,6.71,57035198.0,383731737.0,2714802600.0,0.02100896691346914
2006-01-25,6.71,6.77,6.63,6.65,43716982.0,291694901.0,2714802600.0,0.01610318997042363
2006-02-06,6.66,6.74,6.64,6.74,36076702.0,241349318.0,2714802600.0,0.01328888590279087
2006-02-07,6.74,6.86,6.66,6.85,54144606.0,365247893.0,2714802600.0,0.019944214728540483
2006-02-08,6.84,6.98,6.79,6.89,67913745.0,468759649.0,2714802600.0,0.02501608956761718
2006-02-09,6.89,6.92,6.75,6.75,47060195.0,321922643.0,2714802600.0,0.017334665511223542
2006-02-10,6.75,6.82,6.73,6.78,19004694.0,129014270.0,2714802600.0,0.0070003962719057365
2006-02-13,6.77,6.82,6.66,6.71,34543012.0,232665612.0,2714802600.0,0.012723949800254354
2006-02-14,6.72,6.85,6.72,6.83,39628914.0,269171409.0,2714802600.0,0.014597346414800103
2006-02-15,6.83,6.94,6.79,6.85,44739160.0,306490383.0,2714802600.0,0.016479710163825538
2006-02-16,6.85,6.89,6.69,6.75,54814904.0,371235542.0,2714802600.0,0.02019111960479189
2006-02-17,6.74,6.79,6.69,6.73,26789695.0,180500279.0,2714802600.0,0.00986800845114853
2006-02-20,6.72,6.79,6.69,6.7,18133133.0,122231299.0,2714802600.0,0.006679355987061453
2006-02-21,6.7,6.79,6.65,6.78,40816169.0,274809637.0,2714802600.0,0.015034672870874663
2006-02-22,6.78,6.91,6.76,6.8,66000141.0,451806630.0,2714802600.0,0.0243112117986037
2006-02-23,6.82,6.88,6.78,6.84,23617224.0,161245390.0,2714802600.0,0.008699425880909353
2006-02-24,6.84,6.9,6.83,6.85,25749027.0,176583714.0,2714802600.0,0.009484677449476437
2006-02-27,6.85,6.9,6.8,6.81,28512191.0,195053716.0,2714802600.0,0.010502491415029586
2006-02-28,6.81,6.82,6.72,6.78,27408684.0,184892818.0,2714802600.0,0.010096013610713354
2006-03-01,6.78,6.83,6.73,6.8,23456317.0,158793318.0,2714802600.0,0.008640155641518835
2006-03-02,6.8,6.8,6.67,6.68,37543894.0,252282068.0,2714802600.0,0.013829327406714581
2006-03-03,6.68,6.74,6.66,6.74,22358311.0,149629774.0,2714802600.0,0.008235704135541935
2006-03-06,6.73,6.73,6.66,6.69,20890519.0,139609436.0,2714802600.0,0.007695041621074033
2006-03-07,6.7,6.7,6.49,6.51,46915257.0,307900017.0,2714802600.0,0.017281277467466695
2006-03-08,6.5,6.54,6.34,6.4,45298449.0,290661179.0,2714802600.0,0.016685724774243255
2006-03-09,6.4,6.46,6.38,6.42,16455317.0,105655177.0,2714802600.0,0.006061330941704564
2006-03-10,6.42,6.46,6.4,6.44,15299209.0,98379269.0,2714802600.0,0.005635477511329921
2006-03-13,6.42,6.43,6.36,6.4,21658811.0,138452290.0,2714802600.0,0.007978042676104701
2006-03-14,6.4,6.49,6.37,6.45,20314999.0,130948264.0,2714802600.0,0.007483048307085016
2006-03-15,6.45,6.59,6.45,6.52,25570781.0,166986255.0,2714802600.0,0.009419020373709676
2006-03-16,6.53,6.56,6.44,6.45,16798726.0,108849388.0,2714802600.0,0.006187825958321979
2006-03-17,6.45,6.45,6.4,6.43,11800203.0,75867888.0,2714802600.0,0.004346615477677824
2006-03-20,6.43,6.62,6.41,6.61,29908551.0,194628709.0,2714802600.0,0.01101684188750961
2006-03-21,6.6,6.61,6.51,6.52,19994867.0,130814871.0,2714802600.0,0.007365127394529532
2006-03-22,6.52,6.55,6.45,6.48,19903177.0,128879610.0,2714802600.0,0.007331353299867917
2006-03-23,6.48,6.5,6.38,6.46,49944090.0,320432770.0,2714802600.0,0.01839695085012811
2006-03-24,6.46,6.47,6.36,6.38,34133537.0,218530095.0,2714802600.0,0.012573119312615953
2006-03-27,6.38,6.44,6.38,6.43,14146433.0,90614068.0,2714802600.0,0.005210851426177358
2006-03-28,6.43,6.51,6.4,6.45,28224531.0,182013803.0,2714802600.0,0.010396531593125776
2006-03-29,6.46,6.58,6.45,6.52,48415994.0,314806427.0,2714802600.0,0.017834075302565276
2006-03-30,6.52,6.6,6.5,6.5,34391227.0,224870869.0,2714802600.0,0.012668039657837369
2006-03-31,6.5,6.5,6.39,6.41,29677201.0,190537228.0,2714802600.0,0.010931623905178225
2006-04-03,6.41,6.48,6.38,6.47,40580601.0,260029702.0,2714802600.0,0.014947901184417607
2006-04-04,6.47,6.62,6.44,6.56,65623929.0,428601512.0,2714802600.0,0.0241726337671844
2006-04-05,6.57,6.71,6.57,6.62,64224666.0,427315314.0,2714802600.0,0.02365721397202139
2006-04-06,6.62,6.67,6.51,6.53,38174366.0,249731789.0,2714802600.0,0.014061562339744333
2006-04-07,6.54,6.57,6.43,6.45,35373292.0,228838391.0,2714802600.0,0.013029784191307316
2006-04-10,6.45,6.53,6.44,6.51,36525079.0,236932939.0,2714802600.0,0.013454045977412869
2006-04-11,6.52,6.68,6.51,6.64,73141226.0,484000419.0,2714802600.0,0.02694163693522321
2006-04-12,6.65,6.73,6.58,6.6,48687439.0,324697280.0,2714802600.0,0.017934062314512295
2006-04-13,6.6,6.7,6.54,6.57,42041873.0,278105189.0,2714802600.0,0.015486162050971957
2006-04-14,6.57,6.69,6.52,6.68,35895251.0,238314813.0,2714802600.0,0.013222048262367217
2006-04-17,6.68,6.84,6.63,6.77,65941188.0,447015430.0,2714802600.0,0.02428949640758411
2006-04-18,6.79,6.85,6.75,6.76,47835313.0,325706592.0,2714802600.0,0.0176201809295453
2006-04-19,6.77,6.81,6.68,6.7,38441992.0,258552909.0,2714802600.0,0.01416014261957757
2006-04-20,6.7,6.75,6.6,6.62,42596742.0,283641122.0,2714802600.0,0.01569054855038079
2006-04-21,6.63,6.68,6.56,6.63,37259690.0,246073977.0,2714802600.0,0.013724640605545317
2006-04-24,6.63,6.64,6.5,6.51,38646442.0,253277406.0,2714802600.0,0.014235451962511013
2006-04-25,6.5,6.56,6.39,6.48,41894288.0,269930733.0,2714802600.0,0.015431798982364317
2006-04-26,6.48,6.65,6.41,6.57,34947277.0,228425291.0,2714802600.0,0.012872861179667353
2006-04-27,6.57,6.59,6.45,6.48,27749709.0,180231543.0,2714802600.0,0.010221630478768512
2006-05-08,6.61,7.03,6.61,7.01,149537035.0,1025089016.0,2714802600.0,0.05508210247036009
2006-05-09,7.04,7.11,6.87,6.97,101854217.0,709147911.0,2714802600.0,0.03751809321237574
2006-05-10,7.0,7.08,6.9,7.0,71100528.0,497881177.0,2714802600.0,0.026189943976037154
2006-05-11,7.0,7.12,6.9,6.99,80015551.0,561168394.0,2714802600.0,0.029473800783894933
2006-05-12,6.98,7.06,6.94,7.06,72600256.0,509139288.0,2714802600.0,0.026742370145070585
2006-05-15,7.09,7.38,7.05,7.35,119267519.0,861222615.0,2714802600.0,0.043932298797710004
2006-05-16,7.45,7.97,7.45,7.69,138020298.0,1069588039.0,2714802600.0,0.05083990195088217
2006-05-17,7.75,8.15,7.75,8.13,183347575.0,1453407400.0,2714802600.0,0.06753624554507204
2006-05-18,7.69,7.69,7.32,7.32,138004922.0,1016127265.0,2714802600.0,0.050834238187336345
2006-05-19,7.28,7.36,7.2,7.3,96159196.0,698252546.0,2714802600.0,0.03542032706171712
2006-05-22,7.3,7.38,7.14,7.23,89290771.0,646940938.0,2714802600.0,0.03289033648339662
2006-05-23,7.18,7.3,7.02,7.11,80586013.0,576489114.0,2714802600.0,0.02968393097899641
2006-05-24,7.15,7.25,7.03,7.23,74611608.0,532638746.0,2714802600.0,0.027483253478540207
2006-05-25,7.28,7.29,7.0,7.06,66675275.0,473037463.0,2714802600.0,0.024559898019841295
2006-05-26,7.06,7.1,7.01,7.08,49133988.0,346138048.0,2714802600.0,0.018098549043676325
2006-05-29,7.08,7.1,6.94,7.04,81890869.0,573637532.0,2714802600.0,0.030164575870083518
2006-05-30,7.05,7.07,6.95,7.03,56092561.0,392716056.0,2714802600.0,0.02066174571955987
2006-05-31,7.04,7.05,6.88,6.91,58817078.0,409438525.0,2714802600.0,0.0216653240276107
2006-06-01,6.91,7.05,6.9,6.98,71534344.0,498958995.0,2714802600.0,0.026349740493102517
2006-06-02,6.98,7.01,6.75,6.79,95109379.0,651832141.0,2714802600.0,0.035033626017597005
2006-06-05,6.78,6.92,6.67,6.91,76186262.0,516260867.0,2714802600.0,0.028063278707630528
2006-06-06,6.9,6.95,6.83,6.89,40440747.0,279051143.0,2714802600.0,0.014896385836671881
2006-06-07,6.75,6.76,6.48,6.52,58111527.0,382667365.0,2714802600.0,0.021405433676835287
2006-06-08,6.48,6.8,6.43,6.76,104275603.0,694474520.0,2714802600.0,0.038410012941640766
2006-06-09,6.76,6.77,6.6,6.62,41543315.0,276938843.0,2714802600.0,0.015302517759486454
2006-06-12,6.6,6.71,6.57,6.66,38967702.0,259140668.0,2714802600.0,0.014353788374889577
2006-06-13,6.66,6.71,6.59,6.61,21546612.0,143235937.0,2714802600.0,0.007936714072691694
2006-06-14,6.6,6.72,6.56,6.7,42938776.0,286311633.0,2714802600.0,0.0158165370845011
2006-06-15,6.7,6.71,6.64,6.65,19228547.0,128408963.0,2714802600.0,0.007082852727487442
2006-06-16,6.65,6.7,6.63,6.68,27104350.0,180715099.0,2714802600.0,0.009983911905786446
2006-06-19,6.66,6.68,6.62,6.65,29175527.0,193918990.0,2714802600.0,0.010746831832266553
2006-06-20,6.65,6.71,6.58,6.66,38379872.0,254980679.0,2714802600.0,0.014137260661235553
2006-06-21,6.66,6.7,6.6,6.63,36461583.0,242576298.0,2714802600.0,0.013430657168222839
2006-06-22,6.62,6.68,6.61,6.62,21733513.0,144357307.0,2714802600.0,0.008005559225558425
2006-06-23,6.62,6.68,6.59,6.63,25748918.0,170536987.0,2714802600.0,0.009484637299227576
2006-06-26,6.63,6.72,6.56,6.69,65881412.0,438965706.0,2714802600.0,0.02426747786376807
2006-06-27,6.69,6.7,6.62,6.66,28496145.0,189453516.0,2714802600.0,0.010496580856376076
2006-06-28,6.66,6.7,6.61,6.67,30248642.0,201041942.0,2714802600.0,0.011142114715817643
2006-06-29,6.68,6.84,6.67,6.8,67818288.0,459302728.0,2714802600.0,0.024980927895088947
2006-06-30,6.86,6.96,6.81,6.85,56833528.0,390421793.0,2714802600.0,0.020934681586057123
2006-07-03,6.89,6.89,6.8,6.87,29378475.0,201147334.0,2714802600.0,0.010821587912137701
2006-07-04,6.88,6.92,6.81,6.84,38612704.0,265664783.0,2714802600.0,0.014223024539611094
2006-07-05,6.83,6.85,6.69,6.75,26262423.0,177538528.0,2714802600.0,0.00967378733171981
2006-07-06,6.75,6.79,6.71,6.78,25577967.0,172543268.0,2714802600.0,0.009421667343327283
2006-07-07,6.77,6.77,6.65,6.68,37912594.0,253459926.0,2714802600.0,0.013965138386120598
2006-07-10,6.65,6.72,6.61,6.69,20695996.0,137848768.0,2714802600.0,0.007623388897594249
2006-07-11,6.68,6.71,6.63,6.69,20311948.0,135362105.0,2714802600.0,0.007481924468467799
2006-07-12,6.68,6.68,6.59,6.59,35479738.0,234832665.0,2714802600.0,0.013068993671952429
2006-07-13,6.59,6.6,6.34,6.36,47116623.0,303397079.0,2714802600.0,0.01735545081620299
2006-07-14,6.36,6.4,6.31,6.34,22737092.0,144487053.0,2714802600.0,0.008375228460441286
2006-07-17,6.33,6.43,6.29,6.39,19193680.0,122004400.0,2714802600.0,0.007070009436413535
2006-07-18,6.39,6.41,6.33,6.35,11065020.0,70212210.0,2714802600.0,0.004075810152826581
2006-07-19,6.35,6.39,6.26,6.27,19268349.0,121976179.0,2714802600.0,0.007097513830287329
2006-07-20,6.27,6.32,6.21,6.31,19377984.0,121161523.0,2714802600.0,0.0071378979819748225
2006-07-21,6.3,6.32,6.22,6.24,12337497.0,77289803.0,2714802600.0,0.004544528209896366
2006-07-24,6.23,6.36,6.15,6.33,17403824.0,109649250.0,2714802600.0,0.006410714355437851
2006-07-25,6.34,6.45,6.3,6.38,16926898.0,108270953.0,2714802600.0,0.006235038230772285
2006-07-26,6.39,6.49,6.34,6.35,13133436.0,84452363.0,2714802600.0,0.004837713062452497
2006-07-27,6.37,6.5,6.37,6.43,24948083.0,160915521.0,2714802600.0,0.009189649000630839
2006-07-28,6.44,6.48,6.36,6.37,9412381.0,60198082.0,2714802600.0,0.003467059078254898
2006-07-31,6.37,6.39,6.18,6.19,14092811.0,88015759.0,2714802600.0,0.005191099713842915
2006-08-01,6.19,6.26,6.18,6.19,8857914.0,54974643.0,2714802600.0,0.003262820655910673
2006-08-02,6.2,6.27,6.17,6.19,8495971.0,52734250.0,2714802600.0,0.0031294986235831657
2006-08-03,6.2,6.21,6.14,6.17,8461412.0,52214761.0,2714802600.0,0.0031167687845886105
2006-08-04,6.18,6.19,6.12,6.12,13698809.0,84341558.0,2714802600.0,0.005045968719788319
2006-08-07,6.13,6.29,6.06,6.18,18815501.0,116470695.0,2714802600.0,0.0069307068587601914
2006-08-08,6.18,6.24,6.17,6.2,6490928.0,40224090.0,2714802600.0,0.0023909392159857223
2006-08-09,6.2,6.21,6.1,6.12,9859718.0,60814620.0,2714802600.0,0.0036318360679336316
2006-08-10,6.1,6.36,6.1,6.35,28589674.0,178612315.0,2714802600.0,0.01053103234835564
2006-08-11,6.35,6.5,6.31,6.41,41385650.0,266185866.0,2714802600.0,0.015244441713736387
2006-08-14,6.4,6.41,6.15,6.21,16266842.0,102409419.0,2714802600.0,0.005991906004510236
2006-08-15,6.2,6.34,6.18,6.3,13179135.0,82582000.0,3237387600.0,0.004070916624255928
2006-08-16,6.29,6.37,6.24,6.3,18451665.0,116179910.0,3237387600.0,0.005699553862503211
2006-08-17,6.3,6.31,6.21,6.25,11085644.0,69435330.0,3237387600.0,0.0034242560266802774
2006-08-18,6.25,6.39,6.25,6.32,12585720.0,79654645.0,3237387600.0,0.003887616051905555
2006-08-21,6.2,6.3,6.19,6.28,6999930.0,43807284.0,3237387600.0,0.0021622156086592782
2006-08-22,6.28,6.35,6.24,6.29,11375371.0,71544407.0,3237387600.0,0.0035137500989995763
2006-08-23,6.27,6.32,6.25,6.27,11024137.0,69205608.0,3237387600.0,0.0034052570659132693
2006-08-24,6.26,6.39,6.24,6.35,13429990.0,85095788.0,3237387600.0,0.004148403484340275
2006-08-25,6.35,6.52,6.33,6.4,32411993.0,209199920.0,3237387600.0,0.010011773999505032
2006-08-28,6.4,6.5,6.39,6.47,12460356.0,80478017.0,3237387600.0,0.0038488922364439773
2006-08-29,6.48,6.49,6.39,6.4,9278850.0,59690992.0,3237387600.0,0.002866153561593922
2006-08-30,6.4,6.4,6.3,6.37,12705262.0,80699568.0,3237387600.0,0.00392454150377298
2006-08-31,6.35,6.38,6.29,6.3,10071309.0,63598675.0,3237387600.0,0.0031109370407176452
2006-09-01,6.29,6.34,6.24,6.26,10253212.0,64298738.0,3237387600.0,0.003167125246294265
2006-09-04,6.26,6.31,6.24,6.29,13158787.0,82539561.0,3237387600.0,0.004064631309516352
2006-09-05,6.3,6.32,6.25,6.27,9856646.0,61882840.0,3237387600.0,0.0030446295648997976
2006-09-06,6.27,6.31,6.24,6.29,7157992.0,44877762.0,3237387600.0,0.0022110395431180377
2006-09-07,6.29,6.3,6.19,6.2,10877529.0,67850532.0,3237387600.0,0.0033599711693465435
2006-09-08,6.21,6.32,6.19,6.31,14631411.0,91378959.0,3237387600.0,0.004519511658103589
2006-09-11,6.3,6.3,6.26,6.27,11338195.0,71194980.0,3237387600.0,0.0035022667659566
2006-09-12,6.27,6.36,6.24,6.34,22956967.0,144575323.0,3237387600.0,0.007091201251280508
2006-09-13,6.35,6.46,6.33,6.41,44364635.0,285035209.0,3237387600.0,0.013703837934018158
2006-09-14,6.41,6.43,6.31,6.36,15335425.0,97552114.0,3237387600.0,0.004736975269813228
2006-09-15,6.35,6.85,6.35,6.81,130434820.0,867254494.0,3237387600.0,0.04029014628955767
2006-09-18,6.8,6.86,6.75,6.79,50175123.0,341674465.0,3237387600.0,0.015498645574598482
2006-09-19,6.8,6.86,6.78,6.83,31384429.0,214298457.0,3237387600.0,0.009694368694066783
2006-09-20,6.8,6.81,6.64,6.67,34085287.0,228688345.0,3237387600.0,0.010528639511685286
2006-09-21,6.69,6.78,6.54,6.59,29843514.0,198447198.0,3237387600.0,0.009218393867944635
2006-09-22,6.6,6.68,6.55,6.59,17675131.0,116741464.0,3237387600.0,0.005459689473080085
2006-09-25,6.58,6.63,6.5,6.57,10032582.0,65811639.0,3237387600.0,0.0030989746176824794
2006-09-26,6.58,6.6,6.44,6.49,17973203.0,116794878.0,3237387600.0,0.005551761241069806
2006-09-27,6.48,6.56,6.44,6.55,12277656.0,79745636.0,3237387600.0,0.003792457844714053
2006-09-28,6.56,6.58,6.49,6.57,32588156.0,212712854.0,3237387600.0,0.010066189170552207
2006-10-09,6.67,6.81,6.63,6.7,41094538.0,276157492.0,3237387600.0,0.0126937342936632
2006-10-10,6.73,6.88,6.68,6.87,50534606.0,342608976.0,3237387600.0,0.015609686649816042
2006-10-11,6.84,6.84,6.69,6.77,29514376.0,199494258.0,3237387600.0,0.009116726091123597
2006-10-12,6.78,6.88,6.71,6.81,26386067.0,179777306.0,3237387600.0,0.008150419492556281
2006-10-13,6.78,6.92,6.76,6.84,37442769.0,257090601.0,3237387600.0,0.011565735594959343
2006-10-16,6.84,6.9,6.69,6.71,18297878.0,124308864.0,3237387600.0,0.005652050437210546
2006-10-17,6.7,6.75,6.64,6.66,14291437.0,95700986.0,3237387600.0,0.004414496738048913
2006-10-18,6.66,6.81,6.66,6.72,11105870.0,74767247.0,3237387600.0,0.003430503656713827
2006-10-19,6.79,6.8,6.7,6.72,12941900.0,87472031.0,3237387600.0,0.003997636860041102
2006-10-20,6.72,6.81,6.71,6.75,12547256.0,84795181.0,3237387600.0,0.0038757348672120696
2006-10-23,6.73,6.8,6.61,6.64,11182292.0,75056848.0,3237387600.0,0.0034541097272380978
2006-10-24,6.63,6.76,6.62,6.74,16858600.0,113166923.0,3237387600.0,0.005207470369009877
2006-10-25,6.74,6.83,6.7,6.75,20472816.0,138621166.0,3237387600.0,0.006323869282751315
2006-10-26,6.75,6.82,6.69,6.8,35036693.0,236669446.0,3237387600.0,0.010822520293831977
2006-10-27,6.82,6.92,6.75,6.85,54868370.0,375532252.0,3237387600.0,0.016948347488573812
2006-10-30,6.85,7.09,6.84,7.08,71250538.0,498259893.0,3237387600.0,0.02200865228494728
2006-10-31,7.1,7.21,7.02,7.11,58407193.0,416353831.0,3237387600.0,0.018041458180663942
2006-11-01,7.11,7.24,7.08,7.15,38918269.0,278446269.0,3237387600.0,0.012021504314157501
2006-11-02,7.14,7.3,7.12,7.14,58000772.0,418847836.0,3237387600.0,0.017915918378139214
2006-11-03,7.19,7.38,7.19,7.26,55409785.0,403683128.0,3237387600.0,0.01711558572720795
2006-11-06,7.23,7.71,7.18,7.63,114984909.0,864139973.0,3237387600.0,0.035517807320939884
2006-11-07,7.66,7.77,7.56,7.69,80956260.0,621536757.0,3237387600.0,0.02500666277958191
2006-11-08,7.68,7.82,7.58,7.62,44431543.0,341228505.0,3237387600.0,0.013724505215254423
2006-11-09,7.57,7.68,7.4,7.59,70708280.0,532476186.0,3237387600.0,0.021841153651172323
2006-11-10,7.56,7.73,7.4,7.41,72374586.0,548524744.0,3237387600.0,0.02235586063281394
2006-11-13,7.39,7.67,7.38,7.42,46217068.0,347724457.0,3237387600.0,0.014276037876959805
2006-11-14,7.42,7.48,7.16,7.26,42715661.0,310788515.0,3237387600.0,0.013194484651760574
2006-11-15,7.27,7.58,7.22,7.54,50217343.0,371251647.0,3237387600.0,0.015511686954011932
2006-11-16,7.56,7.65,7.34,7.39,52851039.0,397672646.0,3237387600.0,0.016325212032071785
2006-11-17,7.38,7.61,7.3,7.6,40370029.0,301775995.0,3237387600.0,0.012469939960232133
2006-11-20,7.72,7.73,7.57,7.69,51482907.0,393923656.0,3237387600.0,0.015902608325305257
2006-11-21,7.65,7.75,7.53,7.69,37128029.0,284040697.0,3237387600.0,0.011468515231231503
2006-11-22,7.67,8.1,7.6,7.86,79870231.0,630883949.0,3237387600.0,0.02467119815989905
2006-11-23,7.86,8.09,7.8,7.91,44695034.0,355852273.0,3237387600.0,0.013805895222431815
2006-11-24,7.91,8.06,7.82,7.91,31229225.0,247528616.0,3237387600.0,0.009646427570180352
2006-11-27,7.9,8.1,7.83,8.08,36326504.0,290923174.0,3237387600.0,0.011220931346002562
2006-11-28,8.08,8.19,7.92,8.04,34896331.0,280601041.0,3237387600.0,0.010779163730657399
2006-11-29,7.9,8.06,7.79,7.94,43902885.0,346765887.0,3237387600.0,0.013561207499528324
2006-11-30,7.95,8.06,7.86,7.99,49745387.0,395997586.0,3237387600.0,0.015365903977639254
2006-12-01,8.0,8.04,7.86,7.94,43713495.0,345977128.0,3237387600.0,0.013502706626787599
2006-12-04,7.98,8.27,7.95,8.2,57765755.0,470397525.0,3237387600.0,0.01784332373423559
2006-12-05,8.21,8.36,8.16,8.36,58279145.0,480326695.0,3237387600.0,0.018001905301669778
2006-12-06,8.33,8.58,8.02,8.2,62258398.0,516895052.0,3237387600.0,0.019231060871426085
2006-12-07,8.26,8.56,8.17,8.18,77796425.0,653697402.0,3237387600.0,0.024030618082308094
2006-12-08,8.08,8.31,8.02,8.06,47272565.0,384881727.0,3237387600.0,0.01460207143562297
2006-12-11,8.1,8.32,8.08,8.31,34720350.0,284801958.0,3237387600.0,0.010724804777778232
2006-12-12,8.34,8.39,8.13,8.19,27991374.0,230924115.0,3237387600.0,0.008646284430075658
2006-12-13,8.2,8.47,8.09,8.1,63401659.0,523177628.0,3237387600.0,0.019584203942709856
2006-12-14,8.18,8.38,8.1,8.37,60850699.0,499366526.0,3237387600.0,0.018796235273156665
2006-12-15,8.39,8.49,8.27,8.3,44771870.0,373327114.0,3237387600.0,0.01382962917384375
2006-12-18,8.29,8.45,8.13,8.29,81352153.0,672876320.0,3237387600.0,0.02512895057731116
2006-12-19,8.31,8.41,8.18,8.29,58132343.0,480778016.0,3237387600.0,0.01795655948024265
2006-12-20,8.31,8.76,8.28,8.69,98571735.0,842085847.0,3237387600.0,0.030447925049197074
2006-12-21,8.65,8.94,8.58,8.59,61667038.0,540563637.0,3237387600.0,0.019048395070148536
2006-12-22,8.51,8.8,8.48,8.69,48168219.0,417912306.0,3237387600.0,0.014878730924897594
2006-12-25,8.78,9.09,8.7,8.9,57960953.0,519511598.0,3237387600.0,0.017903618646096006
2006-12-26,8.9,9.05,8.58,8.75,50821173.0,445991354.0,3237387600.0,0.015698204626471046
2006-12-27,8.75,9.04,8.7,9.0,52394711.0,466980678.0,3237387600.0,0.0161842564047629
2006-12-28,9.06,9.9,9.02,9.75,90588425.0,870202618.0,3237387600.0,0.027981952176501818
2006-12-29,9.81,9.94,9.56,9.77,64487581.0,628981553.0,3237387600.0,0.01991963551105218
2007-01-04,9.9,10.38,9.7,9.82,90027226.0,907741411.0,3237387600.0,0.02780860283767072
2007-01-05,9.65,10.41,9.5,10.2,89453759.0,899331042.0,3237387600.0,0.02763146402364672
2007-01-08,10.28,10.91,10.21,10.33,66491627.0,700586459.0,3237387600.0,0.020538667350180746
2007-01-09,10.36,10.63,10.15,10.59,56925233.0,590490868.0,3237387600.0,0.017583694025392574
2007-01-10,10.49,10.78,10.22,10.58,59492935.0,620451523.0,3237387600.0,0.018376834148620326
2007-01-11,10.59,10.62,10.11,10.18,62332221.0,645066716.0,3237387600.0,0.019253864134155578
2007-01-12,10.1,10.1,9.56,9.57,91082170.0,890929209.0,3237387600.0,0.02813446557959263
2007-01-15,9.5,9.91,9.45,9.89,53469732.0,519035856.0,3237387600.0,0.016516320751954448
2007-01-16,10.0,10.07,9.5,9.96,92790037.0,905208238.0,3237387600.0,0.02866201038145695
2007-01-17,10.1,10.54,9.88,10.16,125831618.0,1288034734.0,3237387600.0,0.038868258468649226
2007-01-18,10.06,10.36,9.65,9.78,123523636.0,1226502353.0,3237387600.0,0.038155343524513406
2007-01-19,9.75,10.26,9.75,10.22,82727554.0,830845188.0,3237387600.0,0.025553799612996603
2007-01-22,10.3,10.62,10.25,10.53,95065513.0,997253506.0,3237387600.0,0.029364884513673927
2007-01-23,10.61,10.7,10.13,10.35,69707051.0,728616679.0,3237387600.0,0.021531882991088245
2007-01-24,10.3,10.9,10.3,10.86,127961953.0,1355993416.0,3237387600.0,0.0395262998474449
2007-01-25,10.79,11.35,10.55,10.98,123662918.0,1351428769.0,3237387600.0,0.038198366485372344
2007-01-26,10.82,11.5,10.72,11.33,117252230.0,1314793215.0,3237387600.0,0.036218162446782706
2007-01-29,11.3,11.74,11.25,11.69,85625458.0,990543432.0,3237387600.0,0.026448936173104513
2007-01-30,11.72,11.8,11.24,11.32,51949024.0,596173783.0,3237387600.0,0.01604658768693622
2007-01-31,11.32,11.77,10.6,10.71,64591381.0,730358990.0,3237387600.0,0.01995169840027805
2007-02-01,10.6,10.93,10.12,10.54,70315722.0,741602878.0,3237387600.0,0.021719896005038136
2007-02-02,10.56,10.67,10.09,10.13,58213479.0,604031375.0,3237387600.0,0.017981621663096505
2007-02-05,10.0,10.3,9.84,10.24,41475650.0,416575661.0,3237387600.0,0.012811456373033615
2007-02-06,10.26,10.33,9.65,10.18,68419917.0,682446354.0,3237387600.0,0.021134298840213016
2007-02-07,10.19,11.1,10.19,10.83,90696835.0,965084678.0,3237387600.0,0.028015439053389837
2007-02-08,10.68,11.68,10.68,11.44,85762841.0,975492297.0,3237387600.0,0.02649137254989177
2007-02-09,11.5,12.58,11.2,12.58,135861199.0,1627716489.0,3237387600.0,0.04196630610434166
2007-02-12,12.44,12.65,12.08,12.42,99908099.0,1232359246.0,3237387600.0,0.03086071590562712
2007-02-13,12.4,12.85,12.14,12.27,62110949.0,765056728.0,3237387600.0,0.019185515197500603
2007-02-14,12.43,13.22,12.43,12.98,90122725.0,1169863692.0,3237387600.0,0.027838101622431617
2007-02-15,13.1,13.35,12.7,13.04,85974125.0,1113822411.0,3237387600.0,0.026556636282909097
2007-02-16,13.05,13.15,12.7,12.77,70476009.0,908093500.0,3237387600.0,0.02176940722204533
2007-02-26,12.77,12.85,12.35,12.65,56447873.0,710670280.0,3237387600.0,0.017436241801877538
2007-02-27,12.7,13.28,11.39,11.39,117271506.0,1445162534.0,3237387600.0,0.0362241166303349
2007-02-28,11.22,12.3,11.15,12.07,79048069.0,921591826.0,3237387600.0,0.024417239690421994
2007-03-01,12.08,12.08,11.28,11.44,60170907.0,697909301.0,3237387600.0,0.01858625362004846
2007-03-02,11.37,11.78,11.36,11.58,42121052.0,486214474.0,3237387600.0,0.013010815263516794
2007-03-05,11.58,11.68,10.81,11.1,59208691.0,664452533.0,3237387600.0,0.018289033725834992
2007-03-06,10.98,11.62,10.9,11.37,42297869.0,477959345.0,3237387600.0,0.013065432449299553
2007-03-07,11.41,11.87,11.41,11.74,47211120.0,553106432.0,3237387600.0,0.014583091626100008
2007-03-08,11.85,12.2,11.83,12.02,56337686.0,675862794.0,3237387600.0,0.01740220602562387
2007-03-09,12.05,12.22,11.68,11.81,54762289.0,650263241.0,3237387600.0,0.01691558001890166
2007-03-12,11.81,11.88,11.4,11.63,58023015.0,671863755.0,3237387600.0,0.017922789041386333
2007-03-13,11.64,12.42,11.43,12.39,96921848.0,1150309533.0,3237387600.0,0.029938289749426358
2007-03-14,12.08,12.35,11.7,11.98,74322190.0,896776549.0,3237387600.0,0.02295745804425766
2007-03-15,11.94,12.34,11.85,12.15,53941386.0,655079331.0,3237387600.0,0.01666201044323516
2007-03-16,12.14,12.48,11.78,11.99,70279080.0,852285299.0,3237387600.0,0.021708577619806785
2007-03-19,11.6,12.35,11.52,12.05,57714046.0,692087562.0,3237387600.0,0.01782735128780996
2007-03-20,12.05,12.33,11.75,12.22,66368490.0,799399474.0,3237387600.0,0.020500631435049668
2007-03-21,12.17,12.31,12.08,12.19,42149831.0,513232378.0,3237387600.0,0.013019704838555631
2007-03-22,12.25,12.47,12.19,12.26,60684836.0,748243632.0,3237387600.0,0.018745001679749438
2007-03-23,12.2,12.75,12.18,12.66,81177276.0,1016425481.0,3237387600.0,0.025074932640132434
2007-03-27,12.94,12.94,12.56,12.71,68619852.0,872773202.0,3237387600.0,0.021196056968896773
2007-03-28,12.68,12.8,12.08,12.71,60045519.0,753432923.0,3237387600.0,0.018547522391202092
2007-03-29,12.71,13.09,12.45,13.02,101662967.0,1309570859.0,3237387600.0,0.03140277889493368
2007-03-30,13.09,13.48,12.93,13.04,88077622.0,1164462722.0,3237387600.0,0.02720638764416099
2007-04-02,13.06,13.15,12.79,13.07,57505447.0,746338665.0,3237387600.0,0.017762916927216252
2007-04-03,13.16,13.4,12.89,13.12,59317026.0,779170155.0,3237387600.0,0.018322497435895535
2007-04-04,13.12,13.17,12.8,12.89,74143092.0,957140204.0,3237387600.0,0.022902136278028618
2007-04-05,12.87,12.97,12.62,12.92,68227640.0,869896897.0,3237387600.0,0.02107490619906001
2007-04-06,12.84,13.06,12.75,12.93,66224493.0,856294934.0,3237387600.0,0.020456152052970116
2007-04-09,12.95,13.3,12.86,13.12,86409325.0,1127003359.0,3237387600.0,0.02669106566047266
2007-04-10,13.05,13.13,12.46,12.81,80151682.0,1028067598.0,3237387600.0,0.024758135850029204
2007-04-11,12.82,12.94,12.67,12.84,89410519.0,1142262447.0,3237387600.0,0.027618107575379604
2007-04-12,12.88,13.54,12.83,13.43,151811612.0,2003771100.0,3237387600.0,0.04689324565276027
2007-04-13,13.44,14.01,13.24,13.57,144241747.0,1970314890.0,3237387600.0,0.044554982233205566
2007-04-16,13.85,14.01,13.67,13.83,77551929.0,1071093821.0,3237387600.0,0.02395509546030262
2007-04-17,13.91,13.98,13.2,13.56,94821752.0,1289705227.0,3237387600.0,0.029289588926577712
2007-04-18,13.56,13.61,13.22,13.44,88680680.0,1188274340.0,3237387600.0,0.027392666852742626
2007-04-19,13.45,13.79,12.59,13.04,107580814.0,1446645361.0,3237387600.0,0.03323074876792634
2007-04-20,13.11,13.55,13.11,13.37,75043216.0,1004808113.0,3237387600.0,0.023180176510220772
2007-04-23,13.42,14.08,13.31,13.95,112056429.0,1539772663.0,3237387600.0,0.03461322610860683
2007-04-24,14.03,14.16,13.73,13.78,86594473.0,1205089460.0,3237387600.0,0.02674825621745138
2007-04-25,13.75,15.1,13.48,14.95,155023399.0,2205857362.0,3237387600.0,0.047885337856980736
2007-04-26,15.02,15.09,14.5,14.72,115915297.0,1712125456.0,3237387600.0,0.035805195831354886
2007-04-27,14.73,15.08,14.51,14.58,68130227.0,1009667348.0,3237387600.0,0.021044816196861937
2007-04-30,14.58,14.88,14.4,14.61,68986848.0,1011202014.0,3237387600.0,0.021309418742445296
2007-05-09,15.12,15.5,14.65,15.04,122021365.0,1853086262.0,3237387600.0,0.03769130548347068
2007-05-10,15.1,15.65,15.09,15.44,103140822.0,1585355812.0,3237387600.0,0.03185927505251456
2007-05-11,15.25,15.51,14.99,15.12,85646415.0,1301123681.0,3237387600.0,0.026455409602483188
2007-05-14,14.81,15.1,14.6,14.74,69063254.0,1027293109.0,3237387600.0,0.02133301987071304
2007-05-15,14.8,15.1,14.05,14.13,68234591.0,991910371.0,3237387600.0,0.02107705330063042
2007-05-16,14.14,14.45,13.78,14.39,79789324.0,1122812665.0,3237387600.0,0.024646206713091753
2007-05-17,14.42,14.66,14.38,14.49,80076609.0,1160661231.0,3237387600.0,0.024734946473508455
2007-05-18,14.49,14.49,14.1,14.28,60405185.0,860339375.0,3237387600.0,0.018658619993478693
2007-05-21,13.88,14.39,13.8,14.31,118806493.0,1678056556.0,3237387600.0,0.0366982603504134
2007-05-22,14.41,14.94,14.29,14.77,165768110.0,2414352800.0,3237387600.0,0.051204282737105686
2007-05-23,14.79,14.84,14.5,14.68,98214129.0,1437041244.0,3237387600.0,0.030337463762448464
2007-05-24,14.69,14.73,14.0,14.21,110641896.0,1586354070.0,4462735457.0,0.024792394052050127
2007-05-25,14.18,14.63,14.11,14.32,98993726.0,1421697888.0,4462735457.0,0.022182297596135554
2007-05-28,14.66,14.74,14.43,14.58,129661865.0,1893081781.0,4462735457.0,0.029054347103774563
2007-05-29,14.7,15.14,14.7,14.99,147967709.0,2209154051.0,4462735457.0,0.03315628058748274
2007-05-31,13.9,14.5,13.49,14.19,171367727.0,2376309107.0,4462735457.0,0.03839970543878017
2007-06-01,14.3,14.89,13.72,14.13,134835641.0,1953151322.0,4462735457.0,0.030213675513412804
2007-06-04,14.22,14.38,12.72,12.72,113678107.0,1495965629.0,4462735457.0,0.02547274157191881
2007-06-05,12.5,12.99,11.46,12.75,110583882.0,1360413248.0,4462735457.0,0.02477939440182237
2007-06-06,12.94,13.0,12.4,12.75,79779049.0,1010020319.0,4462735457.0,0.01787671480164996
2007-06-07,12.78,13.13,12.65,13.04,78629626.0,1015029503.0,4462735457.0,0.017619154609907678
2007-06-08,13.07,13.48,12.79,13.34,94409441.0,1240558014.0,4462735457.0,0.021155061040401706
2007-06-11,13.15,13.34,12.95,13.19,65829238.0,863795972.0,4462735457.0,0.014750871664764242
2007-06-12,13.51,14.17,13.51,13.98,121245834.0,1680681312.0,4462735457.0,0.027168501285421365
2007-06-13,14.13,14.51,14.13,14.17,84231083.0,1204809746.0,4462735457.0,0.018874316842572368
2007-06-14,14.15,14.15,13.7,13.74,52253091.0,725656158.0,4462735457.0,0.011708758339694703
2007-06-15,13.65,14.0,13.56,13.77,48430162.0,667914910.0,4462735457.0,0.010852124771150199
2007-06-18,14.2,14.5,14.05,14.29,81210587.0,1161995907.0,4462735457.0,0.018197490705530745
2007-06-19,14.2,14.54,14.05,14.35,61843865.0,889439162.0,4462735457.0,0.013857838000008522
2007-06-20,14.4,14.89,14.1,14.23,78671312.0,1149467337.0,4462735457.0,0.01762849551760917
2007-06-21,14.19,14.64,14.15,14.52,60924088.0,881014144.0,4462735457.0,0.01365173638164858
2007-06-22,14.61,14.9,14.01,14.27,85819701.0,1250351782.0,4462735457.0,0.019230290889276882
2007-06-25,14.38,14.56,13.81,13.85,71713817.0,1019922939.0,4462735457.0,0.016069475255924854
2007-06-26,13.6,14.0,13.36,13.89,38989894.0,533876094.0,4462735457.0,0.008736770166119215
2007-06-27,13.9,14.48,13.76,14.27,56638810.0,801325829.0,4462735457.0,0.01269150066046588
2007-06-28,14.26,15.7,14.18,15.13,261781742.0,4004643159.0,4462735457.0,0.058659480160174776
2007-06-29,14.7,15.81,14.7,15.12,156576480.0,2426992482.0,4462735457.0,0.03508531516346164
2007-07-02,15.3,16.34,15.3,15.9,90127300.0,1429171050.0,4462735457.0,0.02019552825131754
2007-07-03,15.88,15.88,15.36,15.59,57892719.0,902824108.0,4462735457.0,0.012972473846549135
2007-07-04,15.57,16.07,15.26,15.36,31523137.0,494565315.0,4462735457.0,0.007063635589368075
2007-07-06,14.75,15.4,14.1,15.38,61542006.0,905675008.0,4462735457.0,0.013790198095535467
2007-07-09,15.4,15.66,15.08,15.52,46068085.0,710083615.0,4462735457.0,0.010322835723488863
2007-07-10,15.59,15.59,14.89,15.13,39789388.0,602803595.0,4462735457.0,0.008915919032930479
2007-07-11,15.01,15.15,14.68,14.91,24750530.0,368427878.0,4462735457.0,0.005546044626323903
2007-07-12,14.93,15.12,14.72,14.94,17966861.0,268236235.0,4462735457.0,0.004025974914515306
2007-07-13,15.01,16.1,15.01,15.82,49859067.0,781954590.0,4462735457.0,0.011172310678150063
2007-07-16,15.82,16.0,15.19,15.2,26056797.0,402040863.0,4462735457.0,0.0058387500785261085
2007-07-17,15.17,15.7,15.15,15.41,24625793.0,380203930.0,4462735457.0,0.005518093832197322
2007-07-18,15.55,16.44,15.42,16.02,68913462.0,1106762203.0,4462735457.0,0.015441977832655565
2007-07-19,15.95,16.33,15.75,16.09,33138275.0,534058547.0,4462735457.0,0.007425552179666203
2007-07-20,16.02,16.55,15.98,16.43,36866850.0,602926106.0,4462735457.0,0.008261043110268321
2007-07-23,16.65,17.42,16.59,17.27,65161771.0,1101460388.0,4462735457.0,0.014601307119334364
2007-07-24,17.28,17.6,16.81,17.04,47454013.0,813195702.0,4462735457.0,0.010633391438331004
2007-07-25,17.0,17.48,16.91,17.37,39220985.0,675125596.0,4462735457.0,0.00878855253194095
2007-07-26,17.42,17.48,17.06,17.2,36407077.0,628102314.0,4462735457.0,0.00815801818207572
2007-07-27,17.06,17.13,16.72,16.88,41917969.0,706902379.0,4462735457.0,0.009392886807630462
2007-07-31,17.37,17.99,16.98,17.87,53888007.0,950259970.0,4462735457.0,0.012075106740973018
2007-08-01,17.97,18.28,16.98,17.08,50509460.0,888440251.0,4462735457.0,0.011318049319005378
2007-08-02,17.2,17.74,16.9,17.36,41673708.0,721462752.0,4462735457.0,0.009338153337015065
2007-08-03,17.5,17.88,17.22,17.64,42224513.0,739632454.0,4462735457.0,0.009461576516656162
2007-08-06,17.98,18.48,17.9,18.21,48946252.0,891161878.0,4462735457.0,0.01096776908952235
2007-08-07,18.21,18.49,17.89,18.12,39024745.0,709514395.0,4462735457.0,0.00874457950197069
2007-08-08,18.0,18.01,17.47,17.84,37301591.0,660247600.0,4462735457.0,0.00835845892265265
2007-08-09,17.71,18.25,17.65,18.02,34753388.0,626216746.0,4462735457.0,0.007787463168019013
2007-08-10,18.2,18.77,18.0,18.31,67493553.0,1241804953.0,4462735457.0,0.015123807729659025
2007-08-13,18.43,20.14,18.43,19.98,150539148.0,2968096175.0,4462735457.0,0.03373248301417298
2007-08-14,20.1,20.25,19.49,19.75,59697415.0,1182006404.0,4462735457.0,0.013376866178872857
2007-08-15,19.8,20.28,19.35,19.99,55644887.0,1102903599.0,4462735457.0,0.012468784568603212
2007-08-16,19.88,19.98,18.9,19.14,61424461.0,1184643790.0,4462735457.0,0.013763858869038045
2007-08-17,18.96,19.36,18.25,18.38,66915360.0,1249065219.0,4462735457.0,0.014994247506882863
2007-08-20,18.99,19.48,18.72,19.47,42055036.0,803127246.0,4462735457.0,0.009423600481188012
2007-08-21,19.6,19.7,19.3,19.42,29921675.0,583283923.0,4462735457.0,0.0067047834872368504
2007-08-22,19.13,19.42,19.01,19.21,53301526.0,1024960751.0,4462735457.0,0.011943689361284943
2007-08-23,19.41,19.53,18.93,19.37,45614555.0,872987610.0,4462735457.0,0.01022120971308114
2007-08-24,19.5,20.17,19.5,19.74,62630637.0,1239127648.0,4462735457.0,0.014034136148886227
2007-08-27,19.82,20.15,19.18,19.37,60687162.0,1189983716.0,4462735457.0,0.013598646521789562
2007-08-28,19.34,19.35,18.88,19.18,60030928.0,1145972275.0,4462735457.0,0.013451599042430087
2007-08-29,19.17,19.4,18.8,18.99,54513208.0,1035550272.0,4462735457.0,0.012215200413570021
2007-08-30,19.2,19.54,19.06,19.3,49687377.0,960490366.0,4462735457.0,0.011133838758482341
2007-08-31,19.36,19.85,19.1,19.33,58970786.0,1145243285.0,4462735457.0,0.01321404474188621
2007-09-03,19.45,20.13,19.26,20.05,84997326.0,1678024697.0,4462735457.0,0.019046014898032527
2007-09-04,20.28,21.1,20.28,20.58,95040021.0,1979441684.0,4462735457.0,0.021296360027553387
2007-09-05,20.9,21.38,20.0,20.46,60886361.0,1257249158.0,4462735457.0,0.013643282598007692
2007-09-06,20.48,20.9,20.2,20.49,55252351.0,1131797618.0,4462735457.0,0.012380825960305179
2007-09-10,20.0,20.5,19.58,20.34,50524977.0,1013681770.0,4462735457.0,0.011321526334425519
2007-09-11,20.26,20.27,19.0,19.06,52168548.0,1036024176.0,4462735457.0,0.011689814129173018
2007-09-12,18.9,19.4,18.41,18.97,62842942.0,1180922862.0,4462735457.0,0.014081708988918005
2007-09-13,18.98,19.6,18.88,19.29,61763628.0,1185817225.0,4462735457.0,0.013839858668548454
2007-09-14,19.3,19.31,18.5,18.98,62920167.0,1185399329.0,4462735457.0,0.014099013398006129
2007-09-17,19.0,19.98,18.88,19.83,75913576.0,1467081074.0,4462735457.0,0.017010548066640645
2007-09-18,19.9,20.73,19.45,20.29,64150003.0,1296688588.0,4462735457.0,0.014374592358903518
2007-09-19,20.41,21.15,19.99,20.1,57687950.0,1187871261.0,4462735457.0,0.012926589656914097
2007-09-20,20.1,20.39,19.62,19.89,36668269.0,731933717.0,4462735457.0,0.00821654551413846
2007-09-21,19.95,20.0,18.99,19.65,49428734.0,961225377.0,4462735457.0,0.011075882600764251
2007-09-24,19.85,19.99,19.18,19.56,37325092.0,728595314.0,4462735457.0,0.008363724975329632
2007-09-25,19.68,20.0,19.46,19.98,43645877.0,862567645.0,4462735457.0,0.009780072652870224
2007-09-26,20.08,20.16,18.99,19.06,26772815.0,521773911.0,4462735457.0,0.0059991938258418705
2007-09-27,19.06,19.32,18.67,19.12,25097192.0,477787172.0,4462735457.0,0.0056237238890407305
2007-09-28,19.31,19.7,19.16,19.32,31093698.0,602223623.0,4462735457.0,0.0069674078375468445
2007-10-08,19.59,20.1,19.38,19.43,33700434.0,662948980.0,4462735457.0,0.007551519538793043
2007-10-09,19.35,19.35,18.95,19.19,42810141.0,817122200.0,4462735457.0,0.009592802757969976
2007-10-10,19.2,20.05,19.19,19.62,71045337.0,1402307175.0,4462735457.0,0.01591968371967068
2007-10-11,19.8,20.99,19.7,20.95,126388763.0,2576402624.0,4909379777.0,0.025744344243262645
2007-10-12,20.99,20.99,18.96,20.14,109042838.0,2200403357.0,4909379777.0,0.022211122983570312
2007-10-15,20.2,22.15,19.8,22.15,125468315.0,2685744892.0,4909379777.0,0.02555685660901764
2007-10-16,23.0,23.82,21.9,22.34,171250402.0,3939269411.0,4909379777.0,0.03488228855349359
2007-10-17,22.0,22.6,21.48,21.5,89113939.0,1949275185.0,4909379777.0,0.018151771312842967
2007-10-18,21.52,21.95,20.18,20.44,74243183.0,1555884000.0,4909379777.0,0.01512272147855063
2007-10-19,20.82,21.21,20.24,21.18,53796740.0,1121396038.0,4909379777.0,0.010957950381437764
2007-10-22,21.15,21.16,20.14,20.2,55652819.0,1155038297.0,4909379777.0,0.011336018301278793
2007-10-23,20.48,21.02,20.1,20.8,68524990.0,1413888452.0,4909379777.0,0.01395797292379648
2007-10-24,20.85,21.57,20.6,21.17,60824165.0,1286533720.0,4909379777.0,0.012389378651241387
2007-10-25,20.9,21.08,19.46,19.58,57664147.0,1162475938.0,4909379777.0,0.011745709156613084
2007-10-26,20.5,20.8,19.5,19.95,33593372.0,671203415.0,4909379777.0,0.006842691648623704
2007-10-29,20.05,20.98,20.0,20.88,30291747.0,624883317.0,4909379777.0,0.006170177980916061
2007-10-30,21.0,21.48,20.3,21.35,48603302.0,1023401134.0,4909379777.0,0.009900090074046028
2007-10-31,21.5,22.15,21.31,21.48,58582444.0,1269350403.0,4909379777.0,0.01193275864997315
2007-11-01,21.55,22.13,21.18,21.73,57104938.0,1244894856.0,4909379777.0,0.011631802914806361
2007-11-02,21.3,21.3,20.51,20.75,50491492.0,1058200908.0,4909379777.0,0.010284698738636614
2007-11-05,20.68,21.08,20.02,20.34,40187081.0,823935312.0,4909379777.0,0.008185775561359673
2007-11-06,20.36,20.5,19.91,20.08,34159240.0,689591852.0,4909379777.0,0.006957954273579109
2007-11-07,20.25,20.45,19.85,20.43,25865178.0,519159524.0,4909379777.0,0.005268522537444754
2007-11-08,20.18,20.18,18.88,18.9,50427182.0,983179412.0,4909379777.0,0.010271599324266334
2007-11-09,18.78,18.8,18.01,18.07,48828432.0,892772666.0,4909379777.0,0.00994594719046931
2007-11-12,17.55,18.0,17.28,17.71,33136954.0,584689254.0,4909379777.0,0.006749723082179063
2007-11-13,18.0,18.33,17.5,17.9,47157530.0,846753948.0,4909379777.0,0.009605598291851194
2007-11-14,18.21,18.67,17.88,18.66,27758945.0,506997406.0,4909379777.0,0.005654267190745386
2007-11-15,18.51,18.81,18.29,18.3,25952545.0,480901401.0,4909379777.0,0.005286318471751834
2007-11-16,18.01,18.32,17.9,18.13,13579544.0,245230385.0,4909379777.0,0.0027660406439972184
2007-11-19,18.06,18.3,17.96,18.2,17537960.0,317568740.0,4909379777.0,0.0035723371987157635
2007-11-20,18.17,18.6,17.7,18.42,29608439.0,537876693.0,4909379777.0,0.006030993800624849
2007-11-21,18.42,18.76,18.0,18.08,19814981.0,365007712.0,4909379777.0,0.004036147517621552
2007-11-22,17.71,17.97,17.06,17.18,26596453.0,466913989.0,4909379777.0,0.005417477198362607
2007-11-23,17.1,17.32,16.98,17.28,17862136.0,305962338.0,4909379777.0,0.003638369165018052
2007-11-26,17.5,17.65,17.2,17.43,22886425.0,399037760.0,4909379777.0,0.004661775222039417
2007-11-27,17.25,17.53,17.0,17.02,14001354.0,240224988.0,4909379777.0,0.00285195984747301
2007-11-28,17.03,17.29,16.3,16.39,18437251.0,308952193.0,4909379777.0,0.003755515327287747
2007-11-29,16.72,17.15,16.24,17.1,57248525.0,954306419.0,4909379777.0,0.0116610503974869
2007-11-30,17.09,17.1,16.43,16.78,44206845.0,738902499.0,4909379777.0,0.009004568195580442
2007-12-03,16.78,16.9,16.46,16.84,21722223.0,363096055.0,4909379777.0,0.004424636916819239
2007-12-04,16.88,17.36,16.8,17.09,23729338.0,406033715.0,4909379777.0,0.004833469618946532
2007-12-05,17.15,17.7,17.02,17.66,27764975.0,483566905.0,4909379777.0,0.005655495451803585
2007-12-06,17.71,17.76,17.28,17.38,29185100.0,509617807.0,4909379777.0,0.005944763152512574
2007-12-07,17.5,17.85,17.42,17.79,16682349.0,295219784.0,4909379777.0,0.0033980563243763084
2007-12-10,17.5,18.22,17.38,18.14,26262271.0,473036673.0,4909379777.0,0.0053494070927322356
2007-12-11,18.22,18.5,18.22,18.48,30691473.0,563446700.0,4909379777.0,0.006251598856496451
2007-12-12,18.38,19.0,18.2,18.7,38892353.0,731121171.0,4909379777.0,0.007922050190984848
2007-12-13,18.64,19.3,18.47,18.51,46134589.0,877367245.0,4909379777.0,0.009397233682376004
2007-12-14,18.23,18.49,17.88,18.44,36061489.0,653814325.0,4909379777.0,0.0073454266400299305
2007-12-17,18.46,18.6,17.85,17.87,19076194.0,344600261.0,4909379777.0,0.0038856627245197535
2007-12-18,17.8,18.25,17.69,17.99,19666632.0,353960385.0,4909379777.0,0.004005930054980955
2007-12-19,18.12,18.75,18.0,18.46,32843054.0,604110953.0,4909379777.0,0.006689858086324211
2007-12-20,18.49,19.17,18.34,18.79,38718095.0,730029855.0,4909379777.0,0.00788655527962835
2007-12-21,18.79,19.29,18.79,19.16,33189609.0,635096049.0,4909379777.0,0.006760448469578645
2007-12-24,19.29,20.24,19.29,20.01,47664287.0,950973015.0,4909379777.0,0.009708820495677044
2007-12-25,20.02,20.37,19.8,19.93,29471928.0,592914678.0,4909379777.0,0.006003187640539303
2007-12-26,19.9,20.22,19.55,19.93,34621117.0,685188079.0,4909379777.0,0.007052034793111097
2007-12-27,19.96,20.22,19.79,20.02,35311125.0,708085667.0,4909379777.0,0.00719258370791142
2007-12-28,20.07,20.16,19.4,19.49,42714197.0,838021426.0,4909379777.0,0.008700528160423063
2008-01-02,19.5,19.79,19.3,19.52,31680148.0,618730443.0,4909379777.0,0.006452983765570272
2008-01-03,19.55,20.1,19.13,20.02,53592610.0,1042472741.0,4909379777.0,0.010916370791087813
2008-01-04,20.18,20.64,20.18,20.28,47514065.0,969277973.0,4909379777.0,0.00967822151844905
2008-01-07,20.48,20.48,20.05,20.33,44220729.0,893953389.0,4909379777.0,0.009007396251390066
2008-01-08,20.5,20.68,19.8,19.98,44330658.0,902001503.0,4909379777.0,0.009029787878233646
2008-01-09,19.79,20.23,19.37,20.19,57898962.0,1137906479.0,4909379777.0,0.011793539027323044
2008-01-10,20.0,20.0,19.49,19.71,120345800.0,2357931950.0,4909379777.0,0.024513442729325846
2008-01-11,19.71,19.71,19.05,19.21,78535845.0,1512863397.0,4909379777.0,0.015997101175169483
2008-01-14,19.21,19.53,19.15,19.38,48062290.0,927916044.0,4909379777.0,0.009789890410427705
2008-01-15,19.41,19.7,19.28,19.53,38894252.0,757154581.0,4909379777.0,0.007922437001556908
2008-01-16,19.4,19.4,18.89,18.91,58311971.0,1112595931.0,4909379777.0,0.011877665539990674
2008-01-17,18.8,19.14,18.03,18.38,50729309.0,936775386.0,4909379777.0,0.010333140091883342
2008-01-18,18.4,18.7,18.24,18.55,32290925.0,595618327.0,4909379777.0,0.006577393981879353
2008-01-21,18.7,18.7,17.3,17.52,38562630.0,692508683.0,4909379777.0,0.007854888346724046
2008-01-22,17.24,17.3,16.25,16.92,78795222.0,1334402596.0,4909379777.0,0.0160499341218515
2008-01-23,17.0,17.88,17.0,17.87,31660950.0,551362125.0,4909379777.0,0.0064490732919723764
2008-01-24,18.02,18.13,17.8,17.81,29914685.0,536703984.0,4909379777.0,0.006093373574427383
2008-01-25,17.83,18.06,17.23,17.96,25248817.0,445738393.0,4909379777.0,0.005142974906583602
2008-01-28,17.77,17.77,16.77,16.8,30537043.0,522346677.0,4909379777.0,0.006220142744520048
2008-01-29,16.86,17.15,16.55,17.07,12403622.0,209732334.0,4909379777.0,0.002526515071844685
2008-01-30,17.19,17.37,16.65,16.95,22941486.0,393350748.0,4909379777.0,0.0046729906917119726
2008-01-31,17.0,17.25,16.66,16.94,22289428.0,379453487.0,4909379777.0,0.004540171877601312
2008-02-01,17.03,17.1,16.01,16.33,19928779.0,328197327.0,4909379777.0,0.004059327227721214
2008-02-04,16.7,17.74,16.7,17.58,23543355.0,406735656.0,4909379777.0,0.004795586422199091
2008-02-05,17.45,17.83,17.22,17.64,16021818.0,280459763.0,4909379777.0,0.0032635116303409177
2008-02-13,17.4,17.75,17.21,17.39,12039927.0,210114872.0,4909379777.0,0.0024524334125475417
2008-02-14,17.48,18.0,17.48,17.83,12298102.0,218676949.0,4909379777.0,0.0025050215217847873
2008-02-15,17.65,17.7,17.3,17.59,8821313.0,154192616.0,4909379777.0,0.0017968283980243397
2008-02-18,17.82,17.88,17.48,17.66,16625486.0,293527011.0,4909379777.0,0.0033864738022283177
2008-02-19,17.65,17.96,17.46,17.88,20916622.0,369718536.0,4909379777.0,0.004260542665285844
2008-02-20,17.89,18.1,17.43,17.63,18251208.0,323696512.0,4909379777.0,0.003717619909037239
2008-02-21,17.62,17.7,17.0,17.31,16194057.0,279842221.0,4909379777.0,0.0032985952881192226
2008-02-22,17.25,17.25,16.55,16.64,24934174.0,418602386.0,4909379777.0,0.005078884733426888
2008-02-25,16.64,16.99,16.31,16.34,17266318.0,287112239.0,4909379777.0,0.0035170059731152066
2008-02-26,16.86,17.2,16.2,17.07,21322624.0,353068217.0,4909379777.0,0.004343241910087006
2008-02-27,17.0,17.65,16.71,17.6,28347603.0,492633777.0,4909379777.0,0.005774171949948944
2008-02-28,17.69,17.7,17.2,17.24,15211310.0,265456806.0,4909379777.0,0.0030984178635483878
2008-02-29,17.22,17.64,17.2,17.42,12236754.0,213794108.0,4909379777.0,0.002492525442282564
2008-03-03,17.43,18.25,17.26,18.02,34578859.0,621569807.0,4909379777.0,0.007043427188501249
2008-03-04,18.06,18.15,17.58,18.0,29366084.0,524074493.0,4909379777.0,0.005981628094362845
2008-03-05,17.85,18.01,17.1,17.24,34060657.0,593078421.0,4909379777.0,0.006937873732965434
2008-03-06,17.3,17.95,17.3,17.33,27106759.0,476031624.0,4909379777.0,0.00552142230409485
2008-03-07,17.2,17.3,17.01,17.06,20003246.0,342791466.0,4909379777.0,0.0040744955388689625
2008-03-10,17.01,17.02,16.3,16.41,31716773.0,523699019.0,4909379777.0,0.006460443974733878
2008-03-11,16.43,16.9,16.28,16.8,16552026.0,272070991.0,4909379777.0,0.003371510608640371
2008-03-12,17.0,17.05,16.1,16.22,17784303.0,292505381.0,4909379777.0,0.003622515227548264
2008-03-13,16.0,16.09,15.5,15.55,20780602.0,326990716.0,4909379777.0,0.0042328365178337275
2008-03-14,15.54,15.77,15.17,15.41,14146416.0,217419309.0,4909379777.0,0.002881507775437272
2008-03-17,15.41,15.41,14.58,14.61,13777085.0,205266785.0,4909379777.0,0.0028062781096187335
2008-03-18,14.61,14.93,13.75,14.27,27104495.0,384796166.0,4909379777.0,0.005520961146045801
2008-03-19,14.63,14.82,14.16,14.64,15962325.0,232407040.0,4909379777.0,0.0032513933989751715
2008-03-20,14.35,15.08,13.86,14.87,17964969.0,260778463.0,4909379777.0,0.0036593153954322813
2008-03-21,14.86,15.09,14.57,14.91,19451403.0,289265825.0,4909379777.0,0.003962089690255389
2008-03-24,15.21,15.3,14.49,14.51,17509020.0,261606029.0,4909379777.0,0.0035664423604032784
2008-03-25,14.07,14.7,13.9,14.51,9874530.0,141863676.0,4909379777.0,0.002011359977946966
2008-03-26,14.55,14.8,14.26,14.31,12088144.0,175575796.0,4909379777.0,0.002462254816103627
2008-03-27,14.12,14.31,13.76,13.8,16587030.0,232428095.0,4909379777.0,0.0033786406335294603
2008-03-28,13.68,14.71,13.56,14.51,31471723.0,450095189.0,4909379777.0,0.006410529319292464
2008-03-31,14.02,14.51,13.99,14.05,10020231.0,142049191.0,4909379777.0,0.0020410380649188878
2008-04-01,14.05,14.3,13.36,13.51,17164827.0,235237590.0,4909379777.0,0.0034963330969862345
2008-04-02,13.68,14.2,13.23,13.73,21796393.0,299413352.0,4909379777.0,0.004439744731526807
2008-04-03,13.54,14.5,13.51,14.43,23474381.0,331739185.0,4909379777.0,0.004781536989657095
2008-04-07,14.3,15.1,14.16,15.0,26898524.0,399387674.0,4909379777.0,0.0054790065592434205
2008-04-08,15.0,15.2,14.6,14.96,21648430.0,323580110.0,4909379777.0,0.004409605893889272
2008-04-09,14.81,14.89,14.0,14.0,21378001.0,309731894.0,4909379777.0,0.0043545217463423795
2008-04-10,14.0,14.18,13.42,14.13,24542520.0,338997131.0,4909379777.0,0.004999108057392399
2008-04-11,14.19,14.25,13.8,13.9,17652069.0,247267019.0,4909379777.0,0.0035955802569396537
2008-04-14,13.6,14.1,13.5,13.61,13886176.0,189957715.0,4909379777.0,0.0028284990428028155
2008-04-15,13.56,13.77,13.33,13.54,16389352.0,221340782.0,4909379777.0,0.0033383752621426095
2008-04-16,13.2,13.21,12.19,12.19,81171522.0,999169455.0,4909379777.0,0.016533966750806536
2008-04-17,11.75,12.13,11.4,11.65,42600059.0,499787731.0,4909379777.0,0.008677279195139357
2008-04-18,11.45,11.78,11.3,11.37,21823424.0,250767173.0,4909379777.0,0.004445250722350054
2008-04-21,12.15,12.3,11.42,11.51,31239634.0,363919634.0,4909379777.0,0.006363254712205167
2008-04-22,11.26,11.91,11.08,11.86,19841460.0,228523280.0,4909379777.0,0.004041541070616586
2008-04-23,11.78,12.35,11.3,12.17,74246757.0,875569537.0,4909379777.0,0.015123449472749967
2008-04-24,13.0,13.33,12.29,13.1,193305187.0,2486250066.0,4909379777.0,0.039374665595360396
2008-04-25,12.8,13.01,12.4,12.68,103299162.0,1311663568.0,4909379777.0,0.021041183752772037
2008-04-28,12.51,12.86,12.38,12.68,50645877.0,644014475.0,4909379777.0,0.010316145684485717
2008-04-29,12.7,13.25,12.69,13.08,67763104.0,879648688.0,4909379777.0,0.013802783055705734
2008-04-30,13.16,14.14,12.94,13.99,92718522.0,1268317441.0,4909379777.0,0.01888599501598509
2008-05-05,14.11,14.2,13.7,13.91,39293759.0,546446446.0,4909379777.0,0.008003813268651105
2008-05-06,13.87,15.06,13.7,14.38,117998324.0,1737280808.0,4909379777.0,0.024035281310444034
2008-05-07,14.3,15.11,14.3,14.65,90473144.0,1340988798.0,4909379777.0,0.018428630114104942
2009-05-18,14.3,15.79,14.0,14.94,531500352.0,7946969600.0,4909379777.0,0.10826221969830711
2009-05-19,14.9,14.9,14.11,14.17,252955408.0,3641081600.0,4909379777.0,0.051524921576667014
2009-05-20,14.0,14.0,13.55,13.62,153285616.0,2101120768.0,4909379777.0,0.03122301043364566
2009-05-21,13.45,14.14,13.37,13.75,110000304.0,1523623168.0,4909379777.0,0.02240615087782401
2009-05-22,13.61,13.98,13.51,13.77,63678140.0,872777472.0,4909379777.0,0.012970709721485863
2009-05-25,13.55,13.65,13.32,13.44,98358328.0,1323549952.0,4909379777.0,0.020034776788057804
2009-05-26,13.49,13.59,13.28,13.32,75320888.0,1007519040.0,4909379777.0,0.015342241061258194
2009-05-27,13.33,13.45,13.08,13.17,81277888.0,1072401152.0,4909379777.0,0.016555632624059673
2009-06-01,13.3,13.72,13.2,13.59,98958520.0,1330048000.0,4909379777.0,0.02015703092753421
2009-06-02,13.69,13.71,13.47,13.51,80795680.0,1096800896.0,4909379777.0,0.016457410848213547
2009-06-03,13.51,13.59,13.33,13.47,86701976.0,1165930624.0,4909379777.0,0.017660474426156824
2009-06-04,13.47,14.36,13.21,14.19,246129616.0,3390611456.0,4909379777.0,0.05013456427899406
2009-06-05,14.1,14.19,13.86,13.89,109126224.0,1527473920.0,4909379777.0,0.02222810802114892
2009-06-08,13.84,13.85,13.54,13.71,69924624.0,956120064.0,4909379777.0,0.014243066777516487
2009-06-09,13.69,13.88,13.6,13.82,65114756.0,895204608.0,4909379777.0,0.013263336502312723
2009-06-10,13.83,14.23,13.69,14.1,113708352.0,1593279744.0,4909379777.0,0.023161449544546003
2009-06-11,14.02,14.23,13.86,13.88,78258712.0,1101043328.0,4909379777.0,0.01594065147834661
2009-06-12,13.84,13.94,13.51,13.56,60299056.0,824639296.0,4909379777.0,0.012282418297010881
2009-06-15,13.52,13.6,13.31,13.53,45422520.0,610783040.0,4909379777.0,0.00925219112458979
2009-06-16,13.45,13.52,13.36,13.47,30693256.0,412317600.0,4909379777.0,0.006251962038829249
2009-06-17,13.45,13.69,13.4,13.62,37970208.0,517048288.0,4909379777.0,0.0077342168918947745
2009-06-18,13.61,13.75,13.53,13.6,64286368.0,874188672.0,4909379777.0,0.013094600727606329
2009-06-19,13.6,13.84,13.48,13.81,86690848.0,1184521600.0,4909379777.0,0.017658207744721394
2009-06-22,13.94,14.37,13.88,14.02,128724064.0,1816717824.0,4909379777.0,0.026220025715480516
2009-06-23,13.83,14.2,13.8,14.05,81514064.0,1140720896.0,4909379777.0,0.016603739719197527
2009-06-24,14.03,14.44,14.02,14.34,112327088.0,1605950336.0,4909379777.0,0.02288009750768157
2009-06-25,14.37,14.55,14.09,14.14,85427024.0,1222672000.0,4909379777.0,0.017400777263192772
2009-06-29,14.12,14.21,13.91,14.14,89597712.0,1254953600.0,4909379777.0,0.018250311866227414
2009-06-30,14.15,14.15,13.75,13.78,72637312.0,1009950848.0,4909379777.0,0.014795618856031312
2009-07-01,13.78,13.92,13.7,13.85,59548476.0,821064832.0,4909379777.0,0.01212953136748133
2009-07-02,13.85,13.9,13.73,13.84,77456656.0,1068197632.0,4909379777.0,0.015777279313952737
2009-07-03,13.79,13.96,13.73,13.9,66673732.0,925789632.0,4909379777.0,0.013580887001726858
2009-07-06,13.93,14.29,13.82,14.23,131664432.0,1851731968.0,4909379777.0,0.026818954324298958
2009-07-07,14.27,14.65,14.26,14.53,171379904.0,2479132928.0,4909379777.0,0.034908667038329226
2009-07-08,14.4,14.5,14.05,14.29,102533104.0,1457805440.0,4909379777.0,0.020885144082834723
2009-07-09,14.31,14.38,14.14,14.29,98765568.0,1403823872.0,4909379777.0,0.020117728203205575
2009-07-10,14.31,14.34,14.09,14.14,104530128.0,1479532032.0,4909379777.0,0.021291921331837924
2009-07-13,14.0,14.24,13.99,14.11,74545080.0,1053056192.0,4909379777.0,0.01518421539707255
2009-07-14,14.15,14.31,14.08,14.26,139528160.0,1981239680.0,4909379777.0,0.02842073058875518
2009-07-15,14.3,14.46,14.21,14.41,127186096.0,1826094592.0,4909379777.0,0.025906754371673453
2009-07-16,14.6,14.66,14.3,14.3,132132160.0,1911385728.0,4909379777.0,0.026914226644071663
2009-07-17,14.31,14.37,14.15,14.23,84014272.0,1195087104.0,4909379777.0,0.017113011381518956
2009-07-20,14.25,14.57,14.2,14.51,127298864.0,1838757376.0,4909379777.0,0.025929724279303804
2009-07-21,14.55,14.64,14.25,14.26,104033072.0,1498513792.0,4909379777.0,0.021190675141366234
2009-07-22,14.23,14.56,14.19,14.45,100351440.0,1445306752.0,4909379777.0,0.020440757195061058
2009-07-23,14.5,15.56,14.34,15.49,276261504.0,4143364352.0,4909379777.0,0.0562721803055979
2009-07-24,15.51,15.64,14.93,15.42,198090640.0,3033855232.0,4909379777.0,0.04034942273727462
2009-07-27,15.45,15.75,15.41,15.52,140676944.0,2188285952.0,4909379777.0,0.028654728375070666
2009-07-28,15.54,15.58,15.2,15.37,112370400.0,1722235648.0,4909379777.0,0.022888919803361954
2009-07-29,15.37,15.75,14.25,14.69,175443348.0,2665880791.0,4909379777.0,0.03573635692678252
2009-07-30,14.7,14.95,14.4,14.79,114557928.0,1681511040.0,4909379777.0,0.02333450113936867
2009-07-31,14.84,15.89,14.83,15.74,227551040.0,3533202944.0,4909379777.0,0.04635026221969138
2009-08-03,15.92,16.15,15.61,16.0,194717232.0,3094361088.0,4909379777.0,0.03966228746698974
2009-08-04,15.83,15.99,15.6,15.82,111142648.0,1748939264.0,4909379777.0,0.022638836889477005
2009-08-05,15.85,16.39,15.63,16.3,162394336.0,2606887936.0,4909379777.0,0.03307838125720132
2009-08-06,16.14,16.47,15.82,16.21,146773024.0,2374575360.0,4909379777.0,0.02989644938198066
2009-08-07,16.0,16.08,15.0,15.25,106636696.0,1663404032.0,4909379777.0,0.021721011786373357
2009-08-10,15.4,15.5,14.78,15.01,90522336.0,1362504448.0,4909379777.0,0.01843865011708586
2009-08-11,15.05,15.11,14.85,14.99,44290848.0,663724160.0,4909379777.0,0.009021678910948917
2009-08-12,15.01,15.04,14.06,14.09,99920344.0,1441298944.0,4909379777.0,0.02035294651029398
2009-08-13,14.09,14.23,13.83,14.09,63035160.0,884017216.0,4909379777.0,0.012839740020789189
2009-08-14,14.1,14.12,13.5,13.55,77272608.0,1059197056.0,4909379777.0,0.015739790260679197
2009-08-17,13.47,13.53,13.0,13.07,68864032.0,911702272.0,4909379777.0,0.014027032971175251
2009-08-18,13.01,13.39,12.99,13.33,44291636.0,583937728.0,4909379777.0,0.009021839420022526
2009-08-19,13.33,13.33,12.67,12.8,58793700.0,759557056.0,4909379777.0,0.011975789747503985
2009-08-20,13.11,13.64,13.11,13.49,71109456.0,953480768.0,4909379777.0,0.01448440724287442
2009-08-21,13.54,13.63,13.34,13.59,50100944.0,676579328.0,4909379777.0,0.010205147345641987
2009-08-24,13.59,13.64,13.33,13.49,42613600.0,575545280.0,4909379777.0,0.008680037384689785
2009-08-25,13.5,13.5,13.01,13.23,48414200.0,641007744.0,4909379777.0,0.009861571562830837
2009-08-26,13.22,13.79,13.13,13.5,49144500.0,665835072.0,4909379777.0,0.010010327624323858
2009-08-27,13.48,13.68,13.4,13.61,52624760.0,713919488.0,4909379777.0,0.010719227762036711
2009-08-28,13.6,13.61,13.2,13.29,38427124.0,513316000.0,4909379777.0,0.007827286896814868
2009-09-01,12.72,13.15,12.69,12.83,57513788.0,740004672.0,4909379777.0,0.011715082273619754
2009-09-02,12.83,13.05,12.78,12.87,32234488.0,415743424.0,4909379777.0,0.0065658982324031355
2009-09-03,13.01,13.37,12.89,13.3,41585960.0,547005504.0,4909379777.0,0.008470715627832758
2009-09-04,13.28,13.35,13.18,13.33,34198116.0,453654624.0,4909379777.0,0.006965872992799433
2009-09-07,13.39,13.6,13.29,13.34,34645212.0,465949120.0,4909379777.0,0.00705694274505095
2009-09-14,13.9,13.98,13.61,13.73,67847720.0,935892800.0,4909379777.0,0.013820018634097209
2009-09-15,13.84,13.85,13.62,13.73,44440576.0,609691712.0,4909379777.0,0.00905217726446833
2009-09-16,13.77,13.77,13.41,13.47,41178036.0,556876096.0,4909379777.0,0.008387624887550026
2009-09-17,13.51,13.85,13.44,13.84,59327928.0,812047360.0,4909379777.0,0.012084607566508905
2009-09-18,13.93,13.93,13.41,13.44,49814888.0,680743104.0,4909379777.0,0.010146880107621383
2009-09-21,13.75,14.05,13.59,13.91,86435496.0,1195860224.0,4909379777.0,0.017606194657203436
2009-09-22,13.98,14.48,13.81,13.83,98899576.0,1403413888.0,4909379777.0,0.020145024522921523
2009-09-23,13.9,14.04,13.41,13.5,46345632.0,634034560.0,4909379777.0,0.009440221393570954
2009-09-24,13.44,13.52,13.15,13.31,35597548.0,473988416.0,4909379777.0,0.0072509257007924485
2009-09-25,13.27,13.52,13.09,13.29,23966568.0,319214368.0,4909379777.0,0.004881791405154924
2009-09-28,13.48,13.79,13.26,13.34,44652548.0,604757376.0,4909379777.0,0.009095354205269095
2009-09-29,13.4,13.48,13.15,13.32,24145968.0,321738208.0,4909379777.0,0.004918333699324235
2009-09-30,13.4,13.6,13.32,13.37,17903648.0,240158512.0,4909379777.0,0.0036468248156064378
2009-10-09,13.51,13.74,13.49,13.73,32965474.0,449836576.0,4909379777.0,0.006714794026414551
2009-10-12,13.78,13.83,13.56,13.56,35180132.0,480219488.0,4909379777.0,0.007165901518724572
2009-10-13,13.56,13.75,13.5,13.7,28367218.0,385939040.0,4909379777.0,0.005778167362993152
2009-10-14,13.73,13.85,13.6,13.69,52500124.0,721503232.0,4909379777.0,0.010693840441099776
2009-10-15,13.75,13.8,13.52,13.55,37074620.0,505719040.0,4909379777.0,0.007551793033753721
2009-10-16,13.68,13.77,13.36,13.55,38830168.0,525961504.0,4909379777.0,0.007909383621514844
2009-10-19,13.54,13.75,13.48,13.71,42554008.0,580382720.0,4909379777.0,0.008667898987843979
2009-10-20,13.79,13.93,13.7,13.91,75004096.0,1034222848.0,4909379777.0,0.015277713154599977
2009-10-21,13.91,13.92,13.7,13.76,53840520.0,742427840.0,4909379777.0,0.01096686800484207
2009-10-22,13.71,13.76,13.58,13.61,39531584.0,539174144.0,4909379777.0,0.008052256251431574
2009-10-23,13.61,13.82,13.61,13.74,45839840.0,630050304.0,4909379777.0,0.00933719575225276
2009-10-26,13.73,13.74,13.56,13.63,37493288.0,510575616.0,4909379777.0,0.007637072237852256
2009-10-27,13.58,13.58,13.2,13.23,47002352.0,629001088.0,4909379777.0,0.009573989818469894
2009-10-28,13.2,13.3,13.07,13.22,33486042.0,441128896.0,4909379777.0,0.006820829416554628
2009-10-29,13.1,13.11,12.92,13.0,38906660.0,506455904.0,4909379777.0,0.007924964408391093
2009-10-30,13.16,13.22,13.0,13.07,33752808.0,442654880.0,4909379777.0,0.006875167441339302
2009-11-02,12.88,13.28,12.82,13.24,37638468.0,490836544.0,4909379777.0,0.007666644201439215
2009-11-03,13.24,13.38,13.17,13.36,42896856.0,570196160.0,4909379777.0,0.008737734285900613
2009-11-04,13.38,13.41,13.2,13.33,41999712.0,559030720.0,4909379777.0,0.008554993483446698
2009-11-05,13.34,13.44,13.28,13.43,45756904.0,611064384.0,4909379777.0,0.009320302375947153
2009-11-06,13.53,13.57,13.43,13.47,50729284.0,684040128.0,4909379777.0,0.010333134999590397
2009-11-09,13.59,13.81,13.52,13.75,80569832.0,1106620032.0,4909379777.0,0.0164114074811369
2009-11-10,13.83,13.87,13.62,13.63,55587112.0,763864000.0,4909379777.0,0.011322634329578777
2009-11-11,13.63,13.64,13.38,13.48,41002172.0,553027968.0,4909379777.0,0.008351802847294778
2009-11-12,13.52,13.62,13.48,13.54,43904872.0,594384576.0,4909379777.0,0.00894305879648797
2009-11-13,13.55,13.78,13.39,13.64,50634772.0,688245632.0,4909379777.0,0.010313883687959796
2009-11-16,13.69,13.83,13.64,13.8,87305600.0,1201869184.0,4909379777.0,0.017783427635608643
2009-11-17,13.84,13.9,13.72,13.82,62944788.0,870176768.0,4909379777.0,0.012821331992870185
2009-11-18,13.87,14.18,13.86,13.99,80018352.0,1123845504.0,4909379777.0,0.016299075572616877
2009-11-19,14.03,14.17,13.89,14.13,64818904.0,908512704.0,4909379777.0,0.013203073900224769
2009-11-20,14.31,14.39,13.97,13.99,121403600.0,1719777024.0,4909379777.0,0.024728907828391048
2009-11-23,14.0,14.08,13.81,13.89,72988456.0,1012366400.0,4909379777.0,0.014867143980578628
2009-11-24,13.94,13.96,13.5,13.51,103292520.0,1421048448.0,4909379777.0,0.021039830832382558
2009-11-25,13.51,13.65,13.31,13.64,100820544.0,1357116544.0,4909379777.0,0.020536309794637424
2009-11-26,13.64,13.65,13.15,13.19,77913216.0,1041940160.0,4909379777.0,0.015870276804621303
2009-11-27,13.19,13.37,13.11,13.21,55057200.0,728342528.0,4909379777.0,0.011214695644027784
2009-11-30,13.3,13.47,13.22,13.46,45135576.0,602378176.0,4909379777.0,0.009193743008323799
2009-12-01,13.46,13.46,13.29,13.42,53288368.0,712141248.0,4909379777.0,0.010854399215487705
2009-12-02,13.48,13.55,13.4,13.49,57004304.0,767927232.0,4909379777.0,0.011611304602479524
2009-12-03,13.5,13.53,13.3,13.35,58374148.0,780401984.0,4909379777.0,0.011890330479926936
2009-12-04,13.35,13.66,13.27,13.64,102608080.0,1384167936.0,4909379777.0,0.02090041607306682
2009-12-07,13.65,13.67,13.4,13.49,74822480.0,1014223424.0,4909379777.0,0.01524071947958407
2009-12-08,13.53,13.57,13.35,13.4,53237452.0,714318656.0,4909379777.0,0.010844028047985337
2009-12-09,13.28,13.35,13.15,13.18,59219272.0,783591360.0,4909379777.0,0.012062475239222057
2009-12-10,13.2,13.29,13.14,13.23,42936944.0,566638016.0,4909379777.0,0.008745899879482882
2009-12-11,13.25,13.27,13.16,13.18,32752830.0,432528160.0,4909379777.0,0.0066714802047794395
2009-12-14,13.18,13.33,13.0,13.29,54302460.0,714421376.0,4909379777.0,0.01106096135695228
2009-12-15,13.23,13.3,13.17,13.18,28117794.0,371797312.0,4909379777.0,0.005727361759978179
2009-12-16,13.17,13.35,13.16,13.22,36991952.0,490887456.0,4909379777.0,0.007534954246828479
2009-12-17,13.26,13.29,13.0,13.02,42512636.0,555829760.0,4909379777.0,0.008659471854096082
2009-12-18,13.0,13.0,12.83,12.89,41894160.0,540256832.0,4909379777.0,0.00853349341525183
2009-12-21,12.95,13.02,12.9,12.96,21373468.0,276665536.0,4909379777.0,0.004353598411785693
2009-12-22,12.98,13.01,12.81,12.89,34062104.0,438715968.0,4909379777.0,0.006938168474881058
2009-12-23,12.9,12.95,12.84,12.9,32708368.0,421804448.0,4909379777.0,0.00666242366362361
2009-12-24,12.92,13.09,12.88,13.04,41354768.0,536419104.0,4909379777.0,0.008423623732216307
2009-12-25,13.04,13.04,12.89,12.91,25285368.0,327157664.0,4909379777.0,0.005150420042560093
2009-12-28,12.93,13.04,12.92,12.98,26162468.0,339872896.0,4909379777.0,0.005329078048222872
2009-12-29,12.98,13.03,12.93,13.0,36600332.0,474771040.0,4909379777.0,0.007455184496312394
2009-12-30,13.0,13.45,12.96,13.37,101694872.0,1352966272.0,4909379777.0,0.020714403166858526
2009-12-31,13.37,13.44,13.27,13.36,53903600.0,721118144.0,4909379777.0,0.010979716878399486
2010-01-04,13.4,13.42,13.18,13.19,29704266.0,394184544.0,4909379777.0,0.006050512966864327
2010-01-05,13.21,13.29,13.04,13.2,42220064.0,554958656.0,4909379777.0,0.008599877360842438
2010-01-06,13.2,13.24,13.1,13.12,32602223.0,428819191.0,4909379777.0,0.006640802806240101
2010-01-07,13.11,13.13,12.91,12.95,40560736.0,527976768.0,4909379777.0,0.008261885990165882
2010-01-08,12.97,13.05,12.92,12.99,30110220.0,390440256.0,4909379777.0,0.006133202434463037
2010-01-11,13.29,13.35,12.98,13.02,38693420.0,506897536.0,4909379777.0,0.007881529186492186
2010-01-12,13.01,13.21,12.97,13.2,38055456.0,499271495.0,4909379777.0,0.007751581203451883
2010-01-13,13.07,13.31,12.99,13.05,68283616.0,899269824.0,4909379777.0,0.013908807039109617
2010-01-14,13.08,13.13,13.01,13.08,32451968.0,424075936.0,4909379777.0,0.006610197107185419
2010-01-15,13.09,13.11,13.0,13.03,30449104.0,396909408.0,4909379777.0,0.006202230298550398
2010-01-18,13.04,13.08,12.97,13.01,38218656.0,497151424.0,4909379777.0,0.007784823691793196
2010-01-19,13.01,13.08,12.97,12.99,31576932.0,410562848.0,4909379777.0,0.006431959521228134
2010-01-21,12.84,12.91,12.68,12.85,59540092.0,761047488.0,4909379777.0,0.012127823616119483
2010-01-22,12.8,12.8,12.5,12.6,43545020.0,550518400.0,4909379777.0,0.008869759924462246
2010-01-25,12.6,12.94,12.58,12.84,70754720.0,908797824.0,4909379777.0,0.014412150457676846
2010-01-26,12.82,12.93,12.69,12.88,59313136.0,761896832.0,4909379777.0,0.012081594558619537
2010-01-27,12.9,12.97,12.8,12.9,45992984.0,593214080.0,4909379777.0,0.009368389916680101
2010-01-28,12.89,12.92,12.74,12.91,25916162.0,333075264.0,4909379777.0,0.00527890755598393
2010-01-29,12.88,12.9,12.69,12.78,33545732.0,430074656.0,4909379777.0,0.0068329877751887765
2010-02-01,12.77,12.83,12.6,12.7,41502248.0,528987040.0,4909379777.0,0.008453664186754155
2010-02-02,12.77,12.77,12.61,12.67,26920200.0,341285408.0,4909379777.0,0.005483421780917969
2010-02-03,12.63,12.9,12.63,12.85,44638536.0,570679040.0,4909379777.0,0.009092500076919594
2010-02-04,12.85,12.92,12.77,12.88,26858600.0,345588896.0,4909379777.0,0.005470874371102865
2010-02-05,12.79,12.96,12.7,12.79,40595436.0,520028224.0,4909379777.0,0.008268954092772765
2010-02-08,12.79,12.82,12.69,12.71,11958401.0,152253840.0,4909379777.0,0.002435827241564001
2010-02-09,12.7,12.76,12.68,12.75,11897786.0,151283776.0,4909379777.0,0.0024234804680909085
2010-02-10,12.77,12.8,12.68,12.74,13473485.0,171282448.0,4909379777.0,0.0027444373041014382
2010-02-11,12.74,12.77,12.7,12.71,11949105.0,152138976.0,4909379777.0,0.00243393372335554
2010-02-12,12.75,12.77,12.67,12.74,20065330.0,254955280.0,4909379777.0,0.00408714153547547
2010-02-22,12.74,12.82,12.72,12.78,17098198.0,218598048.0,4909379777.0,0.0034827613215224276
2010-02-23,12.78,12.83,12.74,12.83,19835844.0,253736096.0,4909379777.0,0.004040397137929547
2010-02-24,12.8,13.04,12.78,12.98,27826044.0,360324352.0,4909379777.0,0.005667934701316549
2010-02-25,12.99,13.07,12.93,12.99,32191876.0,418273088.0,4909379777.0,0.0065572185209251945
2010-02-26,12.97,13.02,12.95,12.99,23615996.0,306855776.0,4909379777.0,0.004810382792270178
2010-03-01,13.02,13.16,13.02,13.14,31216240.0,409739616.0,4909379777.0,0.006358489548159476
2010-03-02,13.14,13.18,13.0,13.02,26277964.0,343825664.0,4909379777.0,0.00535260362685932
2010-03-03,13.01,13.09,12.97,13.06,23904988.0,311854816.0,4909379777.0,0.0048692480691741764
2010-03-05,12.91,12.94,12.78,12.8,34608360.0,444187008.0,4909379777.0,0.007049436297867408
2010-03-08,12.82,12.83,12.72,12.75,28262918.0,360575200.0,4909379777.0,0.005756922316828943
2010-03-09,12.76,12.83,12.7,12.8,16502920.0,210785552.0,4909379777.0,0.0033615081231471817
2010-03-10,12.79,12.86,12.73,12.75,16989274.0,217278272.0,4909379777.0,0.0034605744048552146
2010-03-11,12.76,12.82,12.72,12.78,13882046.0,177175632.0,4909379777.0,0.0028276577960083937
2010-03-12,12.77,12.85,12.73,12.74,18025456.0,230287088.0,4909379777.0,0.0036716360963654983
2010-03-15,12.72,12.8,12.7,12.72,20300828.0,258359296.0,4909379777.0,0.004135110527628672
2010-03-16,12.71,12.76,12.7,12.72,13021599.0,165761680.0,4909379777.0,0.002652391868521766
2010-03-17,12.74,12.9,12.73,12.87,20882512.0,267355760.0,4909379777.0,0.004253594740792448
2010-03-18,12.85,12.86,12.75,12.79,15985001.0,204627008.0,4909379777.0,0.0032560123123674977
2010-03-19,12.78,12.82,12.73,12.79,26232084.0,334664736.0,4909379777.0,0.005343258250847681
2010-03-22,12.79,12.8,12.73,12.76,26386902.0,336609312.0,4909379777.0,0.005374793395210582
2010-03-23,12.74,12.75,12.62,12.65,33189240.0,420701504.0,4909379777.0,0.006760373307334785
2010-03-24,12.65,12.68,12.59,12.6,29591384.0,373573472.0,4909379777.0,0.00602751983837815
2010-03-25,12.6,12.65,12.5,12.52,24280856.0,305023488.0,4909379777.0,0.0049458092677518274
2010-03-26,12.52,12.62,12.46,12.55,18136204.0,227447248.0,4909379777.0,0.0036941945467259376
2010-03-29,12.61,12.75,12.53,12.71,31226350.0,395861792.0,4909379777.0,0.006360548871426209
2010-03-30,12.71,12.71,12.57,12.59,23515644.0,296548736.0,4909379777.0,0.004789941921007754
2010-03-31,12.62,12.64,12.51,12.52,23275844.0,291916672.0,4909379777.0,0.004741096647084673
2010-04-01,12.52,12.6,12.49,12.59,42289036.0,530070144.0,4909379777.0,0.008613926386001
2010-04-02,12.6,12.63,12.55,12.58,30065276.0,378247680.0,4909379777.0,0.006124047713899238
2010-04-06,12.6,12.62,12.52,12.54,25260480.0,317405600.0,4909379777.0,0.005145350563088043
2010-04-07,12.6,12.67,12.53,12.61,27957644.0,352430176.0,4909379777.0,0.005694740531376088
2010-04-08,12.62,12.69,12.55,12.56,26108890.0,329212064.0,4909379777.0,0.005318164653367781
2010-04-09,12.56,12.82,12.56,12.81,45716568.0,581007296.0,4909379777.0,0.009312086266818873
2010-04-12,12.86,13.19,12.78,13.15,105943136.0,1376227840.0,4909379777.0,0.021579739358591487
2010-04-13,13.15,13.49,13.06,13.19,115619944.0,1539995776.0,4909379777.0,0.02355082500271602
2010-04-14,13.21,13.35,13.11,13.18,37937584.0,500339744.0,4909379777.0,0.007727571653293996
2010-04-15,13.2,13.23,12.96,13.16,35203976.0,459666944.0,4909379777.0,0.007170758344043262
2010-04-16,13.02,13.07,12.89,12.95,40781444.0,528906304.0,4909379777.0,0.008306842381813152
2010-04-19,12.81,13.08,12.78,12.81,45441132.0,584921472.0,4909379777.0,0.009255982234841068
2010-04-20,12.8,13.2,12.79,13.05,64035796.0,833538624.0,4909379777.0,0.013043561286499347
2010-04-21,13.07,13.71,13.07,13.64,117363904.0,1576047104.0,4909379777.0,0.023906055210851537
2010-04-22,13.53,13.95,13.45,13.69,109527496.0,1506451328.0,4909379777.0,0.022309843804124995
2010-04-23,13.69,13.79,13.34,13.39,47853144.0,644528768.0,4909379777.0,0.00974728910242138
2010-04-26,13.59,13.95,13.5,13.82,69012448.0,950167040.0,4909379777.0,0.014057264081160939
2010-04-27,13.7,13.98,13.41,13.8,64162824.0,879210176.0,4909379777.0,0.013069435838025207
2010-04-28,13.55,13.8,13.33,13.44,37615256.0,508809440.0,4909379777.0,0.007661916109286161
2010-04-29,13.57,13.6,13.2,13.26,31690334.0,423531840.0,4909379777.0,0.006455058569407555
2010-04-30,13.41,13.69,13.18,13.65,53199328.0,717178560.0,4909379777.0,0.010836262504936783
2010-05-04,13.55,13.84,13.45,13.48,37723688.0,514304160.0,4909379777.0,0.007684002809628227
2010-05-05,13.32,13.49,12.95,13.26,45177928.0,595428096.0,4909379777.0,0.009202369759955118
2010-05-06,13.2,13.26,12.9,12.91,32327468.0,422486080.0,4909379777.0,0.006584837488322102
2010-05-07,12.75,12.89,12.49,12.51,59414412.0,750998400.0,4909379777.0,0.012102223641029187
2010-05-10,12.55,12.97,12.49,12.81,32485088.0,412719360.0,4909379777.0,0.006616943376878215
2010-05-11,13.0,13.0,12.48,12.54,43422392.0,551589760.0,4909379777.0,0.008844781616494608
2010-05-12,12.5,12.68,12.41,12.6,22479652.0,281971488.0,4909379777.0,0.004578918930923848
2010-05-13,12.6,12.86,12.6,12.78,27577720.0,351605760.0,4909379777.0,0.005617353159191131
2010-05-14,12.73,12.97,12.63,12.86,29971494.0,385944928.0,4909379777.0,0.006104945097222614
2010-05-17,12.7,12.76,12.5,12.53,27122024.0,341991552.0,4909379777.0,0.005524531658166726
2010-05-18,12.5,12.65,12.36,12.53,40764320.0,510006368.0,4909379777.0,0.008303354364837928
2010-05-19,12.58,12.75,12.53,12.65,22357838.0,282804768.0,4909379777.0,0.004554106428014481
2010-05-20,12.56,12.74,12.43,12.47,21728156.0,272884192.0,4909379777.0,0.004425845419780813
2010-05-21,12.29,12.55,12.23,12.51,25884920.0,320620608.0,4909379777.0,0.00527254381933712
2010-05-24,12.54,12.76,12.5,12.7,42872872.0,541994240.0,4909379777.0,0.008732848943741432
2010-05-25,12.63,12.64,12.28,12.37,33851120.0,420678304.0,4909379777.0,0.006895192781497458
2010-05-26,12.4,12.48,12.27,12.35,26742952.0,330637856.0,4909379777.0,0.005447317831325315
2010-05-27,12.34,12.52,12.22,12.47,24438920.0,302327104.0,4909379777.0,0.004978005595430634
2010-05-28,12.53,12.57,12.33,12.38,19658720.0,244579840.0,4909379777.0,0.004004318446109899
2010-05-31,12.38,12.45,12.22,12.25,16657126.0,205055088.0,4909379777.0,0.0033929186081788024
2010-06-01,12.21,12.36,12.16,12.19,17332674.0,212191376.0,4909379777.0,0.00353052214074006
2010-06-02,12.21,12.29,12.05,12.17,16289818.0,197949664.0,4909379777.0,0.0033181010107053285
2010-06-03,12.2,12.3,12.12,12.13,15009957.0,183322912.0,4909379777.0,0.003057403925098704
2010-06-04,12.13,12.36,12.08,12.32,20455588.0,251284960.0,4909379777.0,0.004166633857871941
2010-06-07,12.17,12.28,12.11,12.17,12549741.0,152911968.0,4909379777.0,0.0025562783019546383
2010-06-08,12.16,12.26,12.02,12.09,14509930.0,175914336.0,4909379777.0,0.0029555525665334974
2010-06-09,12.11,12.22,11.9,12.17,26059610.0,314596864.0,4909379777.0,0.0053081267255156986
2010-06-10,12.1,12.23,12.06,12.12,12881077.0,156559088.0,4909379777.0,0.0026237687009562144
2010-06-11,12.16,12.27,12.14,12.17,11123494.0,135744592.0,4909379777.0,0.002265763600549414
2010-06-17,12.25,12.28,12.16,12.19,8416671.0,102843896.0,4909379777.0,0.0017144061739593546
2010-06-18,12.19,12.22,12.03,12.04,13961499.0,169566688.0,4909379777.0,0.0028438417140609815
2010-06-21,12.05,12.33,12.05,12.3,17901800.0,218934320.0,4909379777.0,0.0036464483933119846
2010-06-22,12.28,12.36,12.24,12.31,12225396.0,150461936.0,4909379777.0,0.0024902119117520454
2010-06-23,12.28,12.3,12.15,12.2,11161660.0,136463024.0,4909379777.0,0.002273537698650116
2010-06-24,12.22,12.31,12.15,12.24,11081107.0,135804256.0,4909379777.0,0.002257129719707973
2010-06-25,12.23,12.46,12.12,12.41,20794590.0,255647504.0,4909379777.0,0.004235685757582001
2010-06-29,12.42,12.53,12.25,12.25,36001488.0,446438560.0,4909379777.0,0.007333204933271554
2010-06-30,12.2,12.67,12.2,12.49,26988628.0,335977248.0,4909379777.0,0.005497359997782058
2010-07-01,12.45,12.69,12.28,12.34,22276020.0,276973344.0,4909379777.0,0.0045374407790493496
2010-07-02,12.32,12.62,12.32,12.42,29234394.0,365357824.0,4909379777.0,0.005954803932048706
2010-07-05,12.4,12.55,12.3,12.37,23657120.0,293662112.0,4909379777.0,0.004818759410472066
2010-07-06,12.31,12.45,12.28,12.36,20814068.0,256951952.0,4909379777.0,0.004239653264860874
2010-07-07,12.36,12.4,12.11,12.16,18932590.0,230700288.0,4909379777.0,0.0038564117790800116
2010-07-08,12.2,12.22,11.97,12.02,22251980.0,268255808.0,4909379777.0,0.004532544030153974
2010-07-09,12.06,12.23,11.94,12.15,29607726.0,358223072.0,4909379777.0,0.006030848568430073
2010-07-12,12.12,12.21,12.07,12.18,22468984.0,272525440.0,4909379777.0,0.004576745947678596
2010-07-13,12.11,12.25,12.1,12.15,18292368.0,222813040.0,4909379777.0,0.003726003860140967
2010-07-14,12.25,12.45,12.21,12.34,22333428.0,275531872.0,4909379777.0,0.004549134313183528
2010-07-15,12.39,12.5,12.3,12.32,18175520.0,225051712.0,4909379777.0,0.0037022028903020837
2010-07-16,12.31,12.45,12.2,12.39,15450402.0,190033152.0,4909379777.0,0.0031471189237352822
2010-07-19,12.4,12.54,12.34,12.53,25087540.0,312386976.0,4909379777.0,0.005110124117415575
2010-07-20,8.11,8.14,8.02,8.13,36263324.0,293484896.0,4909379777.0,0.007386538757887583
2010-07-21,8.13,8.35,8.0,8.17,69085832.0,563901504.0,7364069666.0,0.009381474528815246
2010-07-22,8.12,8.19,8.08,8.15,32577398.0,264583664.0,7364069666.0,0.004423830772597148
2010-07-23,8.18,8.21,8.09,8.11,34575116.0,281040832.0,7364069666.0,0.00469510984661562
2010-07-26,8.14,8.15,8.07,8.12,28114492.0,228055040.0,7364069666.0,0.0038177927796915006
2010-07-27,8.1,8.16,8.06,8.15,33308926.0,270455136.0,7364069666.0,0.004523168235872037
2010-07-28,8.16,8.27,8.12,8.24,56401704.0,462733600.0,7364069666.0,0.007659039981711113
2010-07-29,8.25,8.33,8.18,8.25,55666832.0,459242720.0,7364069666.0,0.007559248421700089
2010-07-30,8.24,8.24,8.18,8.22,37432888.0,307173120.0,7364069666.0,0.0050831795050538565
2010-08-02,8.26,8.3,8.22,8.27,47838528.0,394972288.0,7364069666.0,0.006496207962408486
2010-08-03,8.28,8.28,8.12,8.13,55434576.0,454366816.0,7364069666.0,0.007527709339299453
2010-08-04,8.11,8.19,8.1,8.18,34053112.0,277539104.0,7364069666.0,0.004624224585655896
2010-08-05,8.16,8.19,8.09,8.11,41040888.0,333249920.0,7364069666.0,0.005573125983515105
2010-08-06,8.11,8.25,8.11,8.23,41582900.0,340395648.0,7364069666.0,0.005646728220400842
2010-08-09,8.24,8.25,8.16,8.21,35935028.0,294577536.0,7364069666.0,0.004879778387474044
2010-08-10,8.28,8.45,8.21,8.23,78858376.0,657193984.0,7364069666.0,0.010708532045003607
2010-08-11,8.26,8.34,8.23,8.26,30138112.0,249619232.0,7364069666.0,0.004092589202292318
2010-08-12,8.21,8.26,8.1,8.16,32850896.0,268677888.0,7364069666.0,0.004460970290880461
2010-08-13,8.14,8.22,8.13,8.17,25881074.0,211638976.0,7364069666.0,0.003514506947088406
2010-08-16,8.18,8.28,8.15,8.28,43273152.0,355421568.0,7364069666.0,0.005876255109289999
2010-08-17,8.28,8.29,8.18,8.23,40635624.0,333924864.0,7364069666.0,0.005518093369976547
2010-08-18,8.2,8.23,8.13,8.14,35464120.0,289622272.0,7364069666.0,0.004815831681188226
2010-08-19,8.16,8.23,8.11,8.18,41536416.0,339067680.0,7364069666.0,0.00564041594986182
2010-08-20,8.17,8.17,8.07,8.09,40764688.0,330598016.0,7364069666.0,0.0055356195485508596
2010-08-23,8.09,8.12,8.06,8.08,18155256.0,146828272.0,7364069666.0,0.002465383520721299
2010-08-24,8.08,8.15,8.06,8.1,24393336.0,197357072.0,7364069666.0,0.0033124803412200635
2010-08-25,8.08,8.12,7.95,7.96,31719942.0,254476944.0,7364069666.0,0.00430739298223255
2010-08-26,7.96,8.04,7.94,7.97,19509640.0,155963600.0,7364069666.0,0.002649301389702524
2010-08-27,7.96,8.0,7.95,7.96,17046908.0,135806688.0,7364069666.0,0.0023148759820545675
2010-08-30,7.98,8.06,7.97,8.03,25644532.0,205431376.0,7364069666.0,0.0034823858495528796
2010-08-31,8.0,8.05,7.87,7.92,41001980.0,325684768.0,7364069666.0,0.005567842491945268
2010-09-01,7.92,7.96,7.74,7.77,36289888.0,285212768.0,7364069666.0,0.004927966416117824
2010-09-02,7.81,7.94,7.77,7.87,39896688.0,312966496.0,7364069666.0,0.005417749941204861
2010-09-03,7.88,7.9,7.77,7.81,34156972.0,266192752.0,7364069666.0,0.004638328200193863
2010-09-06,7.82,7.92,7.8,7.89,40561868.0,318856768.0,7364069666.0,0.005508077712419621
2010-09-07,7.9,7.92,7.81,7.84,35242084.0,276838784.0,7364069666.0,0.004785680418357954
2010-09-08,7.84,7.85,7.75,7.78,43891764.0,341496448.0,7364069666.0,0.0059602592032295424
2010-09-09,7.81,7.84,7.69,7.75,36792684.0,285592160.0,7364069666.0,0.004996243336734344
2010-09-10,7.75,7.79,7.65,7.7,31270748.0,240957296.0,7364069666.0,0.004246394917253082
2010-09-13,7.7,7.73,7.62,7.7,28988760.0,222319424.0,7364069666.0,0.003936513546828795
2010-09-14,7.7,7.95,7.64,7.85,66358164.0,517209600.0,7364069666.0,0.009011072275208972
2010-09-15,7.81,7.86,7.71,7.79,38755240.0,301899968.0,7364069666.0,0.0052627476052994745
2010-09-16,7.73,7.8,7.64,7.7,33603248.0,259930512.0,7364069666.0,0.004563135538375826
2010-09-20,7.68,7.81,7.64,7.65,35590444.0,274966400.0,7364069666.0,0.004832985782891424
2010-09-21,7.66,7.72,7.63,7.65,17292424.0,132501392.0,7364069666.0,0.002348215699240236
2010-09-27,7.67,7.7,7.63,7.69,21224584.0,162540976.0,7364069666.0,0.002882181315855031
2010-09-28,7.66,7.69,7.58,7.61,23613632.0,180131248.0,7364069666.0,0.0032066008431485145
2010-09-29,7.61,7.64,7.55,7.58,22419048.0,170142272.0,7364069666.0,0.0030443829318330625
2010-09-30,7.57,7.7,7.53,7.66,25116236.0,192143024.0,7364069666.0,0.0034106461697343752
2010-10-08,7.71,7.82,7.64,7.78,52503900.0,406824448.0,7364069666.0,0.00712973972019998
2010-10-11,7.91,8.28,7.86,8.22,136026432.0,1093242368.0,7364069666.0,0.018471638396909212
2010-10-12,8.16,8.3,8.12,8.25,84915024.0,697339520.0,7364069666.0,0.011530991401677487
2010-10-13,8.25,8.25,8.1,8.18,57479564.0,470075040.0,7364069666.0,0.007805407418317055
2010-10-14,8.21,8.53,8.17,8.3,143389680.0,1196482688.0,7364069666.0,0.019471526819203232
2010-10-15,8.31,8.55,8.27,8.51,97041264.0,817979072.0,7364069666.0,0.013177667838755071
2010-10-18,8.55,8.77,8.4,8.59,126205392.0,1084346496.0,7364069666.0,0.01713799539169107
2010-10-19,8.57,8.58,8.4,8.54,61406496.0,520353216.0,7364069666.0,0.008338663101398204
2010-10-20,8.42,8.48,8.23,8.28,101444440.0,844934848.0,7364069666.0,0.013775594827459364
2010-10-21,8.31,8.36,8.11,8.16,55784864.0,458172064.0,7364069666.0,0.007575276515587488
2010-10-22,8.18,8.26,8.07,8.15,60524752.0,492962816.0,7364069666.0,0.008218927134739575
2010-10-25,8.17,8.29,8.14,8.28,56811692.0,466935040.0,7364069666.0,0.007714714088366149
2010-10-26,8.3,8.39,8.25,8.28,54996480.0,456685504.0,7364069666.0,0.00746821832144248
2010-10-27,8.29,8.31,8.12,8.14,55211188.0,453195264.0,7364069666.0,0.007497374482334236
2010-10-28,8.14,8.27,8.12,8.18,32673436.0,267779088.0,7364069666.0,0.004436872202724216
2010-10-29,8.19,8.23,8.09,8.13,38230504.0,311532896.0,7364069666.0,0.005191491353824463
2010-11-01,8.24,8.48,8.24,8.33,92652680.0,774270528.0,7364069666.0,0.012581722363081187
2010-11-02,8.35,8.48,8.32,8.43,92585112.0,777527296.0,7364069666.0,0.012572547001757275
2010-11-03,8.46,8.48,8.27,8.28,71297328.0,594647680.0,7364069666.0,0.009681783474860461
2010-11-04,8.31,8.37,8.23,8.3,60187576.0,498863424.0,7364069666.0,0.008173140495653751
2010-11-05,8.39,8.42,8.28,8.32,78723496.0,657164672.0,7364069666.0,0.010690216085742282
2010-11-08,8.37,8.44,8.36,8.43,79133232.0,664682048.0,7364069666.0,0.010745855972188734
2010-11-09,8.43,8.45,8.31,8.34,55955640.0,467775648.0,7364069666.0,0.007598466953449378
2010-11-10,8.34,8.34,8.18,8.29,65353564.0,538215872.0,7364069666.0,0.008874653142098616
2010-11-11,8.26,8.52,8.23,8.39,104108976.0,873401856.0,7364069666.0,0.014137424104048394
2010-11-12,8.4,8.45,8.03,8.04,112436176.0,929613568.0,7364069666.0,0.015268211885490329
2010-11-15,8.1,8.13,7.99,8.05,56228808.0,451618016.0,7364069666.0,0.007635561659554783
2010-11-16,8.05,8.05,7.68,7.7,62557412.0,492083264.0,7364069666.0,0.008494951139426117
2010-11-17,7.71,7.78,7.67,7.71,48182484.0,371534304.0,7364069666.0,0.006542915288058602
2010-11-18,7.74,7.78,7.67,7.69,40092320.0,309273888.0,7364069666.0,0.005444315686624576
2010-11-19,7.72,7.75,7.57,7.73,50291352.0,385542944.0,7364069666.0,0.006829287918363373
2010-11-22,7.68,7.73,7.64,7.67,34958668.0,268706592.0,7364069666.0,0.004747194090436786
2010-11-23,7.67,7.67,7.48,7.51,46878432.0,353526304.0,7364069666.0,0.006365832226769703
2010-11-24,7.51,7.66,7.51,7.6,37299292.0,283191616.0,7364069666.0,0.00506503790590294
2010-11-25,7.64,7.75,7.55,7.74,42415632.0,324598560.0,7364069666.0,0.005759808628078777
2010-11-26,7.73,7.73,7.63,7.66,28183862.0,215919776.0,7364069666.0,0.0038272128426656846
2010-11-29,7.65,7.74,7.63,7.69,29369094.0,225546592.0,7364069666.0,0.003988160804018119
2010-11-30,7.7,7.72,7.48,7.57,38504272.0,291711776.0,7364069666.0,0.005228667536616973
2010-12-01,7.61,7.74,7.59,7.73,42026864.0,323302272.0,7364069666.0,0.005707016080257706
2010-12-02,7.8,7.84,7.71,7.71,37674760.0,292637248.0,7364069666.0,0.0051160243871598374
2010-12-03,7.75,7.85,7.71,7.82,39311800.0,306506048.0,7364069666.0,0.005338325380258563
2010-12-06,7.83,7.85,7.72,7.79,35046328.0,272788800.0,7364069666.0,0.004759097834422904
2010-12-07,7.79,7.8,7.68,7.76,31743624.0,245041280.0,7364069666.0,0.004310608867072605
2010-12-08,7.75,7.77,7.65,7.68,26573832.0,204652544.0,7364069666.0,0.003608579658431493
2010-12-09,7.66,7.79,7.62,7.66,36257716.0,278880064.0,7364069666.0,0.004923597636155226
2010-12-10,7.67,7.77,7.64,7.74,27303600.0,210611328.0,7364069666.0,0.003707678123424206
2010-12-13,7.76,7.95,7.7,7.93,71924352.0,562950400.0,7364069666.0,0.009766929871953224
2010-12-14,7.89,7.93,7.83,7.88,39715032.0,312552640.0,7364069666.0,0.005393082059416791
2010-12-15,7.87,7.91,7.79,7.8,31392012.0,246054928.0,7364069666.0,0.004262861898895023
2010-12-16,7.81,7.85,7.75,7.77,18514848.0,144311536.0,7364069666.0,0.0025142141288373846
2010-12-17,7.77,7.79,7.71,7.74,23258056.0,179641760.0,7364069666.0,0.003158315585658122
2010-12-20,7.74,7.76,7.56,7.63,40107912.0,307384480.0,7364069666.0,0.005446432994133491
2010-12-21,7.65,7.75,7.61,7.73,31409750.0,241390928.0,7364069666.0,0.00426527062135482
2010-12-22,7.74,7.77,7.6,7.64,38412016.0,295639264.0,7364069666.0,0.0052161396812076275
2010-12-23,7.64,7.71,7.62,7.63,27894756.0,213759840.0,7364069666.0,0.0037879538441617996
2010-12-24,7.62,7.68,7.6,7.63,24390374.0,186066896.0,7364069666.0,0.0033120781179747194
2010-12-27,7.62,7.67,7.51,7.52,31968436.0,243078080.0,7364069666.0,0.004341137095375219
2010-12-28,7.52,7.61,7.46,7.5,37714140.0,283526240.0,7364069666.0,0.00512137197372353
2010-12-29,7.51,7.58,7.51,7.55,26534992.0,200241872.0,7364069666.0,0.003603305400886195
2010-12-30,7.56,7.58,7.47,7.51,30129304.0,226131296.0,7364069666.0,0.004091393124525609
2010-12-31,7.51,7.61,7.51,7.57,31221816.0,235943216.0,7364069666.0,0.004239750221830669
2011-01-04,7.6,7.73,7.48,7.61,61760148.0,470019936.0,7364069666.0,0.008386687090311946
2011-01-05,7.61,7.66,7.58,7.6,39413632.0,300023616.0,7364069666.0,0.005352153603594113
2011-01-06,7.64,7.66,7.58,7.6,21286612.0,162031216.0,7364069666.0,0.0028906043757680007
2011-01-07,7.61,7.68,7.55,7.64,38571752.0,293780480.0,7364069666.0,0.005237830948026776
2011-01-10,7.63,7.68,7.6,7.61,25654152.0,195968752.0,7364069666.0,0.0034836921924361382
2011-01-11,7.61,7.74,7.58,7.72,39817724.0,305296064.0,7364069666.0,0.0054070270660038595
2011-01-12,7.72,7.72,7.64,7.7,24398296.0,187480112.0,7364069666.0,0.003313153881833469
2011-01-13,7.73,7.73,7.61,7.64,31646000.0,242123040.0,7364069666.0,0.004297352066902621
2011-01-14,7.62,7.7,7.56,7.64,29468210.0,224659008.0,7364069666.0,0.004001620209550038
2011-01-17,7.65,7.72,7.44,7.45,58697136.0,445023840.0,7364069666.0,0.007970746973104478
2011-01-18,7.46,7.48,7.4,7.44,19245460.0,143140160.0,7364069666.0,0.0026134272043699595
2011-01-19,7.45,7.57,7.42,7.55,25550568.0,191704560.0,7364069666.0,0.0034696260571742397
2011-01-20,7.55,7.58,7.4,7.43,36003536.0,269929728.0,7364069666.0,0.004889081395607753
2011-01-21,7.43,7.59,7.4,7.5,26812700.0,201196576.0,7364069666.0,0.0036410166139240322
2011-01-25,7.56,7.69,7.49,7.61,50007728.0,379732640.0,7364069666.0,0.0067907733451906755
2011-01-26,7.6,7.71,7.57,7.66,26430442.0,202404192.0,7364069666.0,0.003589108088158057
2011-01-27,7.62,7.82,7.58,7.75,55493972.0,429406176.0,7364069666.0,0.007535774988144986
2011-01-28,7.73,7.89,7.72,7.84,45046868.0,352230560.0,7364069666.0,0.006117115948533451
2011-01-31,7.84,7.93,7.84,7.85,40440976.0,318971776.0,7364069666.0,0.005491661246323685
2011-02-01,7.85,7.86,7.72,7.79,24513044.0,190532880.0,7364069666.0,0.0033287360266534448
2011-02-09,7.76,7.86,7.73,7.77,20172972.0,156995360.0,7364069666.0,0.0027393782127209986
2011-02-10,7.76,7.82,7.73,7.81,27145040.0,210870288.0,7364069666.0,0.003686146550911785
2011-02-11,7.8,7.8,7.74,7.77,40716928.0,316144256.0,7364069666.0,0.005529134004257259
2011-02-14,7.77,7.96,7.76,7.92,73281640.0,577461248.0,7364069666.0,0.00995124208810004
2011-02-15,7.97,8.14,7.92,7.98,88159256.0,708946560.0,7364069666.0,0.011971540194280395
2011-02-16,7.99,8.03,7.9,7.96,44807028.0,356030880.0,7364069666.0,0.0060845470008078
2011-02-17,7.95,8.0,7.89,7.93,38678088.0,306806816.0,7364069666.0,0.005252270789693532
2011-02-18,7.9,7.91,7.79,7.8,39004680.0,306097984.0,7364069666.0,0.005296620180018813
2011-02-21,7.8,7.89,7.8,7.87,30217978.0,237269216.0,7364069666.0,0.004103434564112936
2011-02-22,7.88,7.89,7.71,7.72,37262308.0,289347520.0,7364069666.0,0.005060015682909755
2011-02-23,7.73,7.77,7.71,7.72,24328592.0,188193584.0,7364069666.0,0.003303688463503463
2011-02-24,7.73,7.76,7.69,7.74,22926670.0,177118064.0,7364069666.0,0.003113315196602867
2011-02-25,7.75,7.8,7.71,7.77,21520366.0,166888320.0,7364069666.0,0.002922346878297444
2011-02-28,7.79,7.8,7.72,7.78,24381194.0,189196240.0,7364069666.0,0.0033108315246620046
2011-03-01,7.78,7.85,7.74,7.84,43685760.0,340135712.0,7364069666.0,0.005932284997478729
2011-03-02,7.79,7.8,7.73,7.77,27163620.0,210894624.0,7364069666.0,0.003688669612322486
2011-03-03,7.78,7.84,7.76,7.78,35961888.0,280483200.0,7364069666.0,0.0048834258271668015
2011-03-04,7.78,7.86,7.77,7.83,40247556.0,314505312.0,7364069666.0,0.005465395878290432
2011-03-07,7.85,7.98,7.83,7.96,66535324.0,527015712.0,7364069666.0,0.009035129625021666
2011-03-08,7.96,8.03,7.9,7.94,43299848.0,344915136.0,7364069666.0,0.005879880278688281
2011-03-09,7.97,7.97,7.89,7.9,36247752.0,287142016.0,7364069666.0,0.004922244579971359
2011-03-10,7.9,7.9,7.77,7.78,40667084.0,317954208.0,7364069666.0,0.005522365464270446
2011-03-11,7.76,7.81,7.73,7.75,30422460.0,236464800.0,7364069666.0,0.004131202090667457
2011-03-14,7.76,7.82,7.73,7.77,36969096.0,287499264.0,7364069666.0,0.005020199112277111
2011-03-15,7.77,7.77,7.57,7.67,57097468.0,437576512.0,7364069666.0,0.007753520891256598
2011-03-16,7.69,7.75,7.69,7.72,31011006.0,239105024.0,7364069666.0,0.004211123387816141
2011-03-17,7.71,8.23,7.67,8.01,188676064.0,1518989568.0,7364069666.0,0.025621167718051296
2011-03-18,8.0,8.03,7.88,7.95,68246712.0,543020864.0,7364069666.0,0.009267526666008594
2011-03-21,7.96,8.01,7.87,7.89,43356932.0,344247680.0,7364069666.0,0.005887631970699502
2011-03-22,7.9,8.02,7.85,7.98,49767924.0,396201120.0,7364069666.0,0.006758209286066252
2011-03-23,7.99,8.12,7.96,8.09,70569032.0,570104768.0,7364069666.0,0.009582884899340114
2011-03-24,8.09,8.24,8.06,8.09,48552744.0,394515232.0,7364069666.0,0.006593194551671424
2011-03-25,8.09,8.16,8.08,8.09,40370520.0,327823584.0,7364069666.0,0.0054820937105458396
2011-03-28,8.09,8.14,8.05,8.06,40098440.0,325377760.0,7364069666.0,0.0054451467488330525
2011-03-29,8.06,8.06,7.93,7.96,51473040.0,411718496.0,7364069666.0,0.00698975462408397
2011-03-30,7.96,8.03,7.94,7.96,36041024.0,287654528.0,7364069666.0,0.004894172059018107
2011-03-31,7.96,7.99,7.91,7.97,28417368.0,225884176.0,7364069666.0,0.0038589216681644578
2011-04-01,7.96,8.01,7.9,7.97,31497772.0,250542512.0,7364069666.0,0.004277223522942158
2011-04-06,7.95,8.1,7.94,8.09,40527100.0,325597024.0,7364069666.0,0.005503356409990812
2011-04-07,8.11,8.14,8.05,8.14,32984284.0,267247888.0,7364069666.0,0.0044790836447798485
2011-04-08,8.13,8.13,8.07,8.11,23426936.0,189718304.0,7364069666.0,0.003181248557188758
2011-04-11,8.12,8.22,8.1,8.14,46983032.0,383509152.0,7364069666.0,0.0063800363292217666
2011-04-12,8.15,8.41,8.13,8.34,105708848.0,876932160.0,7364069666.0,0.014354677887969888
2011-04-13,8.29,8.35,8.22,8.32,44746360.0,370190592.0,7364069666.0,0.0060763086213856034
2011-04-14,8.32,8.4,8.25,8.28,34168340.0,284191456.0,7364069666.0,0.0046398719118255554
2011-04-15,8.26,8.33,8.17,8.26,37788712.0,311563520.0,7364069666.0,0.00513149843957492
2011-04-18,8.26,8.43,8.23,8.36,44811912.0,374411104.0,7364069666.0,0.006085210221040839
2011-04-19,8.3,8.33,8.15,8.16,37032584.0,303845312.0,7364069666.0,0.005028820432128704
2011-04-20,8.2,8.23,8.09,8.12,48845752.0,397582976.0,7364069666.0,0.006632983420230451
2011-04-21,8.17,8.18,8.08,8.15,29242460.0,237835136.0,7364069666.0,0.003970964606026583
2011-04-22,8.16,8.18,8.09,8.18,40991232.0,333307232.0,7364069666.0,0.005566382972890251
2011-04-25,8.15,8.16,8.03,8.05,35686800.0,288338368.0,7364069666.0,0.004846070395662658
2011-04-26,8.05,8.1,7.99,8.03,30809126.0,247703440.0,7364069666.0,0.004183709198494701
2011-04-27,8.04,8.14,8.04,8.11,47449408.0,384072032.0,7364069666.0,0.0064433676149309805
2011-04-28,8.11,8.14,7.97,7.99,36911836.0,297347104.0,7364069666.0,0.005012423520437673
2011-04-29,7.99,8.31,7.99,8.23,71712624.0,587551936.0,7364069666.0,0.009738178378607425
2011-05-03,8.25,8.36,8.16,8.27,61546304.0,509879904.0,7364069666.0,0.008357648255849622
2011-05-04,8.23,8.34,8.11,8.13,47490768.0,390948320.0,7364069666.0,0.006448984074562122
2011-05-05,8.1,8.14,8.04,8.11,32469260.0,262981504.0,7364069666.0,0.004409146229280118
2011-05-06,8.07,8.34,8.04,8.27,47523000.0,390952416.0,7364069666.0,0.006453361002193431
2011-05-09,8.28,8.4,8.25,8.33,48969252.0,407947488.0,7364069666.0,0.006649754038326339
2011-05-10,8.33,8.37,8.23,8.34,44545020.0,369651328.0,7364069666.0,0.006048967761082558
2011-05-11,8.35,8.37,8.21,8.24,33164084.0,273919232.0,7364069666.0,0.004503499492015805
2011-05-12,8.2,8.34,8.14,8.23,45716584.0,377826272.0,7364069666.0,0.006208059683502728
2011-05-13,8.28,8.32,8.1,8.2,47135788.0,385785632.0,7364069666.0,0.00640077975058092
2011-05-16,8.18,8.22,8.08,8.1,28122124.0,228694464.0,7364069666.0,0.003818829163151483
2011-05-17,8.1,8.15,8.02,8.05,42026340.0,339251072.0,7364069666.0,0.005706944923950968
2011-05-18,8.05,8.1,8.02,8.08,30446128.0,245558576.0,7364069666.0,0.004134416074384813
2011-05-19,8.09,8.09,7.9,7.92,52633236.0,419374784.0,7364069666.0,0.0071473028348724476
2011-05-23,7.88,7.88,7.38,7.44,142629408.0,1076871040.0,7364069666.0,0.019368286079438076
2011-05-24,7.4,7.46,7.28,7.45,62431592.0,461951520.0,7364069666.0,0.008477865478140088
2011-05-25,7.4,7.49,7.38,7.42,28279852.0,210162640.0,7364069666.0,0.0038402477546577844
2011-05-26,7.46,7.5,7.37,7.38,24545430.0,182655840.0,7364069666.0,0.003333133866634444
2011-05-27,7.38,7.4,7.32,7.34,28314416.0,208112304.0,7364069666.0,0.003844941355012977
2011-05-30,7.32,7.38,7.28,7.31,24861508.0,182296688.0,7364069666.0,0.00337605551381268
2011-05-31,7.37,7.46,7.35,7.4,19451044.0,143979872.0,7364069666.0,0.0026413443764397976
2011-06-01,7.41,7.43,7.36,7.4,18305200.0,135337264.0,7364069666.0,0.002485745088006885
2011-06-02,7.38,7.44,7.31,7.4,27502616.0,203439552.0,7364069666.0,0.003734703397359196
2011-06-03,7.41,7.43,7.39,7.42,18335174.0,135941536.0,7364069666.0,0.0024898153917057198
2011-06-07,7.43,7.48,7.4,7.45,21566808.0,160509376.0,7364069666.0,0.002928653445468369
2011-06-08,7.45,7.45,7.38,7.43,16179484.0,119962992.0,7364069666.0,0.00219708459232819
2011-06-09,7.42,7.45,7.33,7.34,16417754.0,121697520.0,7364069666.0,0.002229440342722581
2011-06-10,7.35,7.42,7.3,7.41,23622024.0,173786864.0,7364069666.0,0.003207740430412164
2011-06-13,7.39,7.47,7.34,7.45,17737176.0,131759968.0,7364069666.0,0.0024086105651461662
2011-06-14,7.45,7.48,7.41,7.46,17473620.0,130293792.0,7364069666.0,0.0023728211155681915
2011-06-15,7.46,7.47,7.42,7.43,14924859.0,111107104.0,7364069666.0,0.002026713444728566
2011-06-16,7.4,7.42,7.36,7.36,20615760.0,152222288.0,7364069666.0,0.002799506378271137
2011-06-17,7.38,7.42,7.37,7.37,14357867.0,106123336.0,7364069666.0,0.001949719061769669
2011-06-20,7.4,7.46,7.36,7.37,19360268.0,143194768.0,7364069666.0,0.0026290174968586454
2011-06-21,7.4,7.42,7.35,7.41,22198664.0,163712816.0,7364069666.0,0.0030144560014812873
2011-06-22,7.42,7.44,7.37,7.42,24414804.0,180551936.0,7364069666.0,0.0033153955770846995
2011-06-23,7.18,7.21,7.11,7.2,17960512.0,128453504.0,7364069666.0,0.0024389383607985003
2011-06-24,7.18,7.32,7.16,7.29,30637248.0,222295232.0,7364069666.0,0.004160369115117494
2011-06-27,7.28,7.3,7.22,7.25,24567982.0,178314624.0,7364069666.0,0.003336196303713784
2011-06-28,7.27,7.27,7.19,7.22,15906789.0,114797432.0,7364069666.0,0.0021600541170111193
2011-06-29,7.23,7.25,7.17,7.19,26249804.0,188911904.0,7364069666.0,0.003564578445149109
2011-06-30,7.2,7.26,7.18,7.21,25236572.0,182162928.0,7364069666.0,0.0034269871341002602
2011-07-01,7.23,7.23,7.17,7.18,23631892.0,169831280.0,7364069666.0,0.003209080450326093
2011-07-04,7.21,7.3,7.2,7.3,39616256.0,287208064.0,7364069666.0,0.005379668824007565
2011-07-05,7.28,7.34,7.25,7.31,25894952.0,188895520.0,7364069666.0,0.003516391502861157
2011-07-06,7.3,7.31,7.22,7.27,20616210.0,149698672.0,7364069666.0,0.002799567485786466
2011-07-07,7.28,7.3,7.22,7.23,21966144.0,159313088.0,7364069666.0,0.0029828810693383247
2011-07-08,7.23,7.26,7.21,7.22,12338441.0,89237000.0,7364069666.0,0.0016754921612117187
2011-07-11,7.25,7.27,7.2,7.24,15792145.0,114358112.0,7364069666.0,0.0021444860948169092
2011-07-12,7.22,7.24,7.13,7.14,30706520.0,220138544.0,7364069666.0,0.004169775870232785
2011-07-13,7.16,7.21,7.14,7.2,22826112.0,163613376.0,7364069666.0,0.0030996599754329374
2011-07-14,7.2,7.2,7.14,7.18,23828920.0,170668944.0,7364069666.0,0.0032358357648378066
2011-07-15,7.18,7.2,7.14,7.2,17504484.0,125565000.0,7364069666.0,0.0023770122763529
2011-07-18,7.2,7.21,7.16,7.19,27592562.0,197994768.0,7364069666.0,0.0037469175675231858
2011-07-19,7.16,7.17,7.09,7.12,22460728.0,160168976.0,7364069666.0,0.0030500428456973266
2011-07-20,7.16,7.18,7.12,7.15,23835336.0,170408880.0,7364069666.0,0.0032367070222119217
2011-07-21,7.16,7.17,7.07,7.07,31108528.0,220982288.0,7364069666.0,0.004224366336949317
2011-07-22,7.1,7.11,7.06,7.07,18526448.0,131131264.0,7364069666.0,0.0025157893447880914
2011-07-25,7.06,7.06,6.76,6.79,40927956.0,282446080.0,7364069666.0,0.0055577904414681025
2011-07-26,6.81,6.83,6.73,6.74,23162506.0,156548192.0,7364069666.0,0.0031453404232365664
2011-07-27,6.72,6.73,6.65,6.72,42589416.0,284539616.0,7364069666.0,0.005783407535732023
2011-07-28,6.67,6.68,6.62,6.67,23740048.0,157724128.0,7364069666.0,0.0032237674379437353
2011-07-29,6.67,6.77,6.66,6.74,23332708.0,156479264.0,7364069666.0,0.003168452915067792
2011-08-01,6.74,6.74,6.71,6.72,15245315.0,102452936.0,7364069666.0,0.002070229600133715
2011-08-02,6.72,6.72,6.62,6.66,15334162.0,101950872.0,7364069666.0,0.0020822945321658233
2011-08-03,6.63,6.66,6.6,6.62,19840964.0,131543592.0,7364069666.0,0.002694293359500111
2011-08-04,6.66,6.69,6.63,6.68,13719989.0,91284776.0,7364069666.0,0.001863098751407168
2011-08-05,6.55,6.55,6.48,6.54,22313306.0,145701680.0,7364069666.0,0.003030023752086541
2011-08-08,6.48,6.51,6.21,6.42,38495472.0,244897888.0,7364069666.0,0.0052274725452060924
2011-08-09,6.27,6.37,6.22,6.36,27717696.0,174163504.0,7364069666.0,0.003763910073796958
2011-08-10,6.4,6.44,6.38,6.4,24195316.0,155078960.0,7364069666.0,0.003285590318585669
2011-08-11,6.32,6.44,6.3,6.43,15796672.0,100863512.0,7364069666.0,0.0021451008364211203
2011-08-12,6.44,6.53,6.43,6.47,18579752.0,120514352.0,7364069666.0,0.002523027733670547
2011-08-15,6.47,6.55,6.41,6.54,22399754.0,144794384.0,7364069666.0,0.0030417629131647057
2011-08-16,6.51,6.56,6.49,6.55,19115312.0,124987672.0,7364069666.0,0.002595753824580942
2011-08-17,6.53,6.57,6.5,6.56,10061395.0,65924716.0,7364069666.0,0.0013662818871002244
2011-08-18,6.54,6.56,6.52,6.53,16596487.0,108393888.0,7364069666.0,0.0022537112972499684
2011-08-19,6.45,6.5,6.35,6.37,17049318.0,109390536.0,7364069666.0,0.0023152032467477746
2011-08-22,6.37,6.4,6.26,6.29,10169740.0,64324964.0,7364069666.0,0.0013809945398743054
2011-08-23,6.3,6.41,6.27,6.39,10770349.0,68215728.0,7364069666.0,0.0014625539258172466
2011-08-24,6.4,6.42,6.32,6.34,9382621.0,59745580.0,7364069666.0,0.0012741081257446106
2011-08-25,6.36,6.51,6.34,6.49,19927340.0,128380152.0,7364069666.0,0.002706022743375823
2011-08-26,6.45,6.48,6.41,6.45,10746949.0,69186680.0,7364069666.0,0.001459376335020131
2011-08-29,6.4,6.42,6.31,6.32,11468234.0,72803560.0,7364069666.0,0.0015573228554516501
2011-08-30,6.36,6.43,6.32,6.34,12772060.0,81443656.0,7364069666.0,0.0017343752271884061
2011-08-31,6.35,6.38,6.29,6.32,10165777.0,64313472.0,7364069666.0,0.0013804563863559734
2011-09-01,6.32,6.38,6.25,6.3,12618346.0,79675896.0,7364069666.0,0.0017135017147188406
2011-09-02,6.28,6.31,6.17,6.18,16421538.0,102137896.0,7364069666.0,0.0022299541890292594
2011-09-05,6.17,6.17,6.06,6.08,13969097.0,85066424.0,7364069666.0,0.0018969262423596414
2011-09-06,6.05,6.1,6.0,6.05,12518479.0,75801872.0,7364069666.0,0.0016999403275335609
2011-09-07,6.06,6.15,6.03,6.12,15221952.0,92692728.0,7364069666.0,0.002067057033732304
2011-09-08,6.12,6.25,6.09,6.23,22660520.0,140173024.0,7364069666.0,0.0030771734961476394
2011-09-09,6.22,6.42,6.21,6.27,24806628.0,156976896.0,7364069666.0,0.0033686031128320943
2011-09-13,6.21,6.49,6.19,6.39,37562768.0,240106240.0,7364069666.0,0.005100816491922634
2011-09-14,6.4,6.41,6.26,6.37,19815486.0,125304576.0,7364069666.0,0.002690833587776653
2011-09-16,6.4,6.46,6.29,6.31,17910980.0,114294560.0,7364069666.0,0.002432212188688982
2011-09-19,6.28,6.29,6.22,6.23,8417658.0,52602192.0,7364069666.0,0.0011430714783789227
2011-09-20,6.24,6.36,6.2,6.34,11274493.0,71075928.0,7364069666.0,0.0015310138973907963
2011-09-21,6.32,6.49,6.29,6.44,18776076.0,120360824.0,7364069666.0,0.0025496874488693897
2011-09-22,6.4,6.43,6.28,6.3,18184078.0,115860896.0,7364069666.0,0.0024692973891808916
2011-09-23,6.24,6.33,6.19,6.25,17577652.0,109711440.0,7364069666.0,0.002386948086756462
2011-09-26,6.21,6.27,6.2,6.24,14840057.0,92646080.0,7364069666.0,0.0020151978013620273
2011-09-27,6.28,6.36,6.26,6.34,11512875.0,72652144.0,7364069666.0,0.00156338485676678
2011-09-28,6.32,6.36,6.22,6.24,13956965.0,87547968.0,7364069666.0,0.0018952787837463677
2011-09-29,6.21,6.31,6.19,6.27,17585232.0,110076048.0,7364069666.0,0.002387977408903562
2011-09-30,6.22,6.3,6.22,6.26,13842484.0,86759728.0,7364069666.0,0.0018797328960521542
2011-10-10,6.26,6.31,6.22,6.25,9729355.0,60874472.0,7364069666.0,0.0013211926884560247
2011-10-11,6.35,6.39,6.27,6.3,17445854.0,110410920.0,7364069666.0,0.002369050646077905
2011-10-12,6.27,6.44,6.26,6.42,23285712.0,148668256.0,7364069666.0,0.003162071117755773
2011-10-13,6.41,6.48,6.35,6.45,22747264.0,146002512.0,7364069666.0,0.003088952852391443
2011-10-14,6.44,6.46,6.4,6.45,13476996.0,86612928.0,7364069666.0,0.0018301016436907782
2011-10-17,6.45,6.52,6.43,6.48,12548818.0,81198840.0,7364069666.0,0.001704060196217052
2011-10-18,6.45,6.45,6.33,6.34,18031654.0,115090424.0,7364069666.0,0.002448599051588603
2011-10-19,6.34,6.43,6.33,6.38,10669872.0,68118960.0,7364069666.0,0.0014489097040000763
2011-10-20,6.33,6.39,6.22,6.25,16165855.0,101947440.0,7364069666.0,0.002195233849380588
2011-10-21,6.26,6.33,6.25,6.26,15312918.0,96099016.0,7364069666.0,0.0020794097142643733
2011-10-24,6.27,6.38,6.21,6.35,16614039.0,104620336.0,7364069666.0,0.002256094761936762
2011-10-25,6.35,6.47,6.32,6.43,20151962.0,129174440.0,7364069666.0,0.00273652517072752
2011-10-26,6.41,6.5,6.4,6.48,22740800.0,146912320.0,7364069666.0,0.0030880750768823594
2011-10-27,6.49,6.62,6.46,6.51,31015488.0,202951408.0,7364069666.0,0.004211732018668819
2011-10-28,6.54,6.59,6.46,6.52,24663344.0,160692448.0,7364069666.0,0.0033491459367733798
2011-10-31,6.5,6.57,6.47,6.56,22531684.0,146736992.0,7364069666.0,0.0030596782787144262
2011-11-01,6.51,6.62,6.5,6.53,22280400.0,146435120.0,7364069666.0,0.0030255552989767167
2011-11-02,6.5,6.7,6.47,6.67,30785184.0,202762720.0,7364069666.0,0.0041804580070902335
2011-11-03,6.68,6.69,6.6,6.6,18321226.0,121729744.0,7364069666.0,0.0024879213303194733
2011-11-04,6.66,6.67,6.6,6.64,14410707.0,95769040.0,7364069666.0,0.001956894442014096
2011-11-07,6.63,6.65,6.57,6.58,10603387.0,70052448.0,7364069666.0,0.001439881408096391
2011-11-08,6.61,6.8,6.59,6.72,44502892.0,299464800.0,7364069666.0,0.006043247011291922
2011-11-09,6.73,6.8,6.67,6.74,16025734.0,107685296.0,7364069666.0,0.0021762061912573983
2011-11-10,6.67,6.71,6.62,6.64,21879596.0,145676656.0,7364069666.0,0.0029711283288123094
2011-11-11,6.64,6.68,6.62,6.64,8660971.0,57534664.0,7364069666.0,0.0011761120403284355
2011-11-14,6.68,6.81,6.68,6.77,14894152.0,100750776.0,7364069666.0,0.0020225436036769833
2011-11-15,6.78,6.84,6.78,6.81,16195459.0,110230872.0,7364069666.0,0.0021992539091223746
2011-11-16,6.8,6.8,6.63,6.65,20683862.0,138189056.0,7364069666.0,0.0028087542538465715
2011-11-17,6.67,6.79,6.66,6.73,16592139.0,111846336.0,7364069666.0,0.00225312086285741
2011-11-18,6.69,6.75,6.56,6.6,18184116.0,120576960.0,7364069666.0,0.0024693025493710747
2011-11-21,6.6,6.63,6.56,6.62,7436289.0,49088400.0,7364069666.0,0.0010098069867988128
2011-11-22,6.6,6.69,6.56,6.67,12499047.0,82926632.0,7364069666.0,0.0016973015692271698
2011-11-23,6.68,6.68,6.61,6.63,12471743.0,82892856.0,7364069666.0,0.001693593836785954
2011-11-24,6.6,6.63,6.55,6.56,8976451.0,59101372.0,7364069666.0,0.0012189524824085226
2011-11-25,6.57,6.6,6.53,6.54,7630432.0,50046788.0,7364069666.0,0.0010361705342400273
2011-11-28,6.56,6.61,6.5,6.52,11995198.0,78427416.0,7364069666.0,0.0016288816570247803
2011-11-29,6.54,6.63,6.52,6.62,10532885.0,69432920.0,7364069666.0,0.0014303076257725343
2011-11-30,6.58,6.64,6.51,6.51,17540630.0,114899608.0,7364069666.0,0.002381920703573094
2011-12-01,6.66,6.7,6.52,6.57,23859156.0,157813024.0,7364069666.0,0.003239941646690011
2011-12-02,6.59,6.6,6.44,6.44,20395344.0,132376400.0,7364069666.0,0.0027695751024960497
2011-12-05,6.47,6.47,6.3,6.33,12022957.0,76327632.0,7364069666.0,0.0016326511759537175
2011-12-06,6.33,6.38,6.3,6.36,14556569.0,92386672.0,7364069666.0,0.001976701696238407
2011-12-07,6.33,6.37,6.28,6.34,10885967.0,68977768.0,7364069666.0,0.0014782542118335251
2011-12-08,6.34,6.37,6.3,6.34,19869588.0,125874880.0,7364069666.0,0.0026981803406529586
2011-12-09,6.32,6.41,6.32,6.4,10210888.0,65047560.0,7364069666.0,0.0013865822110760025
2011-12-12,6.39,6.41,6.32,6.32,10268732.0,65317788.0,7364069666.0,0.0013944371068908897
2011-12-13,6.32,6.42,6.31,6.39,29420136.0,187483440.0,7364069666.0,0.003995092025790186
2011-12-14,6.39,6.49,6.33,6.47,21178118.0,136676992.0,7364069666.0,0.002875871489616622
2011-12-15,6.45,6.47,6.41,6.44,17295078.0,111341888.0,7364069666.0,0.0023485760977861995
2011-12-16,6.42,6.46,6.36,6.39,15473707.0,98937472.0,7364069666.0,0.0021012439726693917
2011-12-19,6.37,6.44,6.2,6.42,16308612.0,103051968.0,7364069666.0,0.002214619461749128
2011-12-20,6.39,6.44,6.36,6.37,12016395.0,76695552.0,7364069666.0,0.0016317600925857402
2011-12-21,6.4,6.44,6.36,6.39,7883148.0,50384272.0,7364069666.0,0.0010704879716709622
2011-12-22,6.33,6.43,6.33,6.4,12631727.0,80583072.0,7364069666.0,0.0017153187806357724
2011-12-23,6.4,6.45,6.38,6.41,10345274.0,66341644.0,7364069666.0,0.001404831087864942
2011-12-26,6.37,6.41,6.33,6.35,7538701.0,47951492.0,7364069666.0,0.0010237139709318986
2011-12-27,6.38,6.39,6.32,6.34,7967235.0,50604572.0,7364069666.0,0.0010819065219853665
2011-12-28,6.33,6.38,6.32,6.34,11095659.0,70477672.0,7364069666.0,0.0015067292276210794
2011-12-29,6.35,6.4,6.32,6.36,9852918.0,62658080.0,7364069666.0,0.0013379718616040588
2012-01-04,6.36,6.4,6.29,6.29,13036357.0,82586648.0,7364069666.0,0.0017702653004749561
2012-01-05,6.3,6.31,6.23,6.24,14666315.0,91903552.0,7364069666.0,0.0019916045970768794
2012-01-06,6.26,6.28,6.19,6.22,13588308.0,84718784.0,7364069666.0,0.0018452171986825959
2012-01-09,6.22,6.3,6.17,6.29,20389330.0,127153040.0,7364069666.0,0.0027687584345022953
2012-01-10,6.29,6.41,6.25,6.4,33987624.0,215643264.0,7364069666.0,0.004615331676847284
2012-01-11,6.4,6.43,6.34,6.38,17016432.0,108469120.0,7364069666.0,0.0023107375095275206
2012-01-12,6.38,6.43,6.38,6.41,15622281.0,100117448.0,7364069666.0,0.0021214195015194196
2012-01-13,6.41,6.44,6.34,6.35,16974796.0,108420960.0,7364069666.0,0.002305083570620311
2012-01-16,6.35,6.44,6.32,6.36,14344105.0,91428360.0,7364069666.0,0.0019478502581564252
2012-01-17,6.36,6.55,6.34,6.53,20279590.0,130735704.0,7364069666.0,0.002753856348430694
2012-01-18,6.53,6.58,6.46,6.48,20184556.0,131487232.0,7364069666.0,0.0027409512559600493
2012-01-19,6.52,6.65,6.48,6.56,18192670.0,119763912.0,7364069666.0,0.002470464135340243
2012-01-20,6.59,6.6,6.5,6.57,14901146.0,97534528.0,7364069666.0,0.002023493350259677
2012-01-30,6.58,6.58,6.4,6.45,18452766.0,119169552.0,7364069666.0,0.0025057837360225755
2012-01-31,6.47,6.49,6.44,6.49,8949269.0,57866160.0,7364069666.0,0.0012152613168936852
2012-02-01,6.48,6.49,6.43,6.44,10276076.0,66367980.0,7364069666.0,0.0013954343815410614
2012-02-02,6.46,6.5,6.43,6.48,10789073.0,69717504.0,7364069666.0,0.001465096541632853
2012-02-03,6.48,6.55,6.42,6.52,15169595.0,98356640.0,7364069666.0,0.002059947242220997
2012-02-06,6.51,6.53,6.43,6.47,20290624.0,131058480.0,7364069666.0,0.0027553547047065646
2012-02-07,6.44,6.47,6.32,6.33,14082436.0,90198656.0,7364069666.0,0.0019123170527593973
2012-02-08,6.35,6.53,6.33,6.47,16989356.0,109337128.0,7364069666.0,0.002307060738227405
2012-02-09,6.46,6.49,6.38,6.41,24095512.0,154685440.0,7364069666.0,0.003272037486452535
2012-02-10,6.39,6.45,6.38,6.4,20511634.0,131425128.0,7364069666.0,0.002785366642401886
2012-02-13,6.37,6.44,6.35,6.39,14192503.0,90783392.0,7364069666.0,0.0019272635436254713
2012-02-14,6.4,6.43,6.38,6.4,11070662.0,70957056.0,7364069666.0,0.0015033347730417845
2012-02-15,6.38,6.46,6.37,6.44,13704992.0,88108496.0,7364069666.0,0.0018610622416129652
2012-02-16,6.43,6.49,6.41,6.48,20418680.0,131763008.0,7364069666.0,0.0027727440024465405
2012-02-17,6.5,6.51,6.43,6.45,13317284.0,86165848.0,7364069666.0,0.0018084136359391143
2012-02-20,6.51,6.51,6.42,6.44,15657945.0,101134536.0,7364069666.0,0.0021262624758009723
2012-02-21,6.47,6.47,6.41,6.44,13501478.0,86889032.0,7364069666.0,0.0018334261641136408
2012-02-22,6.44,6.47,6.41,6.47,21820730.0,140330944.0,7364069666.0,0.0029631346510403857
2012-02-23,6.46,6.52,6.43,6.5,29511108.0,191123760.0,7364069666.0,0.004007445521089127
2012-02-24,6.5,6.54,6.49,6.53,33860916.0,220481360.0,7364069666.0,0.004598125430064339
2012-02-27,6.54,6.61,6.53,6.56,51236704.0,336419648.0,7364069666.0,0.006957661500211016
2012-02-28,6.56,6.62,6.54,6.58,37177232.0,244117616.0,7364069666.0,0.005048462831856105
2012-02-29,6.58,6.61,6.52,6.53,25160844.0,165229168.0,7364069666.0,0.0034167036898317144
2012-03-01,6.51,6.58,6.5,6.56,18727800.0,122588128.0,7364069666.0,0.002543131834624879
2012-03-02,6.57,6.66,6.55,6.66,49979564.0,329868736.0,7364069666.0,0.006786948829497942
2012-03-05,6.65,6.67,6.61,6.65,27417300.0,182170240.0,7364069666.0,0.0037231179556307037
2012-03-06,6.65,6.68,6.57,6.66,39513656.0,262506096.0,7364069666.0,0.00536573631051252
2012-03-07,6.63,6.7,6.61,6.68,39165772.0,261252224.0,7364069666.0,0.005318495584150819
2012-03-08,6.69,6.71,6.63,6.7,22410404.0,149697328.0,7364069666.0,0.0030432091243608288
2012-03-09,6.7,6.8,6.67,6.78,25552320.0,172027616.0,7364069666.0,0.0034698639691005877
2012-03-12,6.75,6.82,6.74,6.74,26631586.0,180263456.0,7364069666.0,0.0036164223327433145
2012-03-13,6.74,6.82,6.72,6.8,22532742.0,152718960.0,7364069666.0,0.003059821949272689
2012-03-14,6.8,6.82,6.59,6.68,39466176.0,265259472.0,7364069666.0,0.0053592887886729015
2012-03-15,6.67,6.71,6.6,6.63,24321238.0,162420320.0,7364069666.0,0.003302689830908506
2012-03-16,6.63,6.77,6.6,6.72,15454052.0,102839776.0,7364069666.0,0.002098574932194293
2012-03-19,6.67,6.72,6.65,6.66,13607307.0,90864880.0,7364069666.0,0.0018477971579797924
2012-03-20,6.66,6.73,6.64,6.69,15525870.0,103753848.0,7364069666.0,0.002108327420051868
2012-03-21,6.7,6.71,6.63,6.69,11888651.0,79268032.0,7364069666.0,0.0016144131627230589
2012-03-22,6.66,6.69,6.64,6.66,9028349.0,60221708.0,7364069666.0,0.001225999944254194
2012-03-23,6.66,6.67,6.56,6.62,10502292.0,69539480.0,7364069666.0,0.001426153265291502
2012-03-26,6.62,6.63,6.52,6.6,5766677.0,37890704.0,7364069666.0,0.0007830828959460852
2012-03-27,6.59,6.63,6.57,6.62,5995762.0,39575688.0,7364069666.0,0.0008141913740553687
2012-03-28,6.62,6.62,6.48,6.5,15283286.0,99953840.0,7364069666.0,0.0020753858522771884
2012-03-29,6.48,6.52,6.44,6.48,13377003.0,86550416.0,7364069666.0,0.0018165231464012063
2012-03-30,6.5,6.54,6.46,6.52,9355050.0,60642080.0,7364069666.0,0.001270364136177633
2012-04-05,6.47,6.54,6.44,6.51,16226224.0,105068384.0,7364069666.0,0.002203431626253711
2012-04-06,6.5,6.5,6.45,6.46,10918171.0,70601304.0,7364069666.0,0.0014826273372194358
2012-04-09,6.45,6.46,6.38,6.38,6815238.0,43723172.0,7364069666.0,0.0009254716901261863
2012-04-10,6.4,6.45,6.35,6.44,11428283.0,72975808.0,7364069666.0,0.0015518977302407286
2012-04-11,6.39,6.43,6.35,6.41,8103097.0,51775976.0,7364069666.0,0.0011003558314245856
2012-04-12,6.41,6.49,6.4,6.49,9987651.0,64418124.0,7364069666.0,0.001356267859077041
2012-04-13,6.49,6.5,6.44,6.47,13453567.0,87040120.0,7364069666.0,0.0018269201148537859
2012-04-16,6.46,6.48,6.41,6.46,7195203.0,46418988.0,7364069666.0,0.0009770688391529403
2012-04-17,6.47,6.5,6.43,6.48,9987430.0,64712024.0,7364069666.0,0.0013562378484972904
2012-04-18,6.5,6.56,6.47,6.52,14511790.0,94630512.0,7364069666.0,0.001970620955285243
2012-04-19,6.55,6.55,6.47,6.52,7944022.0,51700724.0,7364069666.0,0.0010787543247557322
2012-04-20,6.51,6.54,6.47,6.51,13785494.0,89698080.0,7364069666.0,0.001871993968721914
2012-04-23,6.51,6.54,6.49,6.5,9776809.0,63630756.0,7364069666.0,0.001327636679639201
2012-04-24,6.52,6.55,6.48,6.52,18666628.0,121483584.0,7364069666.0,0.002534825014785513
2012-04-25,6.53,6.55,6.48,6.53,19035342.0,124055640.0,7364069666.0,0.00258489434013456
2012-04-26,6.52,6.54,6.46,6.48,19975376.0,129644712.0,7364069666.0,0.0027125457669454917
2012-04-27,6.47,6.5,6.43,6.48,13281781.0,85900880.0,7364069666.0,0.0018035925245686018
2012-05-02,6.52,6.68,6.52,6.67,32978328.0,218636176.0,7364069666.0,0.004478274852865847
2012-05-03,6.65,6.67,6.6,6.64,9101957.0,60394604.0,7364069666.0,0.0012359955042283
2012-05-04,6.64,6.69,6.6,6.64,14496910.0,96538080.0,7364069666.0,0.001968600333445026
2012-05-07,6.65,6.86,6.64,6.7,34392292.0,232067104.0,7364069666.0,0.004670283356876651
2012-05-08,6.71,6.75,6.65,6.68,32297520.0,216293824.0,7364069666.0,0.004385824885540946
2012-05-09,6.65,6.69,6.61,6.66,23558844.0,156453520.0,7364069666.0,0.003199160935259952
2012-05-10,6.68,6.7,6.64,6.68,13948750.0,93103160.0,7364069666.0,0.0018941632321054145
2012-05-11,6.65,6.7,6.64,6.68,14856948.0,99220880.0,7364069666.0,0.002017491505898527
2012-05-14,6.7,6.7,6.62,6.65,12458064.0,83029488.0,7364069666.0,0.0016917363041144267
2012-05-15,6.63,6.74,6.6,6.71,24903472.0,165610544.0,7364069666.0,0.0033817539933088405
2012-05-16,6.67,6.72,6.66,6.69,16762834.0,112208272.0,7364069666.0,0.0022763003013665404
2012-05-17,6.68,6.78,6.65,6.74,17719724.0,119072360.0,7364069666.0,0.0024062406799072234
2012-05-18,6.76,6.77,6.68,6.75,21988088.0,147996032.0,7364069666.0,0.002985860943374731
2012-05-21,6.73,6.75,6.66,6.72,14121444.0,94884720.0,7364069666.0,0.001917614123777085
2012-05-22,6.71,6.81,6.7,6.79,14053733.0,94737008.0,7364069666.0,0.0019084193438427474
2012-05-23,6.76,6.78,6.73,6.75,10014761.0,67551440.0,7364069666.0,0.0013599492473894258
2012-05-24,6.73,6.76,6.7,6.71,5934075.0,39935848.0,7364069666.0,0.0008058146200595707
2012-05-28,6.68,6.78,6.65,6.76,13948211.0,93604432.0,7364069666.0,0.001894090038881498
2012-05-29,6.74,6.83,6.7,6.81,18341100.0,124224912.0,7364069666.0,0.0024906201097853655
2012-05-30,6.83,6.84,6.74,6.81,13305725.0,90247424.0,7364069666.0,0.0018068439875620263
2012-05-31,6.8,6.92,6.79,6.9,19762064.0,135720400.0,7364069666.0,0.002683579175145734
2012-06-01,6.89,6.96,6.87,6.88,9350135.0,64577420.0,7364069666.0,0.00126969670631576
2012-06-04,6.84,6.85,6.75,6.78,15017848.0,102107184.0,7364069666.0,0.0020393408374906595
2012-06-05,6.8,6.96,6.77,6.88,16038643.0,109857160.0,7364069666.0,0.0021779591621804736
2012-06-06,6.87,6.88,6.76,6.78,12132712.0,82683592.0,7364069666.0,0.0016475552989424964
2012-06-07,6.82,6.83,6.74,6.79,9327713.0,63184524.0,7364069666.0,0.0012666519225186265
2012-06-08,6.8,6.85,6.75,6.79,8637705.0,58818156.0,7364069666.0,0.00117295264599144
2012-06-11,6.84,6.89,6.8,6.86,8073321.0,55277616.0,7364069666.0,0.0010963124150324952
2012-06-12,6.83,6.91,6.8,6.86,9523578.0,65197776.0,7364069666.0,0.001293249308051834
2012-06-13,6.85,6.92,6.81,6.92,10664653.0,73514304.0,7364069666.0,0.0014482009926167366
2012-06-14,6.92,6.97,6.88,6.92,11492211.0,79762944.0,7364069666.0,0.0015605787996628656
2012-06-15,6.95,7.14,6.93,7.02,26391274.0,186098768.0,7364069666.0,0.003583789290023808
2012-06-18,7.02,7.06,6.96,6.96,8108170.0,56738872.0,7364069666.0,0.0011010447168140628
2012-06-19,6.96,6.99,6.85,6.87,11235267.0,77641256.0,7364069666.0,0.0015256872231767938
2012-06-20,6.87,6.93,6.83,6.83,9510049.0,65300056.0,7364069666.0,0.0012914121445520828
2012-06-21,6.85,6.86,6.75,6.8,15593599.0,105914400.0,7364069666.0,0.0021175246442868183
2012-06-25,6.8,6.84,6.74,6.76,11363729.0,77238608.0,7364069666.0,0.0015431316534750446
2012-06-26,6.78,6.83,6.71,6.75,10413901.0,70463208.0,7364069666.0,0.0014141502555415938
2012-06-27,6.77,6.8,6.73,6.75,8349193.0,56511824.0,7364069666.0,0.0011337743094077893
2012-06-28,6.78,6.83,6.74,6.8,9292425.0,63159032.0,7364069666.0,0.0012618600069609933
2012-06-29,6.8,6.86,6.78,6.8,14223677.0,96905976.0,7364069666.0,0.0019314968006985175
2012-07-02,6.58,6.7,6.5,6.61,10441617.0,68361968.0,7364069666.0,0.0014179139353079552
2012-07-03,6.62,6.68,6.59,6.62,5640058.0,37379248.0,7364069666.0,0.0007658887348717269
2012-07-04,6.62,6.7,6.61,6.68,6560460.0,43745256.0,7364069666.0,0.0008908742444805655
2012-07-05,6.7,6.77,6.62,6.67,15087060.0,100879352.0,7364069666.0,0.0020487394449372393
2012-07-06,6.7,6.81,6.67,6.74,31285436.0,211413520.0,7364069666.0,0.004248389466553425
2012-07-09,6.75,6.81,6.69,6.74,14520626.0,97872200.0,7364069666.0,0.0019718208352973504
2012-07-10,6.75,6.76,6.66,6.68,8651480.0,58017400.0,7364069666.0,0.0011748232149329046
2012-07-11,6.67,6.76,6.63,6.74,9786033.0,65383788.0,7364069666.0,0.00132888924790897
2012-07-12,6.7,6.75,6.64,6.7,17645132.0,117995120.0,7364069666.0,0.002396111498166264
2012-07-13,6.71,6.75,6.66,6.7,7576309.0,50738480.0,7364069666.0,0.001028820929679673
2012-07-16,6.71,6.74,6.62,6.66,11339747.0,75604672.0,7364069666.0,0.0015398750302914367
2012-07-17,6.66,6.69,6.63,6.66,5641454.0,37574448.0,7364069666.0,0.0007660783039637257
2012-07-18,6.66,6.67,6.6,6.63,7110403.0,47216404.0,7364069666.0,0.0009655534673753588
2012-07-19,6.63,6.67,6.61,6.65,8939529.0,59348648.0,7364069666.0,0.0012139386786730053
2012-07-20,6.62,6.65,6.5,6.54,12171762.0,79842672.0,7364069666.0,0.0016528580733282813
2012-07-23,6.52,6.54,6.44,6.5,9244562.0,60019088.0,7364069666.0,0.0012553604758361067
2012-07-24,6.48,6.59,6.44,6.56,13060190.0,84708752.0,7364069666.0,0.0017735016902812662
2012-07-25,6.52,6.54,6.46,6.47,8125489.0,52797012.0,7364069666.0,0.001103396541387364
2012-07-26,6.46,6.52,6.46,6.48,5991870.0,38900168.0,7364069666.0,0.0008136628619450109
2012-07-27,6.5,6.56,6.48,6.55,7499329.0,48917884.0,7364069666.0,0.0010183674707240338
2012-07-30,6.56,6.58,6.52,6.54,7889037.0,51742144.0,7364069666.0,0.0010712876653549029
2012-07-31,6.56,6.62,6.54,6.58,8789089.0,57836220.0,7364069666.0,0.001193509757326079
2012-08-01,6.59,6.61,6.56,6.58,7213470.0,47457364.0,7364069666.0,0.000979549396891868
2012-08-02,6.58,6.6,6.52,6.59,6455968.0,42353784.0,7364069666.0,0.0008766848078321806
2012-08-03,6.58,6.62,6.56,6.59,8430174.0,55601452.0,7364069666.0,0.001144771082071944
2012-08-06,6.59,6.62,6.55,6.57,13857835.0,91155016.0,7364069666.0,0.0018818174770917492
2012-08-07,6.57,6.59,6.54,6.56,7229819.0,47477704.0,7364069666.0,0.0009817695008210153
2012-08-08,6.55,6.6,6.55,6.56,8316495.0,54722900.0,7364069666.0,0.001129334101549495
2012-08-09,6.57,6.59,6.53,6.55,10198114.0,66791412.0,7364069666.0,0.001384847572407526
2012-08-10,6.57,6.6,6.55,6.58,11508241.0,75712432.0,7364069666.0,0.0015627555851533683
2012-08-13,6.57,6.62,6.56,6.6,12346232.0,81381584.0,7364069666.0,0.0016765501359937841
2012-08-14,6.61,6.64,6.56,6.59,14073353.0,92962872.0,7364069666.0,0.0019110836315110982
2012-08-15,6.56,6.59,6.51,6.53,5941379.0,38812436.0,7364069666.0,0.000806806462930602
2012-08-16,6.52,6.56,6.5,6.51,4756370.0,31023404.0,7364069666.0,0.0006458887837468755
2012-08-17,6.49,6.53,6.48,6.49,6381657.0,41517032.0,7364069666.0,0.0008665937843396823
2012-08-20,6.46,6.51,6.46,6.49,4777005.0,30997400.0,7364069666.0,0.0006486909028109132
2012-08-21,6.49,6.52,6.46,6.51,9193790.0,59664884.0,7364069666.0,0.0012484659185732368
2012-08-22,6.52,6.52,6.47,6.52,6565528.0,42652424.0,7364069666.0,0.0008915624508976502
2012-08-23,6.52,6.55,6.47,6.5,12505468.0,81420536.0,7364069666.0,0.0016981735055736774
2012-08-24,6.48,6.54,6.48,6.51,10330841.0,67313648.0,7364069666.0,0.0014028711661566184
2012-08-27,6.51,6.55,6.47,6.51,11640119.0,75738400.0,7364069666.0,0.0015806638893902066
2012-08-28,6.5,6.56,6.47,6.53,8238984.0,53785688.0,7364069666.0,0.0011188085357257673
2012-08-29,6.52,6.56,6.51,6.54,6738707.0,43994820.0,7364069666.0,0.0009150792028913975
2012-08-30,6.51,6.55,6.49,6.54,8747831.0,57106728.0,7364069666.0,0.0011879071487317459
2012-08-31,6.51,6.52,6.42,6.47,10111902.0,65275368.0,7364069666.0,0.0013731404588262894
2012-09-03,6.44,6.46,6.37,6.37,13463494.0,86146648.0,7364069666.0,0.0018282681466419467
2012-09-04,6.36,6.4,6.31,6.37,9276472.0,58933452.0,7364069666.0,0.0012596936776453358
2012-09-05,6.36,6.37,6.24,6.35,8754177.0,55293068.0,7364069666.0,0.0011887689004923653
2012-09-06,6.35,6.37,6.25,6.33,10609629.0,66793560.0,7364069666.0,0.0014407290372312456
2012-09-07,6.34,6.51,6.3,6.45,40064336.0,257344512.0,7364069666.0,0.005440515613937974
2012-09-10,6.43,6.46,6.4,6.46,15329427.0,98611216.0,7364069666.0,0.002081651545310082
2012-09-11,6.45,6.45,6.32,6.38,17026662.0,108513264.0,7364069666.0,0.00231212668704267
2012-09-12,6.41,6.41,6.28,6.3,23281284.0,147465648.0,7364069666.0,0.003161469819804934
2012-09-13,6.31,6.39,6.29,6.35,10600466.0,67201104.0,7364069666.0,0.0014394847524246655
2012-09-14,6.37,6.43,6.31,6.38,12393796.0,79071296.0,7364069666.0,0.0016830090645695965
2012-09-17,6.37,6.45,6.34,6.37,15872493.0,101770112.0,7364069666.0,0.0021553969095761674
2012-09-18,6.35,6.39,6.32,6.33,8583568.0,54524072.0,7364069666.0,0.0011656011403083867
2012-09-19,6.33,6.39,6.32,6.34,8986046.0,57082856.0,7364069666.0,0.0012202554304298185
2012-09-20,6.32,6.34,6.24,6.24,13586442.0,85276608.0,7364069666.0,0.0018449638061856977
2012-09-21,6.23,6.3,6.23,6.27,13817849.0,86550688.0,7364069666.0,0.0018763875990740796
2012-09-24,6.25,6.26,6.13,6.16,10785514.0,66803948.0,7364069666.0,0.0014646132490838389
2012-09-25,6.18,6.21,6.13,6.19,7521156.0,46351872.0,7364069666.0,0.0010213314568064543
2012-09-26,6.16,6.26,6.16,6.26,10214580.0,63535896.0,7364069666.0,0.0013870835642906586
2012-09-27,6.26,6.5,6.23,6.38,14107680.0,89680000.0,7364069666.0,0.001915745048574884
2012-09-28,6.33,6.47,6.3,6.46,18814846.0,120303056.0,7364069666.0,0.002554952200801192
2012-10-08,6.45,6.53,6.35,6.4,9490064.0,60841264.0,7364069666.0,0.001288698291899076
2012-10-09,6.45,6.55,6.41,6.47,18619152.0,121066728.0,7364069666.0,0.0025283780361238096
2012-10-10,6.45,6.47,6.41,6.44,10103063.0,65016488.0,7364069666.0,0.0013719401714307464
2012-10-11,6.5,6.51,6.45,6.49,9355607.0,60639564.0,7364069666.0,0.0012704397737021626
2012-10-12,6.51,6.55,6.48,6.52,7379721.0,48111552.0,7364069666.0,0.0010021253647385035
2012-10-15,6.5,6.53,6.45,6.52,6955106.0,45179600.0,7364069666.0,0.0009444649922463132
2012-10-16,6.52,6.54,6.45,6.46,7355998.0,47641504.0,7364069666.0,0.0009989039123248294
2012-10-17,6.49,6.5,6.41,6.41,13492155.0,86995744.0,7364069666.0,0.0018321601521904993
2012-10-18,6.45,6.5,6.43,6.46,15846795.0,102571560.0,7364069666.0,0.002151907263067438
2012-10-19,6.45,6.49,6.42,6.43,11191331.0,72260840.0,7364069666.0,0.001519720956969013
2012-10-22,6.43,6.49,6.42,6.47,8370458.0,54150652.0,7364069666.0,0.0011366619789932879
2012-10-23,6.47,6.49,6.42,6.46,4319287.0,27893166.0,7364069666.0,0.0005865353256966322
2012-10-24,6.47,6.5,6.45,6.47,7472401.0,48400656.0,7364069666.0,0.0010147107970067376
2012-10-25,6.49,6.5,6.44,6.46,8109966.0,52506976.0,7364069666.0,0.0011012886036974652
2012-10-26,6.45,6.48,6.37,6.43,11688203.0,75208976.0,7364069666.0,0.0015871934310948438
2012-10-29,6.4,6.44,6.38,6.4,7661848.0,49130844.0,7364069666.0,0.0010404366535768728
2012-10-30,6.4,6.46,6.36,6.38,10636791.0,67978528.0,7364069666.0,0.001444417486856513
2012-10-31,6.42,6.45,6.38,6.42,11499241.0,73761392.0,7364069666.0,0.0015615334348467855
2012-11-01,6.42,6.5,6.4,6.46,13652357.0,88150600.0,7364069666.0,0.0018539146992366327
2012-11-02,6.46,6.55,6.46,6.53,14418915.0,93875520.0,7364069666.0,0.0019580090430936998
2012-11-05,6.53,6.56,6.51,6.54,12122557.0,79258512.0,7364069666.0,0.0016461763060132354
2012-11-06,6.55,6.57,6.45,6.5,10113278.0,65687124.0,9745941480.0,0.0010376912298061531
2012-11-07,6.48,6.52,6.45,6.48,11103141.0,71924128.0,9745941480.0,0.0011392579180559577
2012-11-08,6.45,6.48,6.42,6.43,6745106.0,43419712.0,9745941480.0,0.0006920938335041182
2012-11-09,6.42,6.44,6.39,6.41,7111420.0,45601732.0,9745941480.0,0.0007296801457913125
2012-11-12,6.41,6.45,6.4,6.45,7820680.0,50306836.0,9745941480.0,0.000802455054347402
2012-11-13,6.45,6.45,6.38,6.38,6166071.0,39437464.0,9745941480.0,0.0006326808972384677
2012-11-14,6.4,6.43,6.35,6.37,8271788.0,52719792.0,9745941480.0,0.000848741808780079
2012-11-15,6.35,6.38,6.3,6.32,10698470.0,67845112.0,9745941480.0,0.0010977359162226367
2012-11-16,6.32,6.36,6.24,6.28,10520191.0,66286216.0,9745941480.0,0.0010794432761153825
2012-11-19,6.28,6.4,6.25,6.35,8575347.0,53971584.0,9745941480.0,0.0008798890304849234
2012-11-20,6.33,6.36,6.3,6.31,7898402.0,50007352.0,9745941480.0,0.0008104298611076823
2012-11-21,6.32,6.39,6.3,6.36,9799999.0,62228688.0,9745941480.0,0.0010055466698739093
2012-11-22,6.36,6.39,6.34,6.38,8243804.0,52518640.0,9745941480.0,0.0008458704597105789
2012-11-23,6.4,6.45,6.36,6.43,10059624.0,64505528.0,9745941480.0,0.0010321859638336348
2012-11-26,6.39,6.45,6.38,6.44,7671431.0,49305464.0,9745941480.0,0.0007871410900365882
2012-11-27,6.43,6.46,6.39,6.41,9506362.0,61061112.0,9745941480.0,0.0009754175129727949
2012-11-28,6.41,6.41,6.36,6.37,8995191.0,57476816.0,9745941480.0,0.0009229678854997598
2012-11-29,6.37,6.39,6.26,6.31,12635752.0,80089840.0,9745941480.0,0.0012965142491292694
2012-11-30,6.3,6.38,6.3,6.36,9792219.0,62007176.0,9745941480.0,0.001004748388864736
2012-12-03,6.35,6.39,6.32,6.36,8710803.0,55406356.0,9745941480.0,0.0008937877390168774
2012-12-04,6.36,6.42,6.35,6.38,9995694.0,63907744.0,9745941480.0,0.0010256263102454007
2012-12-05,6.39,6.5,6.33,6.48,28739138.0,185174976.0,9745941480.0,0.0029488313734467447
2012-12-06,6.48,6.5,6.4,6.44,15444175.0,99731120.0,9745941480.0,0.0015846775841711703
2012-12-07,6.44,6.51,6.42,6.5,19732248.0,127662672.0,9745941480.0,0.0020246630908356327
2012-12-10,6.54,6.62,6.49,6.55,29037040.0,190079904.0,9745941480.0,0.0029793981484075153
2012-12-11,6.52,6.62,6.52,6.61,18894198.0,124143304.0,9745941480.0,0.001938673450766503
2012-12-12,6.59,6.66,6.54,6.58,13296409.0,87577600.0,9745941480.0,0.001364302158727922
2012-12-13,6.57,6.6,6.53,6.57,11021388.0,72360752.0,9745941480.0,0.0011308695032303847
2012-12-14,6.59,6.78,6.57,6.76,33691788.0,226147440.0,9745941480.0,0.003457007008418852
2012-12-17,6.78,6.86,6.71,6.76,24390876.0,165686816.0,9745941480.0,0.002502670065283421
2012-12-18,6.76,6.79,6.68,6.74,28601086.0,192544864.0,9745941480.0,0.002934666297626897
2012-12-19,6.74,6.77,6.7,6.74,20024968.0,134825136.0,9745941480.0,0.002054698157288751
2012-12-20,6.73,6.77,6.69,6.75,13390283.0,90077144.0,9745941480.0,0.0013739342707401521
2012-12-21,6.76,6.77,6.7,6.7,18168008.0,122176280.0,9745941480.0,0.0018641614088575464
2012-12-24,6.73,6.75,6.66,6.68,18792304.0,126046008.0,9745941480.0,0.001928218432109855
2012-12-25,6.69,6.88,6.68,6.88,34436088.0,233970720.0,9745941480.0,0.0035333772597206277
2012-12-26,6.86,6.87,6.78,6.83,43150172.0,294068224.0,9745941480.0,0.004427501651692659
2012-12-27,6.85,6.86,6.78,6.83,19790560.0,135089552.0,9745941480.0,0.00203064629934552
2012-12-28,6.85,6.87,6.8,6.85,25795852.0,176547776.0,9745941480.0,0.002646830175713306
2012-12-31,6.85,6.94,6.8,6.87,32441364.0,222920976.0,9745941480.0,0.0033287049862318688
2013-01-04,6.9,6.94,6.84,6.91,34632184.0,239027168.0,9745941480.0,0.00355349804542434
2013-01-07,6.91,6.95,6.86,6.87,15010990.0,103647840.0,9745941480.0,0.0015402298516571844
2013-01-08,6.88,6.92,6.8,6.84,20866836.0,142976496.0,9745941480.0,0.002141079550171894
2013-01-09,6.84,6.87,6.76,6.79,29468954.0,200791616.0,9745941480.0,0.0030237154676615195
2013-01-10,6.79,6.89,6.76,6.88,37623552.0,255858000.0,9745941480.0,0.0038604327839653722
2013-01-11,6.85,6.87,6.71,6.85,38383404.0,261065728.0,9745941480.0,0.003938398776430986
2013-01-14,6.82,7.02,6.81,7.0,48881752.0,337406976.0,9745941480.0,0.005015600811918686
2013-01-15,7.0,7.06,6.9,6.99,39825912.0,278541024.0,9745941480.0,0.0040864099257858465
2013-01-16,6.96,7.04,6.94,6.99,28245952.0,197477152.0,9745941480.0,0.0028982271295148387
2013-01-17,7.02,7.38,7.02,7.22,60300884.0,436432544.0,9745941480.0,0.006187281559585149
2013-01-18,7.28,7.42,7.23,7.39,65855240.0,483720640.0,9745941480.0,0.006757196329892184
2013-01-21,7.47,7.62,7.38,7.42,59434708.0,445281440.0,9745941480.0,0.006098406000279001
2013-01-22,7.42,7.46,7.29,7.35,31319904.0,230240288.0,9745941480.0,0.003213635549143478
2013-01-23,7.35,7.41,7.29,7.33,18752396.0,137748160.0,9745941480.0,0.001924123599395961
2013-01-24,7.37,7.41,7.22,7.3,33397308.0,244247360.0,9745941480.0,0.0034267913539739415
2013-01-25,7.31,7.35,7.28,7.32,12355485.0,90419856.0,9745941480.0,0.0012677569453248964
2013-01-28,7.37,7.4,7.33,7.38,17828464.0,131173648.0,9745941480.0,0.0018293218809682407
2013-01-29,7.39,7.43,7.27,7.33,29714428.0,217550400.0,9745941480.0,0.003048902772603145
2013-01-30,7.33,7.38,7.27,7.28,29908288.0,218496720.0,9745941480.0,0.00306879412947183
2013-01-31,7.33,7.6,7.32,7.55,46499468.0,347498720.0,9745941480.0,0.00477116224178272
2013-02-01,7.54,7.75,7.46,7.7,52011264.0,398382656.0,9745941480.0,0.00533671006610641
2013-02-04,7.73,7.86,7.57,7.57,42646176.0,328849824.0,9745941480.0,0.004375788228106619
2013-02-05,7.59,7.77,7.57,7.75,36576512.0,280655328.0,9745941480.0,0.0037529993459390234
2013-02-06,7.78,7.78,7.55,7.59,31172180.0,237676912.0,9745941480.0,0.0031984780602232797
2013-02-07,7.6,7.71,7.55,7.6,25216076.0,191988080.0,9745941480.0,0.0025873412077988384
2013-02-08,7.62,7.7,7.61,7.65,21579728.0,165202400.0,9745941480.0,0.002214227126674682
2013-02-18,7.69,7.69,7.54,7.63,18008164.0,137459520.0,9745941480.0,0.0018477603253575046
2013-02-19,7.66,7.67,7.48,7.48,21119126.0,159280160.0,9745941480.0,0.0021669662231544613
2013-02-20,7.51,7.61,7.48,7.57,18846176.0,142418976.0,9745941480.0,0.0019337460663677204
2013-02-21,7.5,7.53,7.26,7.34,32759584.0,241284832.0,9745941480.0,0.0033613565264297074
2013-02-22,7.32,7.38,7.25,7.3,15511312.0,113619104.0,9745941480.0,0.001591566297810358
2013-02-25,7.32,7.39,7.27,7.28,16979960.0,124529896.0,9745941480.0,0.0017422595892705895
2013-02-26,7.27,7.28,7.1,7.16,34292932.0,246778240.0,9745941480.0,0.003518688478724582
2013-02-27,7.18,7.21,7.03,7.1,25345586.0,180373680.0,9745941480.0,0.002600629816217612
2013-02-28,7.11,7.34,7.08,7.27,28250292.0,203812384.0,9745941480.0,0.002898672443085509
2013-03-01,7.29,7.32,7.1,7.2,21245436.0,153025632.0,9745941480.0,0.0021799264897699754
2013-03-04,7.2,7.28,7.11,7.15,25888180.0,186529392.0,9745941480.0,0.002656303657591837
2013-03-05,7.21,7.21,7.01,7.17,32938160.0,234133952.0,9745941480.0,0.0033796796407605766
2013-03-06,7.19,7.35,7.14,7.3,26422424.0,192252320.0,9745941480.0,0.002711120732073183
2013-03-07,7.27,7.33,7.2,7.28,24412656.0,177482736.0,9745941480.0,0.0025049048416818528
2013-03-08,7.3,7.33,7.24,7.26,11677225.0,84987784.0,9745941480.0,0.0011981628479878785
2013-03-11,7.24,7.28,7.19,7.22,16081062.0,116115320.0,9745941480.0,0.0016500265298124896
2013-03-12,7.23,7.35,7.13,7.16,26997160.0,195677104.0,9745941480.0,0.0027700925616475176
2013-03-13,7.16,7.18,7.1,7.13,17546156.0,125162200.0,9745941480.0,0.0018003551566574767
2013-03-14,7.1,7.18,7.07,7.11,13939108.0,99402056.0,9745941480.0,0.0014302474551694108
2013-03-15,7.1,7.33,7.08,7.29,36483412.0,263854912.0,9745941480.0,0.003743446651600457
2013-03-18,7.28,7.34,7.15,7.19,21306144.0,154093408.0,9745941480.0,0.002186155544205053
2013-03-19,7.25,7.46,7.2,7.45,35198420.0,259306784.0,9745941480.0,0.003611597717083768
2013-03-20,7.43,7.54,7.38,7.53,30014484.0,224497216.0,9745941480.0,0.0030796905626402347
2013-03-21,7.52,7.52,7.44,7.46,16371205.0,122488224.0,9745941480.0,0.0016797971785071709
2013-03-22,7.44,7.59,7.43,7.51,16196426.0,121866912.0,9745941480.0,0.0016618636622472312
2013-03-25,7.58,7.58,7.38,7.41,16671722.0,124122304.0,9745941480.0,0.001710632270285292
2013-03-26,7.38,7.45,7.31,7.37,20029168.0,147492560.0,9745941480.0,0.002055129105905528
2013-03-27,7.38,7.51,7.35,7.39,10999739.0,81763824.0,9745941480.0,0.001128648168324524
2013-03-28,7.39,7.51,7.29,7.38,25108458.0,185497888.0,9745941480.0,0.002576298867741611
2013-03-29,7.4,7.5,7.36,7.43,17921826.0,133461616.0,9745941480.0,0.0018389014582919495
2013-04-01,7.37,7.42,7.32,7.36,10726958.0,78953632.0,9745941480.0,0.00110065897912615
2013-04-02,7.35,7.42,7.33,7.4,10110874.0,74500640.0,9745941480.0,0.0010374445630264549
2013-04-03,7.43,7.46,7.32,7.33,10399853.0,76693952.0,9745941480.0,0.0010670957773902003
2013-04-08,7.25,7.34,7.21,7.28,17221024.0,125104888.0,9745941480.0,0.001766994398164599
2013-04-09,7.27,7.34,7.21,7.27,15462491.0,112305256.0,9745941480.0,0.001586556930567574
2013-04-10,7.25,7.27,7.14,7.18,16269801.0,116842392.0,9745941480.0,0.0016693924371891467
2013-04-11,7.2,7.24,7.12,7.16,11303021.0,81007208.0,9745941480.0,0.0011597669679420239
2013-04-12,7.15,7.18,7.07,7.07,13552411.0,96450096.0,9745941480.0,0.00139056970820227
2013-04-15,7.1,7.14,7.05,7.08,10760041.0,76193200.0,9745941480.0,0.0011040535203377807
2013-04-16,7.11,7.12,7.05,7.08,14703022.0,104210864.0,9745941480.0,0.001508630236511537
2013-04-17,7.1,7.11,7.02,7.08,12249925.0,86310104.0,9745941480.0,0.0012569257700898897
2013-04-18,7.05,7.11,7.02,7.1,11289904.0,79852376.0,9745941480.0,0.0011584210743691024
2013-04-19,7.1,7.21,7.06,7.17,16333566.0,117029728.0,9745941480.0,0.0016759351606531502
2013-04-22,7.16,7.19,7.08,7.13,11448813.0,81617088.0,9745941480.0,0.0011747262204985043
2013-04-23,7.12,7.12,6.94,6.99,20426730.0,142840272.0,9745941480.0,0.0020959216759015467
2013-04-24,7.01,7.09,6.97,7.04,12684081.0,89053560.0,9745941480.0,0.001301473133819802
2013-04-25,7.04,7.14,6.96,7.14,18011688.0,127572816.0,9745941480.0,0.0018481219117683436
2013-04-26,7.14,7.17,7.05,7.13,16584791.0,118169800.0,9745941480.0,0.0017017125573793206
2013-05-02,7.08,7.18,7.08,7.13,12071809.0,86177776.0,9745941480.0,0.0012386498548932392
2013-05-03,7.16,7.28,7.11,7.22,12583858.0,90704216.0,9745941480.0,0.0012911895711485433
2013-05-06,7.22,7.28,7.15,7.18,15963181.0,115038776.0,9745941480.0,0.0016379311360281224
2013-05-07,7.26,7.49,7.26,7.44,42377092.0,314650272.0,9745941480.0,0.004348178376297823
2013-05-08,7.46,7.5,7.35,7.4,17583400.0,130459560.0,9745941480.0,0.0018041766448201576
2013-05-09,7.42,7.42,7.32,7.4,18700516.0,138049792.0,9745941480.0,0.0019188003579106243
2013-05-10,7.38,7.46,7.38,7.42,11947708.0,88504568.0,9745941480.0,0.001225916246728787
2013-05-13,7.42,7.44,7.35,7.41,15518603.0,115008688.0,9745941480.0,0.0015923144040877208
2013-05-14,7.38,7.44,7.31,7.38,12622560.0,93000600.0,9745941480.0,0.001295160660045334
2013-05-15,7.38,7.43,7.33,7.41,7029521.0,51900840.0,9745941480.0,0.0007212767503709657
2013-05-16,7.43,7.51,7.36,7.47,15202194.0,113468488.0,9745941480.0,0.0015598486848291645
2013-05-17,7.47,7.6,7.42,7.57,20522438.0,154803920.0,9745941480.0,0.0021057419688097698
2013-05-20,7.56,7.83,7.56,7.78,38468320.0,299100448.0,9745941480.0,0.003947111736607719
2013-05-21,7.75,7.87,7.72,7.82,18451850.0,144036720.0,9745941480.0,0.0018932855320202477
2013-05-22,7.82,7.82,7.66,7.67,14080708.0,108756424.0,9745941480.0,0.0014447765799636219
2013-05-23,7.67,7.67,7.47,7.57,18749054.0,142175872.0,9745941480.0,0.0019237806874251825
2013-05-24,7.65,7.67,7.45,7.51,18539076.0,139624608.0,9745941480.0,0.0019022355139362071
2013-05-27,7.53,7.57,7.49,7.5,9032095.0,67903888.0,9745941480.0,0.0009267544873458444
2013-05-28,7.51,7.58,7.45,7.56,20094518.0,150970048.0,9745941480.0,0.0020618344611689583
2013-05-29,7.55,7.68,7.54,7.64,12938633.0,98757600.0,9745941480.0,0.0013275919034145484
2013-05-30,7.64,7.67,7.53,7.59,11713603.0,89405104.0,9745941480.0,0.0012018954786500525
2013-05-31,7.62,7.65,7.55,7.56,7764481.0,58849148.0,9745941480.0,0.0007966886540344792
2013-06-03,7.55,7.7,7.53,7.64,17794992.0,135988368.0,9745941480.0,0.0018258874257061515
2013-06-04,7.6,7.65,7.53,7.59,12433680.0,94294424.0,9745941480.0,0.0012757802851079709
2013-06-05,7.57,7.66,7.51,7.57,12037958.0,91434736.0,9745941480.0,0.0012351765116488263
2013-06-06,7.54,7.57,7.39,7.45,15365246.0,114808040.0,9745941480.0,0.0015765789309869732
2013-06-07,7.43,7.5,7.36,7.37,14381163.0,106824800.0,9745941480.0,0.001475605310119305
2013-06-13,7.33,7.33,7.0,7.17,31098924.0,221545040.0,9745941480.0,0.003190961495492173
2013-06-14,7.16,7.17,7.06,7.15,22014036.0,156440160.0,9745941480.0,0.0022587900866402493
2013-06-17,7.14,7.16,7.09,7.12,8245128.0,58764352.0,9745941480.0,0.0008460063111316773
2013-06-18,7.12,7.17,7.05,7.14,13549536.0,96453568.0,9745941480.0,0.0013902747136134046
2013-06-19,7.13,7.13,7.0,7.05,16907472.0,118979648.0,9745941480.0,0.0017348218265722645
2013-06-20,7.03,7.06,6.92,6.99,19486910.0,136527344.0,9745941480.0,0.0019994897404206455
2013-06-21,6.93,6.98,6.78,6.84,59586560.0,410624928.0,9745941480.0,0.0061139870501254025
2013-06-24,6.88,6.92,6.68,6.71,31619644.0,214923904.0,9745941480.0,0.0032443909154274953
2013-06-25,6.64,6.79,6.56,6.73,35120596.0,235034368.0,9745941480.0,0.0036036124444285087
2013-06-26,6.73,6.82,6.64,6.72,25330634.0,169643120.0,9745941480.0,0.002599095639141884
2013-06-27,6.75,6.88,6.74,6.83,22198460.0,151056240.0,9745941480.0,0.002277713245616574
2013-06-28,6.85,7.03,6.8,6.92,26129436.0,181259216.0,9745941480.0,0.002681058166994042
2013-07-01,6.65,6.66,6.56,6.59,12798439.0,84597656.0,9745941480.0,0.001313207043800144
2013-07-02,6.56,6.76,6.54,6.75,13793888.0,92216960.0,9745941480.0,0.0014153468937102627
2013-07-03,6.71,7.04,6.71,6.97,34029876.0,235010352.0,9745941480.0,0.0034916971407876747
2013-07-04,7.0,7.08,6.92,7.01,23143644.0,162229488.0,9745941480.0,0.0023746955640451886
2013-07-05,6.97,7.01,6.91,6.94,14024266.0,97300672.0,9745941480.0,0.001438985246195014
2013-07-08,6.9,6.93,6.76,6.78,16772493.0,114658928.0,9745941480.0,0.001720972061490359
2013-07-09,6.77,7.01,6.72,6.97,44990296.0,312558816.0,9745941480.0,0.004616310911811467
2013-07-10,6.94,7.02,6.91,6.96,11299180.0,78665872.0,9745941480.0,0.0011593728551712995
2013-07-11,6.98,7.12,6.97,7.07,34418448.0,242461024.0,9745941480.0,0.0035315672755301627
2013-07-12,7.03,7.11,6.95,7.0,23911160.0,168447712.0,9745941480.0,0.0024534479351296084
2013-07-15,7.04,7.06,6.9,6.96,18661170.0,130146808.0,9745941480.0,0.0019147631902259278
2013-07-16,6.94,7.05,6.91,7.03,16911910.0,117930688.0,9745941480.0,0.0017352771956106595
2013-07-17,7.02,7.16,6.97,7.08,29652864.0,210534720.0,9745941480.0,0.0030425858867356957
2013-07-18,7.04,7.14,7.01,7.08,16644221.0,118055960.0,9745941480.0,0.0017078104803067214
2013-07-19,7.08,7.14,6.91,6.95,24961468.0,175398272.0,9745941480.0,0.002561216692222535
2013-07-22,6.9,7.09,6.9,7.08,14093459.0,99520208.0,9745941480.0,0.0014460849194427956
2013-07-23,7.12,7.17,7.04,7.09,19900226.0,141555808.0,9745941480.0,0.002041898778156833
2013-07-24,7.08,7.15,6.95,6.99,22204000.0,155880032.0,9745941480.0,0.0022782816873634665
2013-07-25,7.01,7.03,6.88,6.97,15158878.0,105472032.0,9745941480.0,0.0015554041680947996
2013-07-26,6.91,7.0,6.9,6.98,10916322.0,76031328.0,9745941480.0,0.0011200890157612561
2013-07-29,6.91,6.96,6.79,6.83,10560576.0,72512424.0,9745941480.0,0.0010835870522793248
2013-07-30,6.88,6.98,6.84,6.92,11436479.0,79110600.0,9745941480.0,0.0011734606680605679
2013-07-31,6.94,6.99,6.89,6.9,7461603.0,51750464.0,9745941480.0,0.0007656113075696408
2013-08-01,6.96,7.06,6.93,7.03,13108418.0,91874368.0,9745941480.0,0.0013450130012477768
2013-08-02,7.07,7.11,6.95,6.98,14212213.0,99965160.0,9745941480.0,0.0014582698889753646
2013-08-05,6.98,7.03,6.91,7.01,12521516.0,87483848.0,9745941480.0,0.0012847928571801768
2013-08-06,6.96,7.06,6.93,6.99,15137555.0,105766512.0,9745941480.0,0.001553216283010146
2013-08-07,6.98,7.02,6.93,6.95,11335721.0,79113968.0,9745941480.0,0.0011631222107440769
2013-08-08,6.95,7.0,6.9,6.9,14931498.0,103662288.0,9745941480.0,0.0015320734308369765
2013-08-09,6.95,6.97,6.82,6.82,21571344.0,148248864.0,9745941480.0,0.002213366871150144
2013-08-12,6.87,6.98,6.81,6.97,18370282.0,126510432.0,9745941480.0,0.0018849160994551754
2013-08-13,6.96,6.97,6.92,6.96,8917379.0,61887740.0,9745941480.0,0.0009149838441262629
2013-08-14,6.98,6.99,6.85,6.88,18167474.0,125714024.0,9745941480.0,0.0018641066168191274
2013-08-15,6.9,6.96,6.85,6.86,19441600.0,134604896.0,9745941480.0,0.001994840625700125
2013-08-16,6.88,7.55,6.8,6.81,35988916.0,249781872.0,9745941480.0,0.003692707992742842
2013-08-19,6.87,6.87,6.68,6.75,30125908.0,203319056.0,9745941480.0,0.0030911234242297133
2013-08-20,6.75,6.77,6.6,6.64,31184992.0,207965216.0,9745941480.0,0.003199792658718078
2013-08-21,6.66,6.67,6.61,6.66,14863601.0,98773736.0,9745941480.0,0.001525106736019515
2013-08-22,6.64,6.7,6.6,6.61,15927079.0,105742048.0,9745941480.0,0.0016342268248464797
2013-08-23,6.64,6.66,6.54,6.62,11675911.0,77150064.0,9745941480.0,0.0011980280226349153
2013-08-26,6.63,6.7,6.58,6.7,12658190.0,84083832.0,9745941480.0,0.0012988165408109962
2013-08-27,6.67,6.68,6.61,6.64,15164087.0,100544248.0,9745941480.0,0.0015559386469864171
2013-08-28,6.61,6.66,6.57,6.63,13895183.0,91864208.0,9745941480.0,0.0014257404508856131
2013-08-29,6.66,6.66,6.58,6.63,11962216.0,79113872.0,9745941480.0,0.0012274048663793126
2013-08-30,6.6,6.7,6.58,6.7,17461408.0,116095192.0,9745941480.0,0.001791659434425416
2013-09-02,6.71,6.73,6.61,6.71,17910458.0,119571016.0,9745941480.0,0.0018377350240358719
2013-09-03,6.72,6.76,6.67,6.75,19014376.0,127765184.0,9745941480.0,0.0019510045324015223
2013-09-04,6.73,6.75,6.68,6.74,12689217.0,85046496.0,9745941480.0,0.001302000122414033
2013-09-05,6.7,6.76,6.68,6.76,10987169.0,73834384.0,9745941480.0,0.001127358400678597
2013-09-06,6.74,6.76,6.7,6.72,8421652.0,56571560.0,9745941480.0,0.0008641188762812067
2013-09-09,6.71,6.85,6.68,6.82,27677044.0,186943536.0,9745941480.0,0.0028398532924496897
2013-09-10,6.8,6.88,6.76,6.84,20633804.0,140789536.0,9745941480.0,0.002117168879204064
2013-09-11,6.84,6.91,6.82,6.91,29640244.0,203880640.0,9745941480.0,0.0030412909887490933
2013-09-12,6.89,6.93,6.8,6.93,39415184.0,270255936.0,9745941480.0,0.004044266434483044
2013-09-13,6.91,6.92,6.83,6.87,24832892.0,170938736.0,9745941480.0,0.0025480239185675883
2013-09-16,6.89,6.93,6.85,6.85,13129192.0,90534800.0,9745941480.0,0.001347144555191809
2013-09-17,6.86,6.88,6.81,6.84,16547368.0,113233736.0,9745941480.0,0.0016978727025970199
2013-09-18,6.86,6.93,6.83,6.88,16739307.0,115313872.0,9745941480.0,0.001717566951776936
2013-09-23,6.89,7.0,6.89,6.97,25573314.0,177530176.0,9745941480.0,0.0026239962606465395
2013-09-24,6.93,6.94,6.8,6.81,15000249.0,103088656.0,9745941480.0,0.0015391277518731828
2013-09-25,6.82,6.86,6.8,6.8,8469148.0,57825264.0,9745941480.0,0.0008689922894960785
2013-09-26,6.8,6.8,6.65,6.69,15586160.0,104313128.0,9745941480.0,0.0015992462125885862
2013-09-27,6.66,6.69,6.62,6.63,10143007.0,67518560.0,9745941480.0,0.0010407416277652428
2013-09-30,6.63,6.72,6.61,6.65,9238108.0,61435520.0,9745941480.0,0.000947892824819219
2013-10-08,6.63,6.74,6.61,6.73,11123459.0,74150824.0,9745941480.0,0.0011413426832930255
2013-10-09,6.69,6.7,6.6,6.66,12252809.0,81506544.0,9745941480.0,0.001257221688140077
2013-10-10,6.67,6.67,6.61,6.62,10755406.0,71280984.0,9745941480.0,0.0011035779377571227
2013-10-11,6.64,6.69,6.63,6.68,8975517.0,59865692.0,9745941480.0,0.0009209491990505981
2013-10-14,6.71,6.73,6.66,6.71,9866642.0,66034176.0,9745941480.0,0.0010123846957472188
2013-10-15,6.72,6.73,6.67,6.72,9290712.0,62322244.0,9745941480.0,0.000953290353637543
2013-10-16,6.7,6.77,6.69,6.71,13102968.0,88180688.0,9745941480.0,0.0013444537941141013
2013-10-17,6.72,6.75,6.64,6.65,9792484.0,65446360.0,9745941480.0,0.0010047755796703183
2013-10-18,6.66,6.66,6.56,6.58,16523290.0,109010712.0,9745941480.0,0.001695402135741123
2013-10-21,6.58,6.61,6.5,6.56,21246952.0,139209984.0,9745941480.0,0.0021800820416992693
2013-10-22,6.57,6.59,6.45,6.49,26246330.0,171115312.0,9745941480.0,0.0026930522878534664
2013-10-23,6.5,6.54,6.35,6.37,38030368.0,245026288.0,9745941480.0,0.0039021748774136903
2013-10-24,6.39,6.4,6.31,6.32,24346956.0,154370032.0,9745941480.0,0.002498163574033691
2013-10-25,6.31,6.36,6.3,6.32,21754530.0,137592816.0,9745941480.0,0.0022321630028913327
2013-10-28,6.35,6.4,6.31,6.38,10794697.0,68744136.0,9745941480.0,0.0011076094620670756
2013-10-29,6.38,6.44,6.37,6.42,22547344.0,144506208.0,9745941480.0,0.0023135111211441423
2013-10-30,6.41,6.68,6.38,6.56,52248960.0,342755168.0,9745941480.0,0.005361099295252489
2013-10-31,6.52,6.52,6.43,6.46,17554026.0,113300680.0,9745941480.0,0.0018011626722798668
2013-11-01,6.44,6.64,6.44,6.55,18490864.0,120892984.0,9745941480.0,0.0018972886342428562
2013-11-04,6.58,6.61,6.44,6.49,12281207.0,80043936.0,9745941480.0,0.0012601355164303736
2013-11-05,6.46,6.51,6.43,6.45,14530929.0,93756360.0,9745941480.0,0.001490972322152708
2013-11-06,6.43,6.49,6.35,6.36,23179690.0,148361328.0,9745941480.0,0.0023783941292452745
2013-11-07,6.37,6.4,6.29,6.37,21219704.0,135089632.0,9745941480.0,0.002177286211244519
2013-11-08,6.35,6.39,6.3,6.33,21917322.0,139067776.0,9745941480.0,0.0022488665712776267
2013-11-11,6.32,6.35,6.29,6.32,15165996.0,95842776.0,9745941480.0,0.001556134523393424
2013-11-12,6.3,6.38,6.3,6.33,20164888.0,127635128.0,9745941480.0,0.002069054902636251
2013-11-13,6.32,6.33,6.24,6.25,21251394.0,133480904.0,9745941480.0,0.0021805378211649184
2013-11-14,6.28,6.33,6.26,6.31,17955704.0,113300064.0,9745941480.0,0.0018423775719203271
2013-11-15,6.33,6.43,6.3,6.39,28504270.0,181810448.0,9745941480.0,0.0029247323163692955
2013-11-18,6.46,6.58,6.42,6.56,38161992.0,248089904.0,9745941480.0,0.003915680396636242
2013-11-19,6.56,6.59,6.52,6.57,17812500.0,116855032.0,9745941480.0,0.0018276838657972324
2013-11-20,6.62,6.65,6.52,6.57,15704332.0,103097056.0,9745941480.0,0.0016113714649556873
2013-11-21,6.54,6.57,6.48,6.52,11261003.0,73336720.0,9745941480.0,0.0011554556348516059
2013-11-22,6.57,6.57,6.49,6.53,8926642.0,58279568.0,9745941480.0,0.0009159342910398842
2013-11-25,6.47,6.56,6.46,6.47,9235373.0,60108048.0,9745941480.0,0.0009476121951842461
2013-11-26,6.46,6.5,6.45,6.49,9255675.0,59972516.0,9745941480.0,0.0009496953187122975
2013-11-27,6.48,6.56,6.46,6.51,6551644.0,42667224.0,9745941480.0,0.0006722433141472137
2013-11-28,6.51,6.61,6.5,6.57,17518952.0,115194960.0,9745941480.0,0.001797563840902521
2013-11-29,6.59,6.6,6.54,6.57,15319471.0,100638656.0,9745941480.0,0.0015718821040981666
2013-12-02,6.55,6.7,6.51,6.66,57999696.0,386239456.0,9745941480.0,0.005951163991598275
2013-12-03,6.65,6.68,6.6,6.65,26161520.0,173843104.0,9745941480.0,0.0026843502039989677
2013-12-04,6.64,6.68,6.6,6.64,34854176.0,231534144.0,9745941480.0,0.003576275937170926
2013-12-05,6.64,6.65,6.56,6.61,18990604.0,125294584.0,9745941480.0,0.001948565363230562
2013-12-06,6.58,6.61,6.53,6.59,17691404.0,116201488.0,9745941480.0,0.0018152585911074032
2013-12-09,6.59,6.62,6.57,6.6,11961309.0,78973696.0,9745941480.0,0.0012273118019994515
2013-12-10,6.61,6.63,6.58,6.62,9512262.0,62892480.0,9745941480.0,0.0009760228931725537
2013-12-11,6.58,6.62,6.58,6.62,16079836.0,106260712.0,9745941480.0,0.001649900733859116
2013-12-12,6.62,6.62,6.48,6.5,34364188.0,225034112.0,9745941480.0,0.003525999829828652
2013-12-13,6.45,6.48,6.35,6.38,22950276.0,147141024.0,9745941480.0,0.0023548546897287546
2013-12-16,6.38,6.41,6.3,6.32,21227456.0,134730816.0,9745941480.0,0.002178081619262914
2013-12-17,6.32,6.35,6.29,6.32,20496252.0,129474976.0,9745941480.0,0.0021030551067909757
2013-12-18,6.31,6.33,6.26,6.3,19364448.0,121760664.0,9745941480.0,0.00198692430482355
2013-12-19,6.3,6.36,6.26,6.29,18368794.0,115822704.0,9745941480.0,0.00188476342051666
2013-12-20,6.25,6.3,6.22,6.25,26241440.0,164162208.0,9745941480.0,0.0026925505405353614
2013-12-23,6.25,6.27,6.18,6.21,14115034.0,87813952.0,9745941480.0,0.001448298661444456
2013-12-24,6.24,6.28,6.2,6.23,9777799.0,61050344.0,9745941480.0,0.0010032687986138
2013-12-25,6.26,6.3,6.22,6.29,6253194.0,39271508.0,9745941480.0,0.0006416203106526349
2013-12-26,6.26,6.33,6.25,6.27,5545790.0,34840276.0,9745941480.0,0.0005690358403424356
2013-12-27,6.28,6.39,6.25,6.37,12546389.0,79276640.0,9745941480.0,0.0012873449964528208
2013-12-30,6.38,6.38,6.24,6.25,18407896.0,115736136.0,9745941480.0,0.0018887755521388582
2013-12-31,6.23,6.34,6.23,6.32,12491443.0,78446344.0,9745941480.0,0.0012817071624772367
2014-01-02,6.3,6.31,6.26,6.28,9316026.0,58527260.0,9745941480.0,0.0009558877425149489
2014-01-03,6.25,6.27,6.16,6.18,23383834.0,145065296.0,9745941480.0,0.002399340694584183
2014-01-06,6.18,6.18,5.99,6.05,27423396.0,165689776.0,9745941480.0,0.002813827279414364
2014-01-07,6.0,6.04,5.94,6.01,18046186.0,107994264.0,9745941480.0,0.0018516616416211027
2014-01-08,6.01,6.05,5.93,5.99,17696024.0,105859600.0,9745941480.0,0.0018157326345858585
2014-01-09,5.99,5.99,5.88,5.9,24545856.0,145450160.0,9745941480.0,0.002518572069242509
2014-01-10,5.88,5.97,5.88,5.96,11898058.0,70636648.0,9745941480.0,0.0012208218184375965
2014-01-13,5.97,5.98,5.9,5.96,9848774.0,58462468.0,9745941480.0,0.0010105513172032714
2014-01-14,5.96,6.04,5.95,6.0,11684448.0,70050568.0,9745941480.0,0.0011989039770019222
2014-01-15,6.0,6.0,5.93,5.97,5014820.0,29859928.0,9745941480.0,0.0005145547005685489
2014-01-16,5.98,6.01,5.92,5.99,15492609.0,92286608.0,9745941480.0,0.0015896472425771225
2014-01-17,5.96,5.98,5.9,5.96,12046399.0,71471872.0,9745941480.0,0.0012360426157617356
2014-01-20,5.94,5.99,5.88,5.96,10164217.0,60411496.0,9745941480.0,0.001042917918279969
2014-01-21,5.96,6.07,5.94,6.05,13642697.0,82118856.0,9745941480.0,0.001399833666967596
2014-01-22,6.05,6.11,6.02,6.08,13723047.0,83270808.0,9745941480.0,0.0014080781244338028
2014-01-23,6.13,6.23,6.07,6.1,17712040.0,108943072.0,9745941480.0,0.0018173759853111697
2014-01-24,6.1,6.15,6.06,6.11,14579987.0,89128824.0,9745941480.0,0.0014960060072102958
2014-01-27,6.08,6.09,5.99,6.02,13092647.0,78859152.0,9745941480.0,0.0013433947891917774
2014-01-28,6.02,6.05,5.92,5.99,24059034.0,143649904.0,9745941480.0,0.0024686208150718346
2014-01-29,6.0,6.03,5.97,6.02,22641898.0,135862048.0,9745941480.0,0.0023232130057895648
2014-01-30,6.0,6.04,5.96,6.03,12434554.0,74501224.0,9745941480.0,0.001275869963462986
2014-02-07,6.01,6.01,5.95,6.0,9242245.0,55258500.0,9745941480.0,0.0009483173092067448
2014-02-10,6.02,6.07,5.99,6.07,24063756.0,145133712.0,9745941480.0,0.0024691053244452685
2014-02-11,6.05,6.09,6.01,6.08,24224662.0,146475184.0,9745941480.0,0.002485615376381267
2014-02-12,6.08,6.08,6.01,6.04,15448113.0,93255704.0,9745941480.0,0.0015850816498028059
2014-02-13,6.04,6.04,5.97,5.99,27492480.0,164755440.0,9745941480.0,0.002820915768519472
2014-02-14,5.98,6.03,5.98,6.01,17178194.0,103072128.0,9745941480.0,0.001762599748341604
2014-02-17,6.03,6.03,5.99,6.02,21855540.0,131165504.0,9745941480.0,0.0022425273171248305
2014-02-18,6.0,6.01,5.93,5.94,25453818.0,151601328.0,9745941480.0,0.0026117351568583397
2014-02-19,5.93,6.0,5.93,5.97,19660416.0,117272960.0,9745941480.0,0.002017292638206976
2014-02-20,5.97,6.08,5.96,6.06,34915016.0,210618720.0,9745941480.0,0.003582518535705388
2014-02-21,6.05,6.08,5.95,5.98,23083216.0,138791552.0,9745941480.0,0.0023684952395178964
2014-02-24,5.95,5.97,5.9,5.92,17118408.0,101553128.0,9745941480.0,0.0017564652973885906
2014-02-25,5.93,5.94,5.86,5.87,32649196.0,193009968.0,9745941480.0,0.0033500299654990336
2014-02-26,5.85,5.92,5.83,5.86,17268698.0,101182016.0,9745941480.0,0.0017718860753922771
2014-02-27,5.86,5.97,5.85,5.93,21381388.0,126132544.0,9745941480.0,0.0021938760912814347
2014-02-28,5.93,6.0,5.85,5.97,22388204.0,132310880.0,9745941480.0,0.0022971822728408173
2014-03-03,5.93,5.99,5.9,5.95,25640810.0,152170880.0,9745941480.0,0.0026309218101317803
2014-03-04,5.91,5.92,5.85,5.86,23608398.0,138556352.0,9745941480.0,0.0024223824910551382
2014-03-05,5.87,5.87,5.78,5.82,49405580.0,288157088.0,9745941480.0,0.005069349133830424
2014-03-06,5.8,5.81,5.73,5.76,19085416.0,109932136.0,9745941480.0,0.001958293720433872
2014-03-07,5.76,5.79,5.72,5.73,18433346.0,106011272.0,9745941480.0,0.0018913868955429025
2014-03-10,5.72,5.72,5.55,5.57,28994592.0,162989680.0,9745941480.0,0.0029750426943872844
2014-03-11,5.56,5.62,5.55,5.59,21528552.0,120362048.0,9745941480.0,0.0022089761203860623
2014-03-12,5.59,5.65,5.54,5.64,16878672.0,94448944.0,9745941480.0,0.0017318667503429335
2014-03-13,5.62,5.7,5.58,5.66,28093868.0,158675440.0,9745941480.0,0.0028826222748877003
2014-03-14,5.62,5.65,5.58,5.6,18766156.0,105286296.0,9745941480.0,0.0019255354691499749
2014-03-17,5.6,5.66,5.58,5.64,17247696.0,96960472.0,9745941480.0,0.0017697311270947627
2014-03-18,5.64,5.7,5.61,5.67,16473863.0,93310024.0,9745941480.0,0.001690330588769347
2014-03-19,5.68,5.78,5.64,5.75,25283884.0,144185152.0,9745941480.0,0.002594298770609897
2014-03-20,5.73,5.76,5.66,5.67,13686749.0,78291048.0,9745941480.0,0.0014043537023167103
2014-03-21,5.67,5.81,5.66,5.78,23688560.0,135809920.0,9745941480.0,0.0024306076584404033
2014-03-24,5.78,5.82,5.75,5.81,27981296.0,161871088.0,9745941480.0,0.0028710716206763022
2014-03-25,5.8,5.9,5.77,5.82,30697436.0,178934192.0,9745941480.0,0.003149766091146281
2014-03-26,5.82,5.84,5.79,5.8,13278441.0,77212512.0,9745941480.0,0.0013624585195026228
2014-03-27,5.78,5.81,5.7,5.73,20108628.0,115814888.0,9745941480.0,0.0020632822433077035
2014-03-28,5.73,5.82,5.7,5.79,13110728.0,75559320.0,9745941480.0,0.0013452500229870045
2014-03-31,5.77,5.81,5.74,5.77,11707638.0,67656856.0,9745941480.0,0.001201283429007415
2014-04-01,5.76,5.82,5.74,5.77,8168810.0,47218560.0,9745941480.0,0.0008381755643375769
2014-04-02,5.79,5.89,5.76,5.89,16409683.0,95888504.0,9745941480.0,0.0016837452834777334
2014-04-03,5.89,5.92,5.82,5.82,12363695.0,72635992.0,9745941480.0,0.0012685993472638828
2014-04-04,5.82,5.9,5.8,5.87,11073172.0,64887064.0,9745941480.0,0.0011361828944616236
2014-04-08,5.88,5.96,5.85,5.93,19490888.0,115113928.0,9745941480.0,0.0019998979103248216
2014-04-09,5.94,5.96,5.89,5.91,10932281.0,64848276.0,9745941480.0,0.001121726517898197
2014-04-10,5.91,5.99,5.89,5.98,20093808.0,119295288.0,9745941480.0,0.00206176161033136
2014-04-11,5.97,6.08,5.96,6.07,27845448.0,168017104.0,9745941480.0,0.002857132690273449
2014-04-14,6.06,6.09,5.98,6.01,11778794.0,70791464.0,9745941480.0,0.001208584519430133
2014-04-15,6.0,6.0,5.94,5.96,11391725.0,67932840.0,9745941480.0,0.0011688686027283635
2014-04-16,5.96,6.06,5.96,5.98,14394350.0,86450528.0,9745941480.0,0.0014769583861691728
2014-04-17,5.97,6.01,5.9,5.93,8791159.0,52264664.0,9745941480.0,0.0009020328121239653
2014-04-18,5.91,5.94,5.87,5.92,9469327.0,55869600.0,9745941480.0,0.0009716174696341394
2014-04-21,5.87,5.94,5.87,5.89,7082685.0,41794424.0,9745941480.0,0.0007267317390048601
2014-04-22,5.9,5.91,5.86,5.89,8720455.0,51308404.0,9745941480.0,0.0008947780999809574
2014-04-23,5.88,5.91,5.82,5.88,20675378.0,121090816.0,9745941480.0,0.00212143465486928
2014-04-24,5.86,5.9,5.8,5.82,9256926.0,54048096.0,9745941480.0,0.000949823679836009
2014-04-25,5.84,5.85,5.8,5.83,6642307.0,38701220.0,9745941480.0,0.0006815459556812361
2014-04-28,5.85,5.89,5.74,5.79,15512434.0,90101200.0,9745941480.0,0.0015916814226551255
2014-04-29,5.79,5.81,5.64,5.72,25060328.0,143168464.0,9745941480.0,0.0025713604018069683
2014-04-30,5.72,5.74,5.66,5.69,17124540.0,97605664.0,9745941480.0,0.0017570944823690855
2014-05-05,5.68,5.72,5.64,5.71,10270947.0,58315772.0,9745941480.0,0.0010538691434867921
2014-05-06,5.71,5.73,5.7,5.71,7695068.0,43998252.0,9745941480.0,0.0007895664072877236
2014-05-07,5.72,5.72,5.67,5.68,8716159.0,49632688.0,9745941480.0,0.0008943373011100822
2014-05-08,5.67,5.76,5.67,5.74,10628163.0,60885664.0,9745941480.0,0.0010905219389845957
2014-05-09,5.75,5.8,5.71,5.76,13493860.0,77717120.0,9745941480.0,0.0013845619766639518
2014-05-12,5.77,5.87,5.76,5.85,14051540.0,81913512.0,9745941480.0,0.001441783744426916
2014-05-13,5.85,5.91,5.83,5.89,14515987.0,85217416.0,9745941480.0,0.0014894391711451154
2014-05-14,5.87,5.92,5.86,5.88,6121553.0,36062804.0,9745941480.0,0.0006281130471142537
2014-05-15,5.86,5.91,5.86,5.87,7375247.0,43403136.0,9745941480.0,0.0007567505935814423
2014-05-16,5.89,5.94,5.86,5.92,10698962.0,63051248.0,9745941480.0,0.0010977863987748878
2014-05-19,5.94,5.94,5.8,5.9,11236604.0,65970776.0,9745941480.0,0.0011529521312085695
2014-05-20,5.9,5.96,5.88,5.96,10920154.0,64847956.0,9745941480.0,0.0011204822050706587
2014-05-21,5.92,5.99,5.91,5.97,8278590.0,49348396.0,9745941480.0,0.0008494397403256314
2014-05-22,5.97,6.09,5.94,6.04,22676220.0,137109008.0,9745941480.0,0.002326734676843145
2014-05-23,6.04,6.15,6.01,6.12,19487720.0,118680296.0,9745941480.0,0.001999572851939595
2014-05-26,6.15,6.16,6.04,6.04,10204548.0,62145288.0,9745941480.0,0.0010470561536759812
2014-05-27,6.05,6.13,6.03,6.04,11316911.0,68826616.0,9745941480.0,0.0011611921765817949
2014-05-28,6.05,6.12,6.01,6.1,11235102.0,68334752.0,9745941480.0,0.0011527980157746648
2014-05-29,6.11,6.15,6.06,6.1,9431702.0,57688520.0,9745941480.0,0.0009677568882755081
2014-05-30,6.11,6.12,5.99,6.03,23724680.0,143265584.0,9745941480.0,0.0024343138165446895
2014-06-03,6.03,6.16,6.03,6.14,16843692.0,102792016.0,9745941480.0,0.0017282775640060585
2014-06-04,6.1,6.13,6.03,6.07,13233694.0,80434480.0,9745941480.0,0.001357867172418113
2014-06-05,6.05,6.14,6.01,6.13,13973181.0,84893552.0,9745941480.0,0.0014337435771264245
2014-06-06,6.13,6.13,6.07,6.1,9966401.0,60807864.0,9745941480.0,0.0010226206488570051
2014-06-09,6.07,6.28,6.07,6.27,33917376.0,211069840.0,9745941480.0,0.00348015387426685
2014-06-10,6.26,6.3,6.21,6.26,16210362.0,101522224.0,9745941480.0,0.0016632935908004241
2014-06-11,6.24,6.34,6.23,6.28,10854876.0,68223472.0,9745941480.0,0.001113784237497802
2014-06-12,6.28,6.29,6.2,6.22,7583081.0,47330868.0,9745941480.0,0.0007780757780622339
2014-06-13,6.21,6.31,6.18,6.25,18433876.0,114884216.0,9745941480.0,0.0018914412771540673
2014-06-16,6.22,6.29,6.21,6.26,11248677.0,70402792.0,9745941480.0,0.0011541909032681777
2014-06-17,6.24,6.28,6.21,6.22,10683517.0,66637200.0,9745941480.0,0.0010962016365400954
2014-06-18,6.23,6.31,6.22,6.25,10707471.0,67190944.0,9745941480.0,0.0010986594801511162
2014-06-19,6.28,6.28,6.19,6.2,7637350.0,47611056.0,9745941480.0,0.0007836441472250662
2014-06-20,6.19,6.23,6.14,6.15,12926796.0,79916104.0,9745941480.0,0.0013263773465629306
2014-06-23,6.16,6.21,6.0,6.1,17628376.0,107385592.0,9745941480.0,0.001808791488864963
2014-06-24,6.09,6.12,6.06,6.11,7205774.0,43924484.0,9745941480.0,0.0007393615090740315
2014-06-25,6.11,6.13,6.06,6.11,3406355.0,20755184.0,9745941480.0,0.0003495152322626095
2014-06-26,6.11,6.16,6.09,6.1,7986026.0,48847700.0,9745941480.0,0.0008194206805354222
2014-06-27,6.11,6.12,6.07,6.09,8876662.0,54057432.0,9745941480.0,0.0009108060025002326
2014-06-30,6.09,6.35,6.07,6.22,14442581.0,89293416.0,9745941480.0,0.0014819072153919807
2014-07-01,6.22,6.24,6.15,6.17,7389476.0,45676348.0,9745941480.0,0.0007582105859309962
2014-07-02,6.16,6.24,6.16,6.23,8912488.0,55281584.0,9745941480.0,0.0009144819942013442
2014-07-03,6.24,6.31,6.21,6.3,12002520.0,75375168.0,9745941480.0,0.0012315403313913598
2014-07-04,6.32,6.34,6.3,6.32,13295952.0,84036896.0,9745941480.0,0.0013642552674141442
2014-07-07,6.31,6.32,6.25,6.29,7068311.0,44409432.0,9745941480.0,0.000725256868667346
2014-07-08,6.28,6.36,6.24,6.33,14334243.0,90381000.0,9745941480.0,0.0014707909984290198
2014-07-09,6.34,6.35,6.25,6.28,10452830.0,65872180.0,9745941480.0,0.0010725315785499669
2014-07-10,6.26,6.32,6.24,6.28,9620941.0,60439456.0,9745941480.0,0.0009871740990589244
2014-07-11,6.04,6.18,6.04,6.11,26737276.0,163677776.0,9745941480.0,0.002743426692523091
2014-07-14,6.12,6.32,6.11,6.29,33393188.0,208600752.0,9745941480.0,0.0034263686139022454
2014-07-15,6.26,6.37,6.25,6.37,23045768.0,145739552.0,9745941480.0,0.0023646528195652577
2014-07-16,6.36,6.43,6.33,6.39,20416328.0,130378592.0,9745941480.0,0.002094854359827328
2014-07-17,6.39,6.46,6.36,6.39,16562789.0,106365128.0,9745941480.0,0.0016994550022682879
2014-07-18,6.39,6.44,6.33,6.34,17007842.0,108388840.0,9745941480.0,0.0017451204724451106
2014-07-21,6.33,6.47,6.33,6.36,17155326.0,109749288.0,9745941480.0,0.0017602533357300642
2014-07-22,6.34,6.46,6.34,6.42,15289268.0,98116128.0,9745941480.0,0.0015687830705094692
2014-07-23,6.41,6.51,6.41,6.47,20051828.0,129826240.0,9745941480.0,0.002057454176299856
2014-07-24,6.46,6.69,6.46,6.66,42276624.0,278504160.0,9745941480.0,0.004337869674957252
2014-07-25,6.66,6.69,6.59,6.68,20169676.0,134184184.0,9745941480.0,0.0020695461840593773
2014-07-28,6.7,6.74,6.6,6.73,32741576.0,218830816.0,9745941480.0,0.003359508782931867
2014-07-29,6.69,6.85,6.69,6.81,26482684.0,179385136.0,9745941480.0,0.002717303818655804
2014-07-30,6.78,6.83,6.75,6.78,18271444.0,124149600.0,9745941480.0,0.0018747746472206398
2014-07-31,6.75,6.83,6.75,6.82,12705936.0,86300056.0,9745941480.0,0.0013037156057292476
2014-08-01,6.79,7.0,6.78,6.86,21650400.0,150078848.0,9745941480.0,0.0022214785553996575
2014-08-04,6.88,7.0,6.87,6.96,25315768.0,176169184.0,9745941480.0,0.002597570286252119
2014-08-05,6.97,7.03,6.92,6.95,12501509.0,86914096.0,9745941480.0,0.0012827400026621132
2014-08-06,6.92,6.92,6.78,6.83,23864476.0,163048640.0,9745941480.0,0.0024486578386473134
2014-08-07,6.81,6.85,6.7,6.74,21575876.0,145845792.0,9745941480.0,0.0022138318852290093
2014-08-08,6.75,6.77,6.68,6.73,10347700.0,69600552.0,9745941480.0,0.0010617445242447731
2014-08-11,6.76,6.86,6.73,6.85,11474420.0,78216560.0,9745941480.0,0.001177353673172271
2014-08-12,6.79,6.86,6.71,6.86,17279350.0,117046776.0,9745941480.0,0.0017729790431698755
2014-08-13,6.85,6.85,6.7,6.8,17779682.0,120286568.0,9745941480.0,0.0018243165153911842
2014-08-14,6.76,6.81,6.74,6.77,17576172.0,119333800.0,9745941480.0,0.0018034350027720462
2014-08-15,6.78,6.88,6.75,6.88,22055876.0,150758608.0,9745941480.0,0.002263083155717861
2014-08-18,6.89,7.11,6.86,7.05,42956800.0,301264416.0,9745941480.0,0.004407660366948971
2014-08-19,7.04,7.1,6.85,6.98,21492308.0,150407232.0,9745941480.0,0.0022052572390369
2014-08-20,6.95,7.03,6.93,6.98,35779808.0,249736432.0,9745941480.0,0.0036712520871816277
2014-08-21,6.97,7.05,6.9,7.03,15197457.0,105678672.0,9745941480.0,0.0015593626363535275
2014-08-22,7.02,7.14,6.99,7.1,17266574.0,122177496.0,9745941480.0,0.001771668138520364
2014-08-25,7.07,7.13,7.05,7.1,13868054.0,98360128.0,9745941480.0,0.0014229568306416713
2014-08-26,7.24,7.78,7.24,7.4,61425980.0,458930720.0,9745941480.0,0.006302724075047493
2014-08-27,7.32,7.35,7.2,7.27,18330304.0,133450712.0,9745941480.0,0.0018808140842643353
2014-08-28,7.23,7.32,7.15,7.17,14433897.0,104536400.0,9745941480.0,0.0014810161778233866
2014-08-29,7.2,7.47,7.19,7.45,22877220.0,168936832.0,9745941480.0,0.0023473586463603514
2014-09-01,7.46,7.54,7.42,7.45,18438228.0,137846176.0,9745941480.0,0.0018918878220064994
2014-09-02,7.45,7.5,7.36,7.46,29643814.0,219998032.0,9745941480.0,0.003041657295073354
2014-09-03,7.47,7.62,7.45,7.62,32620630.0,246984112.0,9745941480.0,0.0033470988992640657
2014-09-04,7.61,7.7,7.55,7.68,26336838.0,200982512.0,9745941480.0,0.0027023390253313934
2014-09-05,7.7,7.74,7.63,7.66,29889340.0,229912752.0,9745941480.0,0.0030668499355692826
2014-09-09,7.68,7.78,7.53,7.58,24697568.0,188568656.0,9745941480.0,0.0025341387541350188
2014-09-10,7.56,7.61,7.48,7.6,20669532.0,155948224.0,9745941480.0,0.0021208348154374513
2014-09-11,7.6,7.67,7.51,7.56,26215136.0,198822128.0,9745941480.0,0.0026898515709125725
2014-09-12,7.53,7.59,7.44,7.58,28133866.0,211187184.0,9745941480.0,0.002886726342214811
2014-09-15,7.57,7.58,7.45,7.48,23615880.0,177027120.0,9745941480.0,0.002423150195233883
2014-09-16,7.49,7.55,7.38,7.51,36859056.0,274953856.0,9745941480.0,0.003781990285457778
2014-09-17,7.5,7.59,7.46,7.58,24565888.0,184844096.0,9745941480.0,0.00252062748893091
2014-09-18,7.55,7.63,7.49,7.6,30515972.0,231160576.0,9745941480.0,0.0031311466483379706
2014-09-19,7.59,7.68,7.57,7.65,18409892.0,140183680.0,9745941480.0,0.0018889803553386408
2014-09-22,7.62,7.84,7.61,7.67,37503680.0,290345056.0,9745941480.0,0.0038481331000152896
2014-09-23,7.66,7.71,7.64,7.67,12841425.0,98587264.0,9745941480.0,0.0013176177002860478
2014-09-24,7.64,7.76,7.59,7.75,24887280.0,191616544.0,9745941480.0,0.002553604497941229
2014-09-25,7.8,7.86,7.71,7.74,29041740.0,226914592.0,9745941480.0,0.002979880400431052
2014-09-26,7.71,7.82,7.68,7.79,17018920.0,132301112.0,9745941480.0,0.0017462571507252677
2014-09-29,7.72,7.85,7.72,7.85,21794108.0,169743056.0,9745941480.0,0.0022362239753567657
2014-09-30,7.84,7.94,7.82,7.9,27367100.0,216238000.0,9745941480.0,0.00280805092624053
2014-10-08,7.91,7.94,7.85,7.9,22094032.0,174194240.0,9745941480.0,0.0022669982212944707
2014-10-09,7.89,7.91,7.8,7.83,24276700.0,190628352.0,9745941480.0,0.0024909548297431393
2014-10-10,7.8,7.82,7.56,7.59,48499872.0,371641024.0,9745941480.0,0.004976417321972263
2014-10-13,7.52,7.54,7.38,7.49,39870528.0,297318464.0,9745941480.0,0.004090987831377785
2014-10-14,7.46,7.49,7.29,7.34,36969116.0,273568320.0,9745941480.0,0.0037932831913536176
2014-10-15,7.33,7.62,7.31,7.61,37217260.0,277299936.0,9745941480.0,0.0038187444564873377
2014-10-16,7.54,7.59,7.42,7.43,26946826.0,202159984.0,9745941480.0,0.0027649279502958805
2014-10-17,7.45,7.52,7.41,7.46,21843202.0,163061680.0,9745941480.0,0.00224126135425964
2014-10-20,7.46,7.56,7.4,7.54,23104796.0,172834448.0,9745941480.0,0.002370709494553624
2014-10-21,7.51,7.93,7.51,7.86,76730216.0,599444160.0,9745941480.0,0.007873042964341707
2014-10-22,7.87,7.95,7.82,7.88,38127384.0,301123264.0,9745941480.0,0.003912129380033995
2014-10-23,7.87,8.01,7.82,7.94,45414152.0,359844192.0,9745941480.0,0.0046598014253621395
2014-10-24,7.91,7.91,7.76,7.89,29302984.0,229759328.0,9745941480.0,0.003006685814821864
2014-10-27,7.84,7.84,7.72,7.75,22928250.0,178112400.0,9745941480.0,0.0023525946720541974
2014-10-28,7.73,7.93,7.73,7.92,24862806.0,195197248.0,9745941480.0,0.002551093298787179
2014-10-29,7.98,8.08,7.95,8.04,34215664.0,274811328.0,9745941480.0,0.003510760255457639
2014-10-30,8.04,8.23,7.93,8.19,53025588.0,431707616.0,9745941480.0,0.0054407866196216886
2014-10-31,8.2,8.38,8.2,8.26,66587208.0,551891200.0,9745941480.0,0.00683230123396965
2014-11-03,8.26,8.44,8.21,8.26,44026344.0,367516672.0,9745941480.0,0.004517402868706739
2014-11-04,8.23,8.6,8.2,8.32,34359596.0,287714720.0,9745941480.0,0.003525528659340975
2014-11-05,8.59,8.76,8.42,8.48,45421044.0,389638656.0,9745941480.0,0.0046605085915209085
2014-11-06,8.5,8.62,8.21,8.33,40491516.0,337185792.0,9745941480.0,0.004154705431290975
2014-11-07,8.28,8.44,8.19,8.34,48124696.0,398895744.0,9745941480.0,0.004937921708103669
2014-11-10,8.32,8.61,8.28,8.49,43134280.0,365459808.0,9745941480.0,0.004425871024212224
2014-11-11,8.5,8.65,8.38,8.47,39752520.0,337772544.0,9745941480.0,0.004078879406528101
2014-11-12,8.43,8.53,8.38,8.52,22458812.0,190321568.0,9745941480.0,0.0023044271347297273
2014-11-13,8.54,8.82,8.47,8.8,58087192.0,504801920.0,9745941480.0,0.005960141677353884
2014-11-14,8.77,9.03,8.66,8.89,45052308.0,398956352.0,9745941480.0,0.0046226737655313726
2014-11-17,9.3,9.31,8.81,8.9,46078484.0,415293536.0,9745941480.0,0.0047279664150004725
2014-11-18,8.88,8.91,8.53,8.55,40322036.0,349086848.0,9745941480.0,0.004137315628535869
2014-11-19,8.5,8.63,8.44,8.56,26658348.0,227647504.0,9745941480.0,0.0027353281419457078
2014-11-20,8.47,8.73,8.46,8.66,25454844.0,218210736.0,9745941480.0,0.0026118404314490096
2014-11-21,8.68,8.75,8.56,8.73,28173960.0,243558352.0,9745941480.0,0.0028908402597960193
2014-11-24,8.88,8.94,8.74,8.8,48531056.0,429028032.0,9745941480.0,0.004979617012845022
2014-11-25,8.78,8.87,8.74,8.86,42486384.0,373724992.0,9745941480.0,0.00435939248016088
2014-11-26,8.91,9.14,8.85,8.93,53046300.0,474693440.0,9745941480.0,0.0054429118119432825
2014-11-27,8.94,9.01,8.85,8.92,41585568.0,370495776.0,9745941480.0,0.0042669626208344524
2014-11-28,8.88,8.88,8.65,8.77,61439876.0,537013952.0,9745941480.0,0.006304149899328146
2014-12-01,8.73,8.92,8.68,8.9,56909072.0,499509888.0,9745941480.0,0.005839258538211539
2014-12-02,8.83,9.0,8.8,8.99,61156456.0,545325312.0,9745941480.0,0.006275069076240749
2014-12-03,8.99,9.19,8.91,9.1,83675232.0,757390400.0,9745941480.0,0.008585648925936296
2014-12-04,9.19,9.39,9.04,9.28,104866456.0,962440512.0,9745941480.0,0.01076001289513181
2014-12-05,9.35,9.55,9.02,9.24,105828704.0,985407552.0,9745941480.0,0.010858746096226304
2014-12-08,9.15,9.67,9.07,9.62,161053408.0,1514729216.0,9745941480.0,0.016525177001165414
2014-12-09,9.5,10.36,9.18,9.26,226756240.0,2236636416.0,9745941480.0,0.023266735231822877
2014-12-10,9.29,9.95,9.19,9.9,116488632.0,1118616576.0,9745941480.0,0.011952527340642312
2014-12-11,9.96,10.19,9.59,9.79,96989744.0,957101760.0,9745941480.0,0.009951808575809342
2014-12-12,9.85,9.96,9.68,9.77,59909864.0,586941184.0,9745941480.0,0.006147160243363169
2014-12-15,9.74,9.88,9.57,9.79,57036708.0,556167488.0,9745941480.0,0.005852354861461778
2014-12-16,9.79,9.79,9.58,9.71,65590664.0,634313984.0,9745941480.0,0.006730049029598729
2014-12-17,9.73,9.77,9.6,9.72,67033500.0,649155008.0,9745941480.0,0.006878093833988423
2014-12-18,9.76,10.04,9.7,9.89,84085800.0,830837056.0,9745941480.0,0.008627776000148937
2014-12-19,9.88,10.36,9.82,10.24,144394960.0,1460735232.0,9745941480.0,0.014815906733722763
2014-12-22,10.55,11.26,10.55,11.04,235618336.0,2574454016.0,9745941480.0,0.0241760466634774
2014-12-23,10.96,10.97,10.2,10.26,143756304.0,1515117696.0,9745941480.0,0.01475037627662833
2014-12-24,10.27,10.47,10.0,10.18,121840160.0,1236829696.0,9745941480.0,0.012501630576177028
2014-12-25,10.2,10.34,9.83,10.29,78310056.0,791227072.0,9745941480.0,0.008035145312610681
2014-12-26,10.36,10.42,10.13,10.34,91849048.0,944709888.0,9745941480.0,0.009424338139982346
2014-12-29,10.37,10.73,10.23,10.42,139522192.0,1466570112.0,9745941480.0,0.014315927536228137
2014-12-30,10.44,10.46,10.03,10.24,85218888.0,869427840.0,9745941480.0,0.008744038549264919
2014-12-31,10.2,10.87,10.14,10.67,131390808.0,1386165120.0,9745941480.0,0.0134815921344933
2015-01-05,10.76,11.32,10.6,11.18,153534144.0,1692429184.0,9745941480.0,0.015753649282121484
2015-01-06,11.08,11.08,10.72,10.87,124864776.0,1358788864.0,9745941480.0,0.01281197678605392
2015-01-07,10.75,11.3,10.72,11.16,110456016.0,1217411712.0,9745941480.0,0.011333539835701949
2015-01-08,11.1,11.23,10.68,10.82,77051960.0,839361280.0,9745941480.0,0.007906056090950384
2015-01-09,10.76,10.93,10.48,10.69,94643664.0,1009394880.0,9745941480.0,0.009711084782749999
2015-01-12,10.55,10.82,10.42,10.64,68330256.0,727090432.0,9745941480.0,0.007011149835059342
2015-01-13,10.65,10.74,10.53,10.55,38030656.0,403845504.0,9745941480.0,0.0039022044281759836
2015-01-14,10.55,10.76,10.51,10.76,46444024.0,495256416.0,9745941480.0,0.004765473309614004
2015-01-15,10.77,10.93,10.65,10.92,55404856.0,599404032.0,9745941480.0,0.005684915727608084
2015-01-16,11.08,11.2,10.8,10.98,69642768.0,766989696.0,9745941480.0,0.007145822509084058
2015-01-19,10.51,10.7,10.02,10.19,108817824.0,1126503424.0,9745941480.0,0.011165450174650546
2015-01-20,10.26,10.43,10.03,10.2,62353588.0,639721344.0,9745941480.0,0.006397902976121707
2015-01-21,10.22,10.59,10.14,10.47,69436336.0,720922432.0,9745941480.0,0.007124641179355819
2015-01-22,10.5,10.53,10.33,10.38,44555504.0,464551744.0,9745941480.0,0.004571698290148157
2015-01-23,10.38,10.59,10.35,10.43,41735532.0,435681248.0,9745941480.0,0.004282349949016931
2015-01-26,10.43,10.52,10.3,10.39,38181488.0,396449152.0,9745941480.0,0.003917680819072597
2015-01-27,10.39,10.43,10.0,10.21,71204248.0,725699712.0,9745941480.0,0.007306040996256834
2015-01-28,10.21,10.21,10.0,10.08,47464036.0,479579648.0,9745941480.0,0.004870133490684576
2015-01-29,10.03,10.17,9.99,10.14,48075128.0,485368480.0,9745941480.0,0.004932835693571187
2015-01-30,10.16,10.23,10.02,10.18,44934160.0,454999584.0,9745941480.0,0.004610550975727796
2015-02-02,10.1,10.1,9.92,9.95,37757136.0,377734976.0,9745941480.0,0.0038741394125424195
2015-02-03,10.05,10.11,9.92,10.08,36110496.0,361541760.0,9745941480.0,0.0037051829291304137
2015-02-04,10.1,10.16,10.0,10.01,22262664.0,224634272.0,9745941480.0,0.0022843010134717123
2015-02-05,10.13,10.15,9.7,9.72,48284328.0,481020736.0,9745941480.0,0.004954301038959245
2015-02-06,9.75,9.75,9.25,9.31,65272096.0,613416832.0,9745941480.0,0.006697361782229786
2015-02-09,9.39,9.39,9.1,9.3,49683404.0,458690080.0,9745941480.0,0.005097855769189371
2015-02-10,9.3,9.5,9.25,9.48,38358700.0,361343232.0,9745941480.0,0.0039358639777098275
2015-02-11,9.51,9.73,9.51,9.69,32235576.0,310659648.0,9745941480.0,0.003307589735291536
2015-02-12,9.66,9.78,9.57,9.74,19446324.0,188539072.0,9745941480.0,0.001995325340287186
2015-02-13,9.73,10.05,9.72,9.93,36342196.0,360230752.0,9745941480.0,0.0037289569278226367
2015-02-16,9.88,9.95,9.8,9.87,20727280.0,204747552.0,9745941480.0,0.002126760153704514
2015-02-17,9.95,10.1,9.82,9.95,26272928.0,262362320.0,9745941480.0,0.00269578142387943
2015-02-25,9.91,10.13,9.75,9.89,45611712.0,453189440.0,9745941480.0,0.004680072427440843
2015-02-26,9.89,10.2,9.87,10.13,60389012.0,609874368.0,9745941480.0,0.0061963240928469025
2015-02-27,10.13,10.23,9.99,10.03,34095032.0,343552224.0,9745941480.0,0.0034983825903292824
2015-03-02,10.19,10.2,10.06,10.16,57986176.0,588110720.0,9745941480.0,0.005949776747479506
2015-03-03,10.11,10.15,9.9,9.91,43215312.0,434044384.0,9745941480.0,0.0044341854595252505
2015-03-04,10.0,10.06,9.89,9.97,28873936.0,287637984.0,9745941480.0,0.0029626625666954037
2015-03-05,9.9,9.95,9.62,9.75,38692448.0,378215296.0,9745941480.0,0.00397010879650798
2015-03-06,9.74,9.88,9.7,9.82,24088348.0,236017648.0,9745941480.0,0.002471628631203314
2015-03-09,9.7,10.11,9.64,10.08,47098428.0,463186560.0,9745941480.0,0.004832619618807725
2015-03-10,10.0,10.11,9.99,10.04,44253160.0,444318944.0,9745941480.0,0.004540675735721738
2015-03-11,10.05,10.16,9.94,10.0,39150064.0,393277120.0,9745941480.0,0.004017063316083035
2015-03-12,10.09,10.15,9.96,10.13,54400252.0,547532032.0,9745941480.0,0.005581836512320203
2015-03-13,10.15,10.29,10.13,10.25,59337000.0,605986688.0,9745941480.0,0.00608838049374374
2015-03-16,10.27,10.48,10.11,10.42,77524056.0,800001408.0,9745941480.0,0.007954496357185186
2015-03-17,10.42,10.52,10.34,10.46,86888240.0,907761920.0,9745941480.0,0.008915325438625556
2015-03-18,10.47,10.53,10.35,10.5,110317168.0,1151090176.0,9745941480.0,0.01131929308485854
2015-03-19,10.48,10.78,10.41,10.76,97296688.0,1029020160.0,9745941480.0,0.009983303121577948
2015-03-20,10.76,10.93,10.58,10.83,86147784.0,924437440.0,9745941480.0,0.008839349607914946
2015-03-23,10.95,11.36,10.94,11.21,114094576.0,1275024640.0,9745941480.0,0.011706880883097607
2015-03-24,11.22,11.59,11.11,11.2,125366864.0,1413781504.0,9745941480.0,0.012863494435839768
2015-03-25,11.12,11.15,10.78,10.83,100415536.0,1095116800.0,9745941480.0,0.01030331817670631
2015-03-26,10.78,11.0,10.74,10.85,69516912.0,756783872.0,9745941480.0,0.007132908825961882
2015-03-27,10.83,10.87,10.59,10.73,64662040.0,693541760.0,9745941480.0,0.00663476588000198
2015-03-30,10.8,11.08,10.75,10.99,85872184.0,936845056.0,9745941480.0,0.008811071170109262
2015-03-31,11.05,11.23,10.75,10.89,94497408.0,1035886016.0,9745941480.0,0.009696077920632045
2015-04-01,10.85,11.07,10.8,10.89,64440604.0,703896640.0,9745941480.0,0.006612045037643711
2015-04-02,10.9,10.97,10.63,10.7,98298288.0,1056139328.0,9745941480.0,0.010086074105998018
2015-04-03,10.63,10.87,10.55,10.85,64282668.0,688997568.0,9745941480.0,0.006595839727943862
2015-04-07,10.9,11.23,10.85,11.19,117931664.0,1300061056.0,9745941480.0,0.012100592255967456
2015-04-08,11.21,11.35,11.0,11.29,118000400.0,1319396352.0,9745941480.0,0.012107645037901458
2015-04-09,11.38,11.43,10.91,11.18,107919816.0,1200573312.0,9745941480.0,0.011073308435256477
2015-04-10,11.11,11.33,11.0,11.28,114017104.0,1275489024.0,9745941480.0,0.011698931728040707
2015-04-13,11.32,11.66,11.23,11.61,139804912.0,1604603520.0,9745941480.0,0.01434493653454607
2015-04-14,11.62,12.1,11.51,11.87,146136144.0,1727890304.0,9745941480.0,0.014994564075712057
2015-04-15,11.87,11.87,11.4,11.59,90168592.0,1046381824.0,9745941480.0,0.0092519119045644
2015-04-16,11.59,12.33,11.53,12.24,127444672.0,1518912000.0,9745941480.0,0.013076691693822893
2015-04-17,12.3,12.68,12.15,12.48,174919520.0,2181411328.0,9745941480.0,0.01794793456937523
2015-04-20,12.3,12.88,12.12,12.27,181514176.0,2263552768.0,9745941480.0,0.0186245912077855
2015-04-21,12.81,13.38,12.37,12.86,179477264.0,2290729472.0,9745941480.0,0.018415590158048025
2015-04-22,13.1,13.36,12.93,13.26,220761840.0,2907696384.0,9745941480.0,0.022651668948867935
2015-04-23,13.27,13.27,12.82,12.96,139554416.0,1814872576.0,9745941480.0,0.014319233938186954
2015-04-24,12.8,12.81,12.37,12.6,126611792.0,1594162560.0,9745941480.0,0.012991232530979654
2015-04-27,12.66,13.1,12.62,13.09,139375008.0,1787266944.0,9745941480.0,0.014300825454987239
2015-04-28,12.97,13.0,12.63,12.85,112561496.0,1441808640.0,9745941480.0,0.011549576429428755
2015-04-29,12.72,12.98,12.52,12.9,81057888.0,1035215296.0,9745941480.0,0.008317091598214687
2015-04-30,12.98,13.47,12.9,13.21,155792480.0,2054961280.0,9745941480.0,0.01598536994293547
2015-05-04,13.23,14.12,13.14,14.08,236467920.0,3230604544.0,9745941480.0,0.024263219770533653
2015-05-05,14.02,14.02,12.7,12.74,175409136.0,2344395520.0,9745941480.0,0.017998172506982876
2015-05-06,12.85,12.96,12.15,12.52,115241440.0,1455592960.0,9745941480.0,0.011824556943676621
2015-05-07,12.29,12.5,11.96,11.98,83357856.0,1010834048.0,9745941480.0,0.008553083985889068
2015-05-08,12.23,12.28,11.88,12.1,106666448.0,1287159552.0,9745941480.0,0.010944704338610497
2015-05-11,12.3,12.71,12.2,12.44,183132544.0,2285996288.0,9745941480.0,0.018790646791365714
2015-05-12,12.47,12.99,12.46,12.86,127738560.0,1625550592.0,9745941480.0,0.013106846605034202
2015-05-13,12.8,12.81,12.38,12.45,88717056.0,1115266304.0,9745941480.0,0.009102974420897098
2015-05-14,12.48,12.67,12.39,12.51,66408584.0,831773888.0,9745941480.0,0.006813973194511732
2015-05-15,12.47,12.47,12.08,12.16,73541760.0,899560000.0,9745941480.0,0.007545885654137952
2015-05-18,12.12,12.14,11.95,12.01,71401672.0,860144640.0,9745941480.0,0.0073262980438088985
2015-05-19,11.98,12.51,11.93,12.5,77730784.0,960153664.0,9745941480.0,0.007975708058530226
2015-05-20,12.51,12.77,12.45,12.58,94524008.0,1195421952.0,9745941480.0,0.009698807261871636
2015-05-21,12.65,12.8,12.6,12.74,70284632.0,892350080.0,9745941480.0,0.007211682128836259
2015-05-22,12.79,13.24,12.75,13.17,120343696.0,1555373440.0,9745941480.0,0.012348083173591968
2015-05-25,13.35,13.74,13.26,13.55,141287120.0,1908546176.0,9745941480.0,0.014497021174397611
2015-05-26,13.62,14.33,13.57,13.87,162888448.0,2273049088.0,9745941480.0,0.016713464608244293
2015-05-27,13.9,13.97,13.36,13.71,135475200.0,1840500736.0,9745941480.0,0.013900678582773513
2015-05-28,13.71,14.19,13.01,13.04,147031888.0,2019593216.0,9745941480.0,0.01508647351328032
2015-05-29,13.06,13.38,12.72,13.19,127245328.0,1665536000.0,9745941480.0,0.013056237641188873
2015-06-01,13.29,14.04,13.19,13.86,139305840.0,1922560896.0,9745941480.0,0.014293728346909795
2015-06-02,13.91,14.25,13.86,14.09,124710920.0,1751211136.0,9745941480.0,0.012796190112153228
2015-06-03,14.17,14.57,14.0,14.08,127340776.0,1814758016.0,9745941480.0,0.013066031256325581
2015-06-04,14.08,14.48,13.2,14.45,143758896.0,1983595136.0,9745941480.0,0.01475064223348897
2015-06-05,14.95,14.98,14.01,14.38,167875136.0,2443390976.0,9745941480.0,0.01722513277393494
2015-06-08,14.29,14.59,14.11,14.5,152288528.0,2185833216.0,9745941480.0,0.0156258405934939
2015-06-09,14.6,15.22,14.4,15.06,214207152.0,3178448896.0,9745941480.0,0.02197911329958037
2015-06-10,14.82,14.98,14.51,14.68,124202552.0,1829899648.0,9745941480.0,0.012744028091578485
2015-06-11,14.68,14.7,14.32,14.44,96807224.0,1400150144.0,9745941480.0,0.009933080780205958
2015-06-12,14.47,14.97,14.46,14.73,66840636.0,986978688.0,9745941480.0,0.006858304673506002
2015-11-16,12.92,13.5,12.92,13.12,512979392.0,6688405504.0,9745941480.0,0.0526351808137473
2015-11-17,13.11,14.09,13.06,13.77,246702864.0,3354564352.0,9745941480.0,0.02531339476091334
2015-11-18,13.72,13.75,13.35,13.44,113606456.0,1535057536.0,9745941480.0,0.011656796445282986
2015-11-19,13.44,13.69,13.33,13.51,80700744.0,1086371200.0,9745941480.0,0.008280446190407456
2015-11-20,13.49,13.49,13.13,13.23,93135808.0,1237660928.0,9745941480.0,0.009556368483345337
2015-11-23,13.15,13.4,13.13,13.22,64838400.0,860354176.0,9745941480.0,0.006652861617634093
2015-11-24,13.13,13.49,13.13,13.34,53838832.0,717444224.0,9745941480.0,0.00552423099507468
2015-11-25,13.31,13.34,13.16,13.26,52115720.0,689169088.0,9745941480.0,0.005347427963419292
2015-11-26,13.23,13.27,13.12,13.17,42453296.0,559716032.0,9745941480.0,0.004355997425915182
2015-11-27,13.19,13.23,12.97,12.98,68110912.0,890844672.0,9745941480.0,0.0069886436461549534
2015-11-30,13.02,13.5,13.01,13.45,92361568.0,1231207040.0,9745941480.0,0.009476926184046818
2015-12-01,13.45,13.47,13.09,13.18,39946312.0,531802784.0,9745941480.0,0.0040987637861334665
2015-12-02,13.25,14.26,13.23,14.02,133869696.0,1858758144.0,9745941480.0,0.013735942933242403
2015-12-03,14.0,14.46,13.78,14.1,78428320.0,1110510972.0,9745941480.0,0.008047280004804626
2015-12-04,13.9,14.17,13.83,13.94,38493232.0,538150080.0,9745941480.0,0.00394966787754609
2015-12-07,13.9,14.02,13.73,13.78,30184552.0,418401760.0,9745941480.0,0.0030971406982016887
2015-12-08,13.7,13.81,13.53,13.67,35629788.0,486887904.0,9745941480.0,0.003655859013017591
2015-12-09,13.68,13.98,13.44,13.75,48309208.0,659380978.0,9745941480.0,0.004956853896479584
2015-12-10,13.7,13.75,13.5,13.53,40497324.0,550720832.0,9745941480.0,0.00415530137166389
2015-12-11,13.53,13.61,13.43,13.55,22220096.0,300434848.0,9745941480.0,0.002279933246633859
2015-12-14,13.47,13.99,13.45,13.74,29363392.0,401706560.0,9745941480.0,0.0030128840872128857
2015-12-15,13.75,13.83,13.58,13.63,22015492.0,300944160.0,9745941480.0,0.002258939482160732
2015-12-16,13.65,13.84,13.6,13.79,27610502.0,379069824.0,9745941480.0,0.0028330256298645454
2015-12-17,13.85,13.96,13.78,13.84,39561620.0,548381056.0,9745941480.0,0.004059291765827431
2015-12-18,13.9,13.94,13.71,13.85,27039144.0,374752640.0,9745941480.0,0.002774400406106276
2015-12-21,13.78,14.28,13.77,14.15,54710300.0,769857472.0,9745941480.0,0.005613649549637969
2015-12-22,14.11,14.3,13.95,14.12,35015357.0,493561926.0,9745941480.0,0.0035928142059806416
2015-12-23,14.18,14.36,14.0,14.09,32582808.0,461628576.0,9745941480.0,0.003343218104363171
2015-12-24,14.08,14.18,13.89,14.11,29585968.0,415565664.0,9745941480.0,0.003035721901338566
2015-12-25,14.11,14.17,13.89,13.9,22770315.0,318813876.0,9745941480.0,0.0023363894649611624
2015-12-28,13.91,13.96,13.57,13.64,44060788.0,604325972.0,9745941480.0,0.0045209370577915685
2015-12-29,13.66,13.75,13.57,13.59,23670071.0,322642376.0,9745941480.0,0.002428710561065261
2015-12-30,13.63,13.65,13.5,13.55,23525992.0,318955237.0,9745941480.0,0.0024139270739803377
2015-12-31,13.59,13.66,13.51,13.56,19842381.0,269586188.0,9745941480.0,0.002035963487028859
2016-01-04,13.53,13.62,13.15,13.15,38198742.0,509608375.0,9745941480.0,0.003919451197033044
2016-01-05,13.11,13.33,13.01,13.17,49557163.0,651689661.0,9745941480.0,0.005084902582443989
2016-01-06,13.17,13.26,13.12,13.21,26154426.0,344892501.0,9745941480.0,0.0026836223112638676
2016-01-07,13.19,13.19,12.8,12.82,9124993.0,118409167.0,9745941480.0,0.0009362864551080805
2016-01-08,13.09,13.16,12.88,12.95,46913085.0,610539747.0,9745941480.0,0.004813602164169777
2016-01-11,12.82,13.0,12.5,12.56,62274493.0,793688604.0,9745941480.0,0.006389787290206467
2016-01-12,12.65,12.74,12.48,12.53,33165873.0,416920172.0,9745941480.0,0.0034030445460873013
2016-01-13,12.59,12.72,12.41,12.44,41375103.0,518520431.0,9745941480.0,0.004245367477827293
2016-01-14,12.23,12.92,12.11,12.84,63305818.0,797543331.0,9745941480.0,0.006495608262158373
2016-01-15,12.76,13.03,12.41,12.62,39869604.0,510557107.0,9745941480.0,0.004090893022682094
2016-01-18,12.45,12.79,12.41,12.65,24300140.0,306925435.0,9745941480.0,0.0024933599334520115
2016-01-19,12.63,12.98,12.58,12.81,27423479.0,351604110.0,9745941480.0,0.002813835795779886
2016-01-20,12.9,12.9,12.55,12.6,27067920.0,343262492.0,9745941480.0,0.0027773530197720826
2016-01-21,12.31,12.71,12.31,12.5,26651034.0,334442650.0,9745941480.0,0.002734577675711634
2016-01-22,12.55,12.63,12.49,12.51,21545871.0,270014080.0,9745941480.0,0.0022107531677893885
2016-01-25,12.56,12.58,12.47,12.53,13274660.0,166064729.0,9745941480.0,0.0013620705631407096
2016-01-26,12.5,12.5,12.07,12.09,37832701.0,464966549.0,9745941480.0,0.003881892896405941
2016-01-27,12.18,12.19,11.84,12.02,71609431.0,857674745.0,9745941480.0,0.007347615532778676
2016-01-28,12.01,12.3,11.93,12.0,30122556.0,363624970.0,9745941480.0,0.0030907794861907995
2016-01-29,11.96,12.26,11.93,12.11,39800709.0,480545161.0,9745941480.0,0.004083823926264741
2016-02-01,12.08,12.27,12.06,12.15,20219243.0,246332055.0,9745941480.0,0.0020746320959850457
2016-02-02,12.17,12.22,12.04,12.13,20800751.0,252419880.0,9745941480.0,0.0021342987789005276
2016-02-03,12.05,12.18,12.03,12.16,18804671.0,227422507.0,9745941480.0,0.0019294873705726376
2016-02-04,12.16,12.5,12.16,12.31,21586778.0,266396984.0,9745941480.0,0.002214950504709987
2016-02-05,12.31,12.36,12.2,12.25,10882317.0,133522889.0,9745941480.0,0.0011165998710675616
2016-02-15,12.1,12.11,11.98,12.05,30778969.0,370314218.0,9745941480.0,0.00315813193247288
2016-02-16,12.08,12.29,12.08,12.24,21025015.0,256501503.0,9745941480.0,0.0021573097933274272
2016-02-17,12.26,12.28,12.12,12.19,21009929.0,256342209.0,9745941480.0,0.002155761866938688
2016-02-18,12.22,12.27,12.15,12.18,22004263.0,268762044.0,9745941480.0,0.002257787310251734
2016-02-19,12.14,12.15,12.02,12.08,16860357.0,203782244.0,9745941480.0,0.0017299875065533432
2016-02-22,12.14,12.15,12.0,12.1,26685909.0,322634941.0,9745941480.0,0.0027381560883330894
2016-02-23,12.13,12.16,12.06,12.15,26277916.0,318245379.0,9745941480.0,0.00269629322666526
2016-02-24,12.11,12.22,12.07,12.21,28370456.0,344908038.0,9745941480.0,0.0029110020882251388
2016-02-25,12.2,12.22,11.88,11.91,33929105.0,410445869.0,9745941480.0,0.003481357349582608
2016-02-26,12.0,12.04,11.66,11.76,37194159.0,439720043.0,9745941480.0,0.003816374136488248
2016-02-29,11.8,11.85,11.13,11.4,45954181.0,522300379.0,9745941480.0,0.004715212080259689
2016-03-01,11.39,11.56,11.13,11.48,44123617.0,500025746.0,9745941480.0,0.004527383741278118
2016-03-02,11.46,11.79,11.38,11.74,37040405.0,428778031.0,9745941480.0,0.0038005979284825337
2016-03-11,11.8,12.2,11.52,12.05,71141965.0,854080959.0,9745941480.0,0.007299650336090465
2016-03-14,12.01,12.17,11.9,12.11,30421280.0,367502269.0,9745941480.0,0.0031214306039522824
2016-03-15,12.13,12.23,12.05,12.21,20963036.0,254277139.0,9745941480.0,0.002150950325632368
2016-03-16,12.17,12.48,12.15,12.31,49478774.0,610600231.0,9745941480.0,0.0050768593369390925
2016-03-17,12.35,12.37,12.18,12.29,28893388.0,354778101.0,9745941480.0,0.0029646584744319644
2016-03-18,12.28,12.36,12.2,12.3,28413755.0,349281856.0,9745941480.0,0.0029154448606436736
2016-03-21,12.3,12.39,12.22,12.31,25042629.0,307954699.0,9745941480.0,0.0025695443638145054
2016-03-22,12.3,12.36,12.23,12.33,18838593.0,231909336.0,9745941480.0,0.0019329679989008102
2016-03-23,12.32,12.33,12.23,12.27,9417789.0,115714682.0,9745941480.0,0.000966329319679026
2016-03-24,12.2,12.25,12.1,12.17,12414107.0,150855742.0,9745941480.0,0.0012737719619469745
2016-03-25,12.12,12.26,12.12,12.18,10089726.0,123095127.0,9745941480.0,0.0010352746341341667
2016-03-28,12.2,12.29,12.08,12.1,13554339.0,164858244.0,9745941480.0,0.0013907675341387337
2016-03-29,12.11,12.18,12.05,12.12,13455431.0,163016533.0,9745941480.0,0.0013806188994272516
2016-03-30,12.13,12.31,12.13,12.3,20733294.0,254000937.0,9745941480.0,0.002127377231081014
2016-03-31,12.3,12.33,12.2,12.28,10575446.0,129857152.0,9745941480.0,0.001085112815596344
2016-04-01,12.29,12.52,12.24,12.48,21031006.0,260377738.0,9745941480.0,0.002157924510747216
2016-04-05,12.49,12.55,12.34,12.4,21232846.0,263579451.0,9745941480.0,0.0021786346699877784
2016-04-06,12.38,12.39,12.23,12.31,25423840.0,312214482.0,9745941480.0,0.002608659209802684
2016-04-07,12.3,12.32,12.17,12.18,20371676.0,248837163.0,9745941480.0,0.0020902727603901022
2016-04-08,12.18,12.23,12.12,12.19,15485040.0,188652695.0,9745941480.0,0.0015888706116056015
2016-04-11,12.2,12.24,12.17,12.17,26196063.0,319596563.0,9745941480.0,0.0026878945511583353
2016-04-12,12.16,12.21,12.15,12.17,11600440.0,141185045.0,9745941480.0,0.001190284183811865
2016-04-13,12.18,12.27,12.12,12.22,29872705.0,364160225.0,9745941480.0,0.0030651430712264035
2016-04-14,12.23,12.28,12.2,12.23,25240545.0,308985500.0,9745941480.0,0.002589851893918821
2016-04-15,12.25,12.4,12.24,12.25,21609306.0,266398201.0,9745941480.0,0.0022172620310049306
2016-04-18,12.26,12.39,12.22,12.35,20512057.0,253159427.0,9745941480.0,0.0021046768074786345
2016-04-19,12.37,12.49,12.35,12.47,22316777.0,277551958.0,9745941480.0,0.002289853375971636
2016-04-20,12.46,12.48,12.16,12.47,35650080.0,439930471.0,9745941480.0,0.0036579411104775074
2016-04-21,12.39,12.44,12.28,12.31,10289132.0,127086199.0,9745941480.0,0.001055735048390625
2016-04-22,12.31,12.38,12.25,12.33,16178837.0,199053234.0,9745941480.0,0.0016600589110042554
2016-04-25,12.32,12.53,12.27,12.45,17094263.0,212616476.0,9745941480.0,0.0017539878558761877
2016-04-26,12.45,12.49,12.29,12.41,19122320.0,236277584.0,9745941480.0,0.001962080322279957
2016-04-27,12.38,12.59,12.35,12.5,24927667.0,311358871.0,9745941480.0,0.0025577484793187985
2016-04-28,12.5,12.54,12.37,12.48,7905031.0,98435273.0,9745941480.0,0.0008111100416744961
2016-04-29,12.45,12.45,12.29,12.33,15263275.0,188767592.0,9745941480.0,0.0015661160116056843
2016-05-03,12.34,12.43,12.3,12.37,15205184.0,187907855.0,9745941480.0,0.0015601554792015846
2016-05-04,12.36,12.39,12.32,12.34,11777945.0,145358434.0,9745941480.0,0.001208497406245456
2016-05-05,12.36,12.48,12.29,12.35,11794061.0,145424883.0,9745941480.0,0.0012101510176521192
2016-05-06,12.35,12.36,12.27,12.27,18574093.0,228566446.0,9745941480.0,0.0019058284967251825
2016-05-09,12.27,12.32,12.19,12.27,23440919.0,287384657.0,9745941480.0,0.002405198004533883
2016-05-10,12.25,12.31,12.23,12.27,12164515.0,149252205.0,9745941480.0,0.0012481621221472796
2016-05-11,12.3,12.33,12.2,12.24,29646286.0,363076075.0,9745941480.0,0.0030419109391163716
2016-05-12,12.22,12.62,12.2,12.48,35175618.0,438434315.0,9745941480.0,0.0036092580765219205
2016-05-13,12.45,12.51,12.36,12.45,17498990.0,216972694.0,9745941480.0,0.0017955156036910658
2016-05-16,12.41,12.58,12.41,12.49,17244213.0,215595754.0,9745941480.0,0.001769373747563278
2016-05-17,12.46,12.59,12.37,12.39,17975988.0,223758585.0,9745941480.0,0.0018444588485257353
2016-05-18,12.38,12.47,12.27,12.42,24345530.0,300572253.0,9745941480.0,0.0024980172567176137
2016-05-19,12.39,12.46,12.3,12.32,14165110.0,175542914.0,9745941480.0,0.0014534368002382054
2016-05-20,12.31,12.41,12.27,12.37,12117345.0,149745892.0,9745941480.0,0.001243322158753615
2016-05-23,12.38,12.4,12.27,12.3,17705398.0,217848509.0,9745941480.0,0.0018166944708557804
2016-05-24,12.3,12.35,12.28,12.34,12005048.0,147804541.0,9745941480.0,0.0012317997214159344
2016-05-25,12.34,12.36,12.27,12.28,11340309.0,139572341.0,9745941480.0,0.0011635929708044995
2016-05-26,12.3,12.32,12.25,12.28,13206243.0,162088156.0,9745941480.0,0.0013550505127802182
2016-05-27,12.27,12.33,12.25,12.28,11138859.0,136888087.0,9745941480.0,0.0011429228282212095
2016-05-30,12.27,12.35,12.26,12.27,14385541.0,176832683.0,9745941480.0,0.001476054522748889
2016-05-31,12.27,12.5,12.27,12.46,23873689.0,296096631.0,9745941480.0,0.002449603155220259
2016-06-01,12.42,12.47,12.39,12.45,13489860.0,167565240.0,9745941480.0,0.001384151549409878
2016-06-02,12.41,12.49,12.41,12.45,12972271.0,161492445.0,9745941480.0,0.0013310433914076817
2016-06-03,12.47,12.65,12.4,12.6,20184972.0,253144470.0,9745941480.0,0.0020711156578789554
2016-06-06,12.63,12.65,12.46,12.53,15407681.0,193045132.0,9745941480.0,0.0015809330511186283
2016-06-07,12.55,12.58,12.48,12.52,9728396.0,121867527.0,9745941480.0,0.0009981997142055484
2016-06-08,12.53,12.67,12.48,12.66,16986008.0,214008359.0,9745941480.0,0.0017428801552787489
2016-06-13,12.63,12.64,12.51,12.53,11769182.0,147824016.0,9745941480.0,0.0012075982627385937
2016-06-14,12.51,12.62,12.38,12.41,18409519.0,230079931.0,9745941480.0,0.0018889420829971985
2016-06-15,12.36,12.48,12.36,12.45,10869950.0,135306748.0,9745941480.0,0.001115330932604779
2016-06-16,12.45,12.45,12.28,12.31,28806105.0,356074043.0,9745941480.0,0.002955702643927634
2016-06-17,12.32,12.39,12.32,12.34,21931074.0,270775770.0,9745941480.0,0.0022502776201771325
2016-06-20,12.37,12.46,12.34,12.46,21250235.0,263815012.0,9745941480.0,0.0021804188998680507
2016-06-21,12.47,12.49,12.39,12.43,18201282.0,226294864.0,9745941480.0,0.001867575547970559
2016-06-22,12.43,12.47,12.39,12.45,9892124.0,123066629.0,9745941480.0,0.0010149993225692959
2016-06-23,12.45,12.46,12.36,12.36,9861647.0,122321288.0,9745941480.0,0.0010118721747136943
2016-06-24,12.36,12.42,12.31,12.35,18519034.0,228791299.0,9745941480.0,0.0019001790681796706
2016-06-27,12.35,12.43,12.33,12.42,9323023.0,115503193.0,9745941480.0,0.0009566056823891374
2016-06-28,12.38,12.43,12.35,12.4,9254436.0,114588307.0,9745941480.0,0.0009495681888703481
2016-06-29,12.41,12.45,12.35,12.42,12551329.0,155722613.0,9745941480.0,0.001287851874111602
2016-06-30,12.42,12.52,12.4,12.49,13529847.0,168563827.0,9745941480.0,0.00138825448806204
2016-07-01,12.49,12.56,12.44,12.55,10125840.0,126680568.0,9745941480.0,0.0010389801765975717
2016-07-04,12.57,12.65,12.54,12.61,15319547.0,193223009.0,9745941480.0,0.0015718899022159941
2016-07-05,12.68,12.73,12.56,12.65,14860474.0,187789587.0,9745941480.0,0.0015247858845136427
2016-07-06,12.64,13.04,12.6,13.0,43464709.0,559828179.0,9745941480.0,0.0044597752909963095
2016-07-07,13.0,13.0,12.85,12.9,14189867.0,183005963.0,9745941480.0,0.0014559770371204814
2016-07-08,12.9,12.96,12.84,12.92,10860496.0,140105691.0,9745941480.0,0.0011143608877897757
2016-07-11,12.93,12.98,12.8,12.93,26757377.0,344524844.0,9745941480.0,0.002745489192081625
2016-07-12,12.9,13.01,12.78,12.98,27868495.0,358370390.0,9745941480.0,0.0028594974695046087
2016-07-13,12.95,13.13,12.93,13.04,28044127.0,365844312.0,9745941480.0,0.0028775185093764793
2016-07-14,13.06,13.19,13.0,13.17,15875178.0,207895285.0,9745941480.0,0.0016289014286180589
2016-07-15,13.17,13.35,13.15,13.24,19956278.0,264171043.0,9745941480.0,0.002047650095268169
2016-07-18,13.25,13.29,13.04,13.13,16727467.0,219369704.0,9745941480.0,0.0017163520871048775
2016-07-19,12.94,13.0,12.75,12.89,23995300.0,308720346.0,9745941480.0,0.00246208127241905
2016-07-20,12.9,12.9,12.82,12.84,7259040.0,93218614.0,9745941480.0,0.0007448269636029048
2016-07-21,12.78,12.89,12.75,12.82,18136854.0,232567046.0,9745941480.0,0.0018609647961891928
2016-07-22,12.85,12.85,12.62,12.73,16522370.0,210649930.0,9745941480.0,0.0016953077374726858
2016-07-25,12.76,12.85,12.72,12.83,11463914.0,146755583.0,9745941480.0,0.0011762756859894463
2016-07-26,12.84,12.91,12.8,12.91,19919827.0,256350151.0,9745941480.0,0.002043909974308608
2016-07-27,12.92,13.13,12.83,13.12,46303256.0,601495474.0,9745941480.0,0.00475102955368864
2016-07-28,13.09,13.46,13.06,13.36,28823780.0,384189542.0,9745941480.0,0.0029575162193565727
2016-07-29,13.38,13.59,13.22,13.24,18913346.0,253533697.0,9745941480.0,0.0019406381660317543
2016-08-01,13.2,13.44,13.19,13.39,19416349.0,259745000.0,9745941480.0,0.0019922497010519706
2016-08-02,13.39,13.43,13.17,13.29,15565318.0,206361571.0,9745941480.0,0.0015971076813812348
2016-08-03,13.29,13.34,13.2,13.31,10132057.0,134622821.0,9745941480.0,0.0010396180831572159
2016-08-04,13.31,13.33,13.19,13.24,11625604.0,153780758.0,9745941480.0,0.001192866181667243
2016-08-05,13.24,13.32,13.19,13.25,6965134.0,92416673.0,9745941480.0,0.0007146702054689538
2016-08-08,13.28,13.63,13.25,13.51,15054594.0,202599354.0,9745941480.0,0.0015447039191538426
2016-08-09,13.52,13.61,13.46,13.55,11683264.0,158291774.0,9745941480.0,0.0011987824905347164
2016-08-10,13.55,13.72,13.51,13.69,17104391.0,233398446.0,9745941480.0,0.0017550270576835024
2016-08-11,13.73,14.08,13.58,13.93,26744160.0,371611518.0,9745941480.0,0.002744133037827352
2016-08-12,13.94,14.38,13.92,14.14,39648556.0,563775198.0,9745941480.0,0.00406821199176747
2016-08-15,14.16,14.34,14.08,14.15,31105239.0,441078989.0,9745941480.0,0.0031916094575195415
2016-08-16,14.16,14.18,13.65,13.73,72573919.0,1003639250.0,9745941480.0,0.00744657857313545
2016-08-17,13.69,13.84,13.62,13.67,25190709.0,345563141.0,9745941480.0,0.002584738380760316
2016-08-18,13.68,13.81,13.65,13.7,12378630.0,169877908.0,9745941480.0,0.0012701317800237807
2016-08-19,13.7,13.86,13.55,13.81,18223642.0,250019293.0,9745941480.0,0.0018698698363208313
2016-08-22,13.78,13.95,13.72,13.78,10862092.0,150240375.0,9745941480.0,0.0011145246482641511
2016-08-23,13.79,13.84,13.63,13.68,17986137.0,246667296.0,9745941480.0,0.001845500205076134
2016-08-24,13.68,13.79,13.64,13.71,11625710.0,159457967.0,9745941480.0,0.001192877057989476
2016-08-25,13.69,13.7,13.5,13.58,15303593.0,207764153.0,9745941480.0,0.0015702529131131208
2016-08-26,13.6,13.88,13.58,13.84,18633971.0,256193750.0,9745941480.0,0.0019119723875050396
2016-08-29,13.82,13.82,13.65,13.66,15147264.0,207598132.0,9745941480.0,0.0015542124925625965
2016-08-30,13.66,13.75,13.65,13.68,10296753.0,140857196.0,9745941480.0,0.001056517014916449
2016-08-31,13.68,13.84,13.63,13.79,12830616.0,176275686.0,9745941480.0,0.0013165086232387268
2016-09-01,13.83,13.83,13.67,13.68,10868083.0,148975656.0,9745941480.0,0.00111513936568394
2016-09-02,13.68,14.0,13.66,13.95,24223380.0,334742369.0,9745941480.0,0.002485483834446336
2016-09-05,13.9,13.95,13.75,13.79,11356848.0,156847325.0,9745941480.0,0.001165289984893281
2016-09-06,13.79,13.8,13.69,13.74,12266692.0,168501931.0,9745941480.0,0.0012586461785321535
2016-09-07,13.73,13.75,13.6,13.63,16591977.0,226534640.0,9745941480.0,0.001702449889941264
2016-09-08,13.6,13.63,13.57,13.6,10757205.0,146317036.0,9745941480.0,0.0011037625274146424
2016-09-09,13.6,13.65,13.52,13.55,19344121.0,263171355.0,9745941480.0,0.0019848386161251605
2016-09-12,13.47,13.75,13.26,13.73,38339293.0,516656942.0,9745941480.0,0.003933872687279875
2016-09-13,13.62,13.64,13.42,13.53,16634166.0,224441946.0,9745941480.0,0.0017067787687967935
2016-09-14,13.47,13.55,13.38,13.42,12908236.0,173184356.0,9745941480.0,0.0013244729641040283
2016-09-19,13.41,13.48,13.35,13.43,13389150.0,179570356.0,9745941480.0,0.0013738180172204358
2016-09-20,13.42,13.42,13.33,13.39,12816049.0,171360242.0,9745941480.0,0.0013150139497862038
2016-09-21,13.39,13.42,13.34,13.39,8362350.0,112012274.0,9745941480.0,0.0008580340870259361
2016-09-22,13.43,13.52,13.39,13.43,16610182.0,222992217.0,9745941480.0,0.0017043178469813673
2016-09-23,13.41,13.48,13.35,13.36,8730109.0,116857835.0,9745941480.0,0.0008957686661586644
2016-09-26,13.35,13.44,13.35,13.37,12655205.0,169604223.0,9745941480.0,0.0012985102594726436
2016-09-27,13.35,13.41,13.21,13.29,15119689.0,200813165.0,9745941480.0,0.0015513831096798255
2016-09-28,13.3,13.32,13.22,13.24,10815192.0,143467629.0,9745941480.0,0.0011097123887101362
2016-09-29,13.27,13.31,13.2,13.27,12269644.0,162821790.0,9745941480.0,0.00125894907384566
2016-09-30,13.28,13.34,13.27,13.3,7308139.0,97218147.0,9745941480.0,0.0007498648555398467
2016-10-10,13.36,13.4,13.28,13.35,15352718.0,204527118.0,9745941480.0,0.0015752934728272142
2016-10-11,13.31,13.54,13.29,13.48,17214016.0,231111950.0,9745941480.0,0.0017662753296154615
2016-10-12,13.47,13.57,13.42,13.54,9979200.0,134668281.0,9745941480.0,0.0010239339134632275
2016-10-13,13.51,13.57,13.49,13.52,12135803.0,164092344.0,9745941480.0,0.0012452160753175382
2016-10-14,13.53,13.64,13.51,13.61,11294545.0,153344959.0,9745941480.0,0.0011588972725906416
2016-10-17,13.63,13.68,13.48,13.51,10162022.0,137873336.0,9745941480.0,0.001042692696324296
2016-10-18,13.47,13.58,13.44,13.56,13673552.0,184660086.0,9745941480.0,0.0014029996001987076
2016-10-19,13.56,13.62,13.45,13.49,13438663.0,181929136.0,9745941480.0,0.0013788983883781744
2016-10-20,13.49,13.53,13.34,13.38,11527849.0,154827982.0,9745941480.0,0.0011828358526117478
2016-10-21,13.39,13.44,13.33,13.4,7523842.0,100687215.0,9745941480.0,0.0007719974530362151
2016-10-24,13.4,13.53,13.33,13.37,24250838.0,325164673.0,9745941480.0,0.0024883012123319255
2016-10-25,13.37,13.46,13.32,13.41,20155785.0,269948770.0,9745941480.0,0.0020681208728127926
2016-10-26,13.42,13.42,13.33,13.34,8501144.0,113570361.0,9745941480.0,0.0008722752971014146
2016-10-27,13.37,13.39,13.27,13.28,13085412.0,174155507.0,9745941480.0,0.0013426524288959716
2016-10-28,13.29,13.41,13.25,13.34,15648258.0,208857056.0,9745941480.0,0.0016056178904944544
2016-10-31,13.34,13.47,13.34,13.45,18210260.0,244555813.0,9745941480.0,0.0018684967519423275
2016-11-01,13.41,13.47,13.39,13.45,8695976.0,116800454.0,9745941480.0,0.0008922663877928395
2016-11-02,13.44,13.46,13.27,13.3,13433807.0,179149479.0,9745941480.0,0.0013784001296917288
2016-11-03,13.3,13.36,13.28,13.32,10470581.0,139508268.0,9745941480.0,0.0010743529520967326
2016-11-04,13.31,13.35,13.22,13.24,13829725.0,183572259.0,9745941480.0,0.001419024014086323
2016-11-07,13.25,13.28,13.13,13.14,16862207.0,222257239.0,9745941480.0,0.0017301773291583523
2016-11-08,13.18,13.22,13.07,13.13,23665940.0,310907844.0,9745941480.0,0.0024282866923186165
2016-11-09,13.13,13.14,13.03,13.11,20336786.0,265972785.0,9745941480.0,0.002086692808666444
2016-11-10,13.13,13.23,13.11,13.14,23943360.0,315465412.0,9745941480.0,0.0024567518745249022
2016-11-11,13.14,13.2,13.07,13.12,24602515.0,322727769.0,9745941480.0,0.00252438566868965
2016-11-14,13.13,13.16,13.02,13.03,30920042.0,403960428.0,9745941480.0,0.003172606983476367
2016-11-15,13.05,13.11,13.0,13.04,22018329.0,287009456.0,9745941480.0,0.002259230577690684
2016-11-16,13.04,13.09,13.02,13.07,14065473.0,183671299.0,9745941480.0,0.0014432133651596684
2016-11-17,13.08,13.08,13.03,13.08,13130287.0,171385963.0,9745941480.0,0.0013472569096526117
2016-11-18,13.08,13.08,13.02,13.03,11075702.0,144507701.0,9745941480.0,0.0011364424896998253
2016-11-21,13.03,13.14,13.02,13.09,24633015.0,322186972.0,9745941480.0,0.002527515176501963
2016-11-22,13.09,13.14,13.04,13.08,24952100.0,326489895.0,9745941480.0,0.0025602554715934947
2016-11-23,13.08,13.11,13.03,13.07,29729833.0,388669299.0,9745941480.0,0.003050483430565397
2016-11-24,13.08,13.26,13.06,13.18,46974806.0,618137103.0,9745941480.0,0.004819935159306949
2016-11-25,13.22,13.49,13.21,13.34,38632994.0,515835726.0,9745941480.0,0.003964008411017054
2016-11-28,13.39,13.43,13.25,13.29,40031542.0,533616762.0,9745941480.0,0.004107508964849643
2016-11-29,13.25,13.59,13.24,13.47,65000869.0,873558998.0,9745941480.0,0.00666953204401962
2016-11-30,13.45,13.55,13.29,13.34,34145975.0,456186041.0,9745941480.0,0.0035036096892303525
2016-12-01,13.34,13.39,13.18,13.31,43514760.0,577700136.0,9745941480.0,0.00446491086461972
2016-12-02,13.32,13.41,13.22,13.34,34937020.0,464995136.0,9745941480.0,0.0035847762960300477
2016-12-05,13.22,13.35,13.17,13.3,41787330.0,554215488.0,9745941480.0,0.00428766477674356
2016-12-06,13.25,13.29,13.17,13.21,24557002.0,324498318.0,9745941480.0,0.0025197157247859856
2016-12-07,13.2,13.22,13.05,13.15,29620169.0,388515904.0,9745941480.0,0.0030392311569677104
2016-12-08,13.17,13.18,13.06,13.07,20971334.0,274708543.0,9745941480.0,0.002151801756970944
2016-12-09,13.08,13.17,13.06,13.15,26207115.0,343648799.0,9745941480.0,0.0026890285616613407
2016-12-12,13.15,13.15,13.0,13.08,42775811.0,559014521.0,9745941480.0,0.0043890896623770825
2016-12-13,13.01,13.06,12.98,12.99,26060258.0,339217944.0,9745941480.0,0.002673960032848463
2016-12-14,12.97,13.02,12.92,12.93,25739727.0,333564144.0,9745941480.0,0.002641071368304584
2016-12-15,12.91,12.94,12.8,12.88,44269320.0,569500842.0,9745941480.0,0.004542333861828196
2016-12-16,12.93,13.04,12.83,12.94,72951355.0,946321849.0,9745941480.0,0.007485306078402597
2016-12-19,12.95,12.96,12.85,12.88,16011852.0,206743830.0,9745941480.0,0.0016429251122488783
2016-12-20,12.88,12.92,12.64,12.73,26365380.0,336161522.0,9745941480.0,0.002705267629002837
2016-12-21,12.71,12.89,12.7,12.89,31222762.0,400854977.0,9745941480.0,0.0032036681180646694
2016-12-22,12.88,12.96,12.78,12.8,22433724.0,288634064.0,9745941480.0,0.002301852934992177
2016-12-23,12.81,12.88,12.65,12.78,21250453.0,270937285.0,9745941480.0,0.0021804412681533975
2016-12-26,12.72,12.75,12.65,12.66,28259072.0,358216842.0,9745941480.0,0.002899573330908201
2016-12-27,12.69,12.7,12.53,12.56,46245379.0,582595409.0,9745941480.0,0.004745090979142633
2016-12-28,12.58,12.58,12.4,12.45,27639800.0,344557119.0,9745941480.0,0.0028360318042870087
2016-12-29,12.45,12.71,12.44,12.58,31351206.0,394200166.0,9745941480.0,0.003216847347620232
2016-12-30,12.62,12.71,12.6,12.66,24691166.0,312349160.0,9745941480.0,0.0025334818653148738
2017-01-03,12.68,12.72,12.59,12.61,29123130.0,368218819.0,9745941480.0,0.002988231568983318
2017-01-04,12.64,12.72,12.6,12.7,28201784.0,357081132.0,9745941480.0,0.0028936951917753564
2017-01-05,12.7,12.77,12.67,12.7,21187928.0,269342016.0,9745941480.0,0.002174025777138157
2017-01-06,12.73,12.84,12.68,12.71,27010813.0,344331536.0,9745941480.0,0.002771493452472485
2017-01-09,12.7,12.76,12.69,12.73,20154690.0,256400417.0,9745941480.0,0.00206800851835199
2017-01-10,12.77,12.78,12.7,12.72,15033875.0,191293737.0,9745941480.0,0.0015425780085845538
2017-01-11,12.73,12.75,12.68,12.7,21781184.0,276754945.0,9745941480.0,0.0022348978848988534
2017-01-12,12.69,12.72,12.64,12.66,16820600.0,213402735.0,9745941480.0,0.0017259081674682907
2017-01-13,12.66,12.79,12.66,12.78,17738386.0,225739461.0,9745941480.0,0.0018200792644201267
2017-01-16,12.73,13.04,12.7,12.94,69740263.0,901127583.0,9745941480.0,0.007155826160368039
2017-01-17,12.93,13.04,12.87,12.93,17506366.0,226633400.0,9745941480.0,0.0017962724315475779
2017-01-18,12.96,12.99,12.91,12.93,15338479.0,198545788.0,9745941480.0,0.0015738324544095253
2017-01-19,12.91,13.03,12.89,12.94,16581747.0,215032554.0,9745941480.0,0.0017014002222389703
2017-01-20,12.92,13.01,12.92,12.96,10699351.0,138844065.0,9745941480.0,0.0010978263128253465
2017-01-23,13.01,13.08,12.97,13.01,17952115.0,233712481.0,9745941480.0,0.0018420093160666094
2017-01-24,13.02,13.08,12.99,13.06,10240989.0,133459026.0,9745941480.0,0.0010507952485674067
2017-01-25,13.05,13.07,12.97,13.05,12313258.0,160372146.0,9745941480.0,0.001263424167410453
2017-01-26,13.05,13.06,13.0,13.03,8524590.0,111049524.0,9745941480.0,0.0008746810164511679
2017-02-03,13.05,13.07,12.9,12.91,9313897.0,120548690.0,9745941480.0,0.0009556692926089681
2017-02-06,12.94,13.02,12.9,12.97,9932815.0,128888142.0,9745941480.0,0.0010191744964181747
2017-02-07,12.98,13.02,12.94,12.98,8116045.0,105404574.0,9745941480.0,0.0008327615158222764
2017-02-08,13.0,13.12,12.98,13.1,19306776.0,251894601.0,9745941480.0,0.0019810067646743143
2017-02-09,13.1,13.1,13.04,13.06,11935561.0,155863880.0,9745941480.0,0.0012246698817649786
2017-02-10,13.08,13.15,13.05,13.12,13676308.0,179255262.0,9745941480.0,0.0014032823845767644
2017-02-13,13.13,13.16,13.07,13.15,19376881.0,254185038.0,9745941480.0,0.001988200015336025
2017-02-14,13.14,13.18,13.11,13.14,9902299.0,130225977.0,9745941480.0,0.001016043346896846
2017-02-15,13.16,13.22,13.09,13.18,16490445.0,217185066.0,9745941480.0,0.0016920320149511096
2017-02-16,13.17,13.21,13.11,13.17,14891244.0,195872954.0,9745941480.0,0.0015279430961656051
2017-02-17,13.17,13.2,13.1,13.12,10629049.0,139779024.0,9745941480.0,0.001090612848621373
2017-02-20,13.12,13.28,13.11,13.27,18408454.0,243284579.0,9745941480.0,0.0018888328067408013
2017-02-21,13.27,13.29,13.2,13.23,12847512.0,170079741.0,9745941480.0,0.0013182422679599345
2017-02-22,13.25,13.25,13.11,13.19,17006719.0,223971196.0,9745941480.0,0.0017450052449935294
2017-02-23,13.18,13.21,13.09,13.18,17460500.0,229813216.0,9745941480.0,0.0017915662674387412
2017-02-24,13.16,13.19,13.06,13.14,15201850.0,199408279.0,9745941480.0,0.001559813388085314
2017-02-27,13.12,13.14,12.97,13.01,25940984.0,338341457.0,9745941480.0,0.0026617217077728648
2017-02-28,13.04,13.06,12.91,12.96,25934354.0,336800697.0,9745941480.0,0.0026610414245992376
2017-03-01,12.96,13.06,12.96,13.0,15398849.0,200652543.0,9745941480.0,0.0015800268277416335
2017-03-02,13.04,13.08,12.98,13.0,13552582.0,176756826.0,9745941480.0,0.0013905872539673816
2017-03-03,13.04,13.04,12.96,13.02,12134712.0,157653460.0,9745941480.0,0.0012451041312839897
2017-03-06,13.04,13.06,12.96,12.98,19528726.0,253871499.0,9745941480.0,0.0020037803469347324
2017-03-07,12.97,13.02,12.94,12.96,17762291.0,230474700.0,9745941480.0,0.0018225320802972849
2017-03-08,12.95,13.01,12.95,12.97,11090850.0,143954522.0,9745941480.0,0.0011379967777110026
2017-03-09,12.95,13.0,12.87,12.99,18868485.0,244053879.0,9745941480.0,0.0019360351217705034
2017-03-10,12.95,12.99,12.88,12.9,15944017.0,206074223.0,9745941480.0,0.001635964779053855
2017-03-13,12.95,13.05,12.91,13.02,16044609.0,208548230.0,9745941480.0,0.0016462862036393019
2017-03-14,13.04,13.1,12.99,13.08,16011796.0,208952612.0,9745941480.0,0.0016429193662673214
2017-03-15,13.12,13.31,13.1,13.17,45924092.0,606350340.0,9745941480.0,0.004712124743847733
2017-03-16,13.13,13.23,13.12,13.17,22134657.0,291499369.0,9745941480.0,0.002271166623093657
2017-03-17,13.17,13.2,13.07,13.15,21958740.0,288653162.0,9745941480.0,0.0022531163402799335
2017-03-20,13.25,13.3,13.15,13.18,23984340.0,316463305.0,9745941480.0,0.002460956701742888
2017-03-21,13.17,13.24,13.15,13.21,20927989.0,276276210.0,9745941480.0,0.002147354264638987
2017-03-22,13.16,13.23,13.13,13.17,17319586.0,228049876.0,9745941480.0,0.0017771075309186036
2017-03-23,13.2,13.36,13.17,13.26,29157419.0,387692067.0,9745941480.0,0.0029917498540120518
2017-03-24,13.26,13.43,13.24,13.42,22970330.0,306935842.0,9745941480.0,0.0023569123667670534
2017-03-27,13.42,13.47,13.31,13.34,26265456.0,351505659.0,9745941480.0,0.0026950147457688203
2017-03-28,13.37,13.37,13.23,13.27,20225152.0,268682464.0,9745941480.0,0.002075238399646126
2017-03-29,13.27,13.35,13.22,13.27,14857829.0,197095823.0,9745941480.0,0.0015245144894918865
2017-03-30,13.25,13.29,13.14,13.25,27067379.0,357796455.0,9745941480.0,0.0027772975094859692
2017-03-31,13.23,13.32,13.22,13.27,13549419.0,179647399.0,9745941480.0,0.001390262708616223
2017-04-05,13.3,13.36,13.27,13.31,20428291.0,272213394.0,9745941480.0,0.002096081845137449
2017-04-06,13.34,13.35,13.25,13.26,18327638.0,243603807.0,9745941480.0,0.001880540534499495
2017-04-07,13.26,13.32,13.21,13.27,15628784.0,207439931.0,9745941480.0,0.0016036197254079962
2017-04-10,13.28,13.36,13.23,13.3,17584643.0,233850035.0,9745941480.0,0.001804304185089361
2017-04-11,13.32,13.34,13.19,13.29,23075723.0,306105858.0,9745941480.0,0.0023677264066642024
2017-04-12,13.27,13.56,13.24,13.55,36095561.0,485467844.0,9745941480.0,0.003703650496370516
2017-04-13,13.5,13.65,13.46,13.57,20741965.0,281361100.0,9745941480.0,0.0021282669347610327
2017-04-14,13.56,13.62,13.42,13.55,23912957.0,323407724.0,9745941480.0,0.002453632319573501
2017-04-17,13.5,13.55,13.37,13.52,20732376.0,278724428.0,9745941480.0,0.002127283038026204
2017-04-18,13.48,13.53,13.45,13.46,11139011.0,150246245.0,9745941480.0,0.0011429384244568642
2017-04-19,13.45,13.59,13.41,13.47,24226068.0,327377307.0,9745941480.0,0.0024857596415610735
2017-04-20,13.5,13.75,13.46,13.66,23311818.0,317795042.0,9745941480.0,0.002391951362301839
2017-04-21,13.61,13.82,13.6,13.81,35341620.0,484032188.0,9745941480.0,0.0036262910127796088
2017-04-24,13.74,13.84,13.54,13.81,57452245.0,788086397.0,9745941480.0,0.005894991788930791
2017-04-25,13.74,13.78,13.6,13.69,20598962.0,282292582.0,9745941480.0,0.0021135938526074547
2017-04-26,13.68,14.06,13.63,13.92,37348146.0,518903778.0,9745941480.0,0.0038321742518815124
2017-04-27,13.86,13.99,13.81,13.89,16451534.0,228471280.0,9745941480.0,0.0016880394812302936
2017-04-28,13.88,13.91,13.78,13.89,12011867.0,166521830.0,9745941480.0,0.0012324993972773167
2017-05-02,13.89,14.2,13.89,14.0,33875230.0,475020747.0,9745941480.0,0.003475829407504302
2017-05-03,13.96,14.13,13.93,14.0,20811993.0,291850543.0,9745941480.0,0.002135452284698102
2017-05-04,14.0,14.06,13.96,14.0,17126876.0,239874459.0,9745941480.0,0.0017573341718854648
2017-05-05,14.0,14.07,13.83,14.06,29047967.0,405720170.0,9745941480.0,0.0029805193330588314
2017-05-08,14.0,14.18,13.96,14.16,29479468.0,414726338.0,9745941480.0,0.003024794275698852
2017-05-09,14.13,14.17,13.95,13.97,16213271.0,227736880.0,9745941480.0,0.0016635920740209493
2017-05-10,14.0,14.05,13.85,13.97,23697534.0,330488853.0,9745941480.0,0.002431528451984918
2017-05-11,13.91,14.14,13.91,14.1,21435396.0,300676489.0,9745941480.0,0.0021994176800659384
2017-05-12,14.06,14.19,14.05,14.12,9749948.0,137599020.0,9745941480.0,0.001000411096250498
2017-05-15,14.1,14.24,14.1,14.21,17148074.0,243111154.0,9745941480.0,0.0017595092311184287
2017-05-16,14.22,14.35,14.16,14.33,20406492.0,290989223.0,9745941480.0,0.0020938451192095606
2017-05-17,14.33,14.36,14.17,14.2,15019441.0,214053858.0,9745941480.0,0.0015410969818382288
2017-05-18,14.15,14.26,14.15,14.24,15176331.0,215543057.0,9745941480.0,0.001557194964811137
2017-05-19,14.2,14.31,14.18,14.29,15606983.0,222256591.0,9745941480.0,0.0016013827942664806
2017-05-22,14.29,14.57,14.26,14.56,26857956.0,388124210.0,9745941480.0,0.0027558092827784965
2017-05-23,14.57,14.78,14.47,14.76,38938123.0,570411416.0,9745941480.0,0.003995316725419123
2017-05-24,14.72,14.8,14.54,14.78,32007948.0,469687287.0,9745941480.0,0.0032842335515439604
2017-05-25,14.71,14.76,14.62,14.69,19936337.0,292960875.0,9745941480.0,0.0020456040127997976
2017-05-26,14.61,14.69,14.48,14.64,30326010.0,441788530.0,9745941480.0,0.0031116552528283803
2017-05-31,14.56,14.87,14.33,14.81,61810534.0,901285788.0,9745941480.0,0.0063421819356132645
2017-06-01,14.75,15.05,14.68,15.03,35477869.0,528181565.0,9745941480.0,0.003640271088514683
2017-06-02,14.99,15.15,14.94,14.98,20880070.0,314300232.0,9745941480.0,0.0021424374487419968
2017-06-05,14.91,15.01,14.73,14.78,22790160.0,337890584.0,9745941480.0,0.0023384256971754358
2017-06-06,14.82,14.85,14.57,14.78,30627610.0,450044604.0,9745941480.0,0.003142601467785542
2017-06-07,14.76,14.91,14.7,14.8,18156420.0,269137024.0,11505941480.0,0.0015780038540574952
2017-06-08,14.79,15.06,14.75,15.05,25267028.0,376980101.0,11505941480.0,0.0021959983060855963
2017-06-09,15.08,15.15,14.84,14.88,28952167.0,432903970.0,11505941480.0,0.0025162797021282953
2017-06-12,14.83,14.95,14.8,14.89,16132987.0,239875959.0,11505941480.0,0.0014021440164668734
2017-06-13,14.88,14.9,14.65,14.7,29584530.0,435883580.0,11505941480.0,0.0025712393941360458
2017-06-14,14.73,14.74,14.47,14.53,37278235.0,542184109.0,11505941480.0,0.0032399117503594324
2017-06-15,14.53,14.54,14.38,14.4,18695390.0,270023522.0,11505941480.0,0.001624846609249398
2017-06-16,14.41,14.48,14.38,14.4,15505655.0,223583950.0,11505941480.0,0.0013476215768133736
2017-06-19,14.43,14.53,14.42,14.53,15910151.0,230497068.0,11505941480.0,0.001382776978976952
2017-06-20,14.55,14.61,14.48,14.56,22363723.0,325005118.0,11505941480.0,0.0019436673686263177
2017-06-21,14.68,14.73,14.51,14.71,25616713.0,374732793.0,11505941480.0,0.002226389995510389
2017-06-22,14.71,14.88,14.67,14.81,30167767.0,446398859.0,11505941480.0,0.002621929465957965
2017-06-23,14.82,14.9,14.78,14.88,18746703.0,278006884.0,11505941480.0,0.0016293063051455742
2017-06-26,14.91,15.02,14.88,14.95,21191743.0,317064661.0,11505941480.0,0.001841808689609292
2017-06-27,15.01,15.04,14.95,15.01,18110038.0,271636862.0,11505941480.0,0.0015739727193536882
2017-06-28,15.02,15.11,14.9,15.0,18423610.0,276356937.0,11505941480.0,0.0016012257694882697
2017-06-29,15.07,15.23,15.02,15.19,21299587.0,322537147.0,11505941480.0,0.0018511815862286135
2017-06-30,15.1,15.39,15.07,15.38,27116321.0,413593323.0,11505941480.0,0.0023567233543760383
2017-07-03,15.39,15.47,15.23,15.34,24521469.0,376307667.0,11505941480.0,0.002131200566474635
2017-07-04,15.32,15.43,15.14,15.41,26304603.0,402375402.0,11505941480.0,0.002286175628975996
2017-07-05,15.4,15.43,15.12,15.19,25516246.0,389245922.0,11505941480.0,0.002217658245903055
2017-07-06,15.2,15.27,15.14,15.25,19751527.0,300118971.0,11505941480.0,0.0017166371856082133
2017-07-07,15.23,15.37,15.12,15.34,20621659.0,314416579.0,11505941480.0,0.0017922617663096267
2017-07-10,15.38,15.58,15.3,15.52,18203354.0,281169547.0,11505941480.0,0.0015820829639748872
2017-07-11,15.52,15.68,15.45,15.63,14176720.0,221001410.0,11505941480.0,0.0012321216846654778
2017-07-12,15.66,15.7,15.26,15.33,26575518.0,409918124.0,11505941480.0,0.0023097212901868505
2017-07-13,15.37,15.37,15.13,15.21,30635078.0,467130301.0,11505941480.0,0.0026625442214573128
2017-07-14,14.58,14.86,14.56,14.85,39781497.0,586554576.0,11505941480.0,0.0034574743030937093
2017-07-17,14.88,15.0,14.68,14.98,26792590.0,398104310.0,11505941480.0,0.0023285873691059307
2017-07-18,14.95,15.02,14.88,14.94,18191811.0,272177189.0,11505941480.0,0.001581079743158923
2017-07-19,14.91,15.0,14.84,14.91,18520685.0,276034266.0,11505941480.0,0.0016096627148845886
2017-07-20,14.92,15.1,14.9,15.1,14022195.0,210215920.0,11505941480.0,0.0012186916667683242
2017-07-21,15.04,15.15,14.99,15.03,10380539.0,156371613.0,11505941480.0,0.0009021894486464918
2017-07-24,15.04,15.11,14.91,14.92,12680007.0,189851933.0,11505941480.0,0.0011020399349362935
2017-07-25,14.9,15.01,14.82,14.89,16696493.0,248961553.0,11505941480.0,0.0014511192351379836
2017-07-26,14.82,15.0,14.78,14.97,22219621.0,331274030.0,11505941480.0,0.0019311432305320572
2017-07-27,14.95,15.07,14.93,15.01,17009655.0,255250715.0,11505941480.0,0.0014783366515088517
2017-07-28,14.99,15.33,14.99,15.32,18382830.0,279647521.0,11505941480.0,0.0015976815136730558
2017-07-31,15.3,15.35,15.12,15.21,11857578.0,180751225.0,11505941480.0,0.0010305612991871396
2017-08-01,15.24,15.35,15.2,15.29,11296913.0,172838871.0,11505941480.0,0.0009818329964250783
2017-08-02,15.3,15.5,15.3,15.48,14388309.0,222359736.0,11505941480.0,0.0012505112271786038
2017-08-03,15.47,15.62,15.45,15.49,17115133.0,265951796.0,11505941480.0,0.00148750391523806
2017-08-04,15.45,15.5,14.94,14.98,45504713.0,688557835.0,11505941480.0,0.003954888270472935
2017-08-07,14.95,15.06,14.77,15.02,32384385.0,482891121.0,11505941480.0,0.00281457932462907
2017-08-08,15.03,15.05,14.82,14.91,20957647.0,312444791.0,11505941480.0,0.0018214630272915312
2017-08-09,14.93,14.96,14.84,14.92,14146923.0,210515826.0,11505941480.0,0.0012295319791596924
2017-08-10,14.95,15.08,14.78,15.05,25739692.0,383464891.0,11505941480.0,0.0022370782994804526
2017-08-11,14.96,15.25,14.96,15.12,33293352.0,502687195.0,11505941480.0,0.002893579118047105
2017-08-14,15.2,15.23,14.94,15.02,24262039.0,366234146.0,11505941480.0,0.002108653085205853
2017-08-15,15.04,15.23,15.02,15.09,20728006.0,314014830.0,11505941480.0,0.001801504556235584
2017-08-16,15.09,15.35,15.09,15.34,20800860.0,317743858.0,11505941480.0,0.0018078364153126217
2017-08-17,15.36,15.45,15.31,15.33,18153848.0,279408503.0,11505941480.0,0.0015777803173739069
2017-08-18,15.3,15.44,15.27,15.42,7628526.0,117288929.0,11505941480.0,0.0006630075438207426
2017-08-21,15.38,15.49,15.22,15.28,12950256.0,197999102.0,11505941480.0,0.0011255277130090184
2017-08-22,15.25,15.3,15.17,15.26,9815278.0,149339029.0,11505941480.0,0.0008530617000843638
2017-08-23,15.24,15.32,15.2,15.25,7253416.0,110747470.0,11505941480.0,0.0006304061264876171
2017-08-24,15.25,15.3,15.19,15.25,9534970.0,145588985.0,11505941480.0,0.0008286996780379939
2017-08-25,15.29,15.37,15.25,15.36,17854867.0,273226989.0,11505941480.0,0.001551795394669433
2017-08-28,15.37,15.44,15.19,15.28,22917687.0,350745885.0,11505941480.0,0.00199181327663071
2017-08-29,15.3,15.41,15.28,15.4,14226131.0,218425429.0,11505941480.0,0.0012364160746626707
2017-08-30,15.4,15.41,15.11,15.15,16715077.0,254935014.0,11505941480.0,0.0014527344006620133
2017-08-31,15.14,15.27,14.96,14.98,20749645.0,312871559.0,11505941480.0,0.001803385236755089
2017-09-01,14.99,15.06,14.93,14.97,18526365.0,277647413.0,11505941480.0,0.001610156372879449
2017-09-04,14.97,15.06,14.92,14.98,18139029.0,272008396.0,11505941480.0,0.00157649237409471
2017-09-05,15.0,15.08,14.86,14.89,19678211.0,294158567.0,11505941480.0,0.0017102651733632839
2017-09-06,14.91,15.0,14.9,15.0,11295314.0,169038531.0,11505941480.0,0.0009816940247465956
2017-09-07,15.0,15.12,14.98,15.1,23192409.0,349469754.0,11505941480.0,0.0020156898103743876
2017-09-08,15.12,15.34,15.12,15.23,22613680.0,345022038.0,11505941480.0,0.0019653915361300795
2017-09-11,15.27,15.44,15.26,15.3,25991555.0,399077788.0,11505941480.0,0.0022589681205296727
2017-09-12,15.3,15.3,15.14,15.22,13007192.0,198007608.0,11505941480.0,0.0011304761129377829
2017-09-13,15.22,15.32,15.17,15.19,13164344.0,200832687.0,11505941480.0,0.0011441344476575592
2017-09-14,15.19,15.19,14.95,15.04,13301692.0,200290807.0,11505941480.0,0.0011560715846783535
2017-09-15,15.01,15.15,14.95,15.05,18847493.0,283786219.0,11505941480.0,0.001638066127205785
2017-09-18,15.0,15.07,14.93,14.97,22337038.0,334834309.0,11505941480.0,0.00194134813207828
2017-09-19,15.0,15.05,14.95,14.98,11702125.0,175411367.0,11505941480.0,0.0010170506273077273
2017-09-20,14.97,15.0,14.94,14.98,11855556.0,177586426.0,11505941480.0,0.0010303855638938988
2017-09-21,15.01,15.04,14.93,15.0,12997718.0,194434678.0,11505941480.0,0.0011296527122611438
2017-09-22,14.96,15.12,14.93,15.12,21251310.0,319195080.0,11505941480.0,0.0018469857540071549
2017-09-25,15.1,15.33,15.01,15.3,31302362.0,475526107.0,11505941480.0,0.002720538954105649
2017-09-26,15.22,15.31,15.13,15.25,11320571.0,172529498.0,11505941480.0,0.0009838891515029677
2017-09-27,15.21,15.34,15.09,15.14,11911615.0,181020180.0,11505941480.0,0.0010352577423329637
2017-09-28,15.11,15.16,14.95,15.14,19113328.0,287574724.0,11505941480.0,0.0016611702773930673
2017-09-29,15.09,15.19,15.01,15.07,12198715.0,184207641.0,11505941480.0,0.0010602100680943147
2017-10-09,15.12,15.32,15.12,15.24,24800665.0,378192153.0,11505941480.0,0.0021554659428008843
2017-10-10,15.2,15.3,15.14,15.27,14848050.0,226391402.0,11505941480.0,0.001290468061723533
2017-10-11,15.2,15.55,15.2,15.53,30978186.0,476805253.0,11505941480.0,0.0026923642931651693
2017-10-12,15.45,15.61,15.31,15.35,28065595.0,433311418.0,11505941480.0,0.0024392262944135886
2017-10-13,15.33,15.41,15.31,15.37,13965382.0,214562039.0,11505941480.0,0.001213753956968674
2017-10-16,15.31,15.45,15.31,15.38,25400631.0,391127518.0,11505941480.0,0.002207609959093934
2017-10-17,15.38,15.66,15.37,15.48,26842872.0,417022184.0,11505941480.0,0.0023329574591231103
2017-10-18,15.5,15.94,15.46,15.91,35717212.0,560814297.0,11505941480.0,0.0031042407144243533
2017-10-19,15.82,16.06,15.82,16.05,26639436.0,425665869.0,11505941480.0,0.002315276507038171
2017-10-20,15.89,16.32,15.86,15.96,23261167.0,374589331.0,11505941480.0,0.002021665679460765
2017-10-23,15.96,16.1,15.9,15.99,13292266.0,212355718.0,11505941480.0,0.0011552523557594176
2017-10-24,16.02,16.27,15.95,16.23,19423786.0,313863160.0,11505941480.0,0.0016881526847466635
2017-10-25,16.25,16.34,16.15,16.29,11852297.0,192808625.0,11505941480.0,0.0010301023189281857
2017-10-26,16.3,16.37,15.91,16.0,28636766.0,460906242.0,11505941480.0,0.002488867690642904
2017-10-27,16.01,16.17,15.93,16.05,11978805.0,192346220.0,11505941480.0,0.0010410973340010416
2017-10-30,16.15,16.25,15.83,16.07,25982398.0,415857380.0,11505941480.0,0.002258172270836198
2017-10-31,16.06,16.06,15.81,15.91,13194019.0,209674852.0,11505941480.0,0.0011467135499458494
2017-11-01,15.98,16.03,15.82,15.93,16327446.0,259995031.0,11505941480.0,0.0014190447629497244
2017-11-02,15.93,16.02,15.82,15.98,13032937.0,207459626.0,11505941480.0,0.001132713652564136
2017-11-03,15.92,16.08,15.79,16.04,25839458.0,411728139.0,11505941480.0,0.0022457491240429985
2017-11-06,15.98,16.36,15.97,16.3,26406432.0,428216292.0,11505941480.0,0.002295025752208154
2017-11-07,16.35,16.53,16.23,16.45,18681599.0,306205673.0,11505941480.0,0.0016236480111143413
2017-11-08,16.5,16.64,16.27,16.43,22416568.0,368695274.0,11505941480.0,0.0019482602131225162
2017-11-09,16.49,16.53,16.38,16.52,11073219.0,182361078.0,11505941480.0,0.000962391388766215
2017-11-10,16.5,16.67,16.47,16.59,15830347.0,262138392.0,11505941480.0,0.0013758410841491608
2017-11-13,16.66,16.69,16.21,16.32,28326589.0,464291338.0,11505941480.0,0.0024619097054541946
2017-11-14,16.35,16.38,16.03,16.26,26297046.0,426008982.0,11505941480.0,0.0022855188378726222
2017-11-15,16.19,16.28,16.06,16.24,22704106.0,367586822.0,11505941480.0,0.0019732506061729076
2017-11-16,16.17,16.32,16.12,16.3,10241890.0,166045092.0,11505941480.0,0.0008901392396096213
2017-11-17,16.31,16.95,16.13,16.93,41431915.0,685508854.0,11505941480.0,0.00360091480319262
2017-11-20,16.81,17.13,16.74,17.02,30538197.0,516430258.0,11505941480.0,0.002654124136915044
2017-11-21,16.96,17.02,16.8,16.87,32012229.0,542028318.0,11505941480.0,0.002782234644217919
2017-11-22,16.98,17.27,16.86,17.16,33422512.0,572306023.0,11505941480.0,0.0029048046227330543
2017-11-23,17.15,17.18,16.63,16.8,31923912.0,538688216.0,11505941480.0,0.002774558870779169
2017-11-24,16.8,16.98,16.75,16.85,20705008.0,348884188.0,11505941480.0,0.0017995057628261116
2017-11-27,16.85,16.88,16.49,16.82,55195340.0,922511644.0,11505941480.0,0.004797116350360579
2017-11-28,16.76,16.78,16.46,16.55,19828459.0,329181413.0,11505941480.0,0.001723323470266772
2017-11-29,16.42,16.66,16.4,16.5,23448417.0,387556075.0,11505941480.0,0.0020379398800835897
2017-11-30,16.51,16.56,16.25,16.46,20471784.0,336096635.0,11505941480.0,0.0017792358874399558
2017-12-01,16.48,16.51,16.32,16.47,20341426.0,334595445.0,11505941480.0,0.001767906262634668
2017-12-04,16.35,16.52,16.28,16.48,21324424.0,350702669.0,11505941480.0,0.001853340210105084
2017-12-05,16.48,16.98,16.47,16.89,60826941.0,1019052796.0,11505941480.0,0.005286567909782208
2017-12-06,16.84,16.91,16.67,16.74,26091813.0,437953648.0,11505941480.0,0.002267681705608675
2017-12-07,16.7,16.74,16.42,16.6,21597048.0,357007851.0,11505941480.0,0.0018770344032724908
2017-12-08,16.6,16.6,16.46,16.52,12158515.0,200800817.0,11505941480.0,0.0010567162210180128
2017-12-11,16.53,16.59,16.45,16.52,18063392.0,297932349.0,11505941480.0,0.0015699186399825145
2017-12-12,16.47,16.53,16.38,16.41,11047553.0,181550355.0,11505941480.0,0.0009601607151577482
2017-12-13,16.4,16.54,16.37,16.49,10252423.0,168822988.0,11505941480.0,0.0008910546796905836
2017-12-14,16.52,16.59,16.4,16.47,12245323.0,201810086.0,11505941480.0,0.0010642608448239734
2017-12-15,16.44,16.48,16.26,16.4,27277838.0,446335310.0,11505941480.0,0.002370761058311936
2017-12-18,16.45,16.52,16.2,16.43,20914054.0,342173150.0,11505941480.0,0.001817674289092595
2017-12-19,16.35,16.44,16.33,16.38,20488523.0,335823746.0,11505941480.0,0.0017806907010272748
2017-12-20,16.46,16.46,16.3,16.43,23364936.0,382785426.0,11505941480.0,0.0020306844112334215
2017-12-21,16.41,16.6,16.36,16.5,20249432.0,333837065.0,11505941480.0,0.0017599109151735404
2017-12-22,16.48,16.67,16.4,16.43,15461477.0,255631767.0,11505941480.0,0.0013437819953174314
2017-12-25,16.4,16.47,16.16,16.33,30291209.0,493060144.0,11505941480.0,0.002632658010007539
2017-12-26,16.29,16.29,16.11,16.12,26844867.0,433936811.0,11505941480.0,0.0023331308478026433
2017-12-27,16.13,16.17,15.72,15.79,41930655.0,669187873.0,11505941480.0,0.003644261103959656
2017-12-28,15.79,15.88,15.72,15.82,18552330.0,293016445.0,11505941480.0,0.0016124130330619412
2017-12-29,15.82,15.82,15.56,15.59,26676442.0,417742958.0,11505941480.0,0.0023184927584039825
2018-01-02,15.69,15.83,15.59,15.64,33821355.0,530418447.0,11505941480.0,0.00293946871351548
2018-01-03,15.72,16.12,15.7,15.99,42081989.0,670341901.0,11505941480.0,0.0036574137868811757
2018-01-04,16.0,16.02,15.82,15.85,27101885.0,431048400.0,11505941480.0,0.002355468698246847
2018-01-05,15.93,16.03,15.85,16.01,26421005.0,421647040.0,11505941480.0,0.002296292315229123
2018-01-08,16.02,16.03,15.93,15.98,23727593.0,379231073.0,11505941480.0,0.0020622035181774626
2018-01-09,16.0,16.23,15.98,16.13,26552857.0,428383296.0,11505941480.0,0.002307751785992918
2018-01-10,16.14,16.25,16.08,16.17,15892857.0,256704656.0,11505941480.0,0.0013812739294411917
2018-01-11,16.23,16.41,16.17,16.32,18820760.0,306624557.0,11505941480.0,0.0016357427189000442
2018-01-12,16.36,16.38,16.24,16.28,14243015.0,232173745.0,11505941480.0,0.0012378834904347175
2018-01-15,16.28,16.46,16.13,16.37,25661213.0,419948288.0,11505941480.0,0.002230257562547589
2018-01-16,16.37,16.42,16.02,16.06,36581181.0,591415574.0,11505941480.0,0.003179329658819019
2018-01-17,16.09,16.25,15.95,16.12,30619367.0,492965500.0,11505941480.0,0.002661178753014134
2018-01-18,16.11,16.18,15.92,16.07,31915173.0,511765924.0,11505941480.0,0.002773799350142358
2018-01-19,16.1,16.19,16.01,16.1,24894290.0,400649109.0,11505941480.0,0.0021636030431122963
2018-01-22,16.2,16.23,15.98,16.09,24695932.0,397394941.0,11505941480.0,0.0021463634282276917
2018-01-23,16.13,16.28,16.0,16.14,42859843.0,689934389.0,11505941480.0,0.0037250183372217185
2018-01-24,16.14,16.16,15.99,16.01,27414171.0,439752702.0,11505941480.0,0.0023826099800396345
2018-01-25,16.01,16.11,16.0,16.07,21777166.0,349531198.0,11505941480.0,0.0018926887502299376
2018-01-26,16.1,16.12,16.03,16.06,13444210.0,216007768.0,11505941480.0,0.0011684580547684134
2018-01-29,16.08,16.1,15.82,15.86,24345629.0,387697525.0,11505941480.0,0.0021159180274224723
2018-01-30,15.83,15.95,15.78,15.79,24105143.0,381748466.0,11505941480.0,0.002095016999860493
2018-01-31,15.79,15.96,15.67,15.9,16953093.0,268476951.0,11505941480.0,0.0014734207565255235
2018-02-01,15.9,16.17,15.73,16.16,33533497.0,534670782.0,11505941480.0,0.0029144505087470686
2018-02-02,16.13,16.26,15.98,16.18,27192862.0,438214238.0,11505941480.0,0.0023633756565916413
2018-02-05,16.06,16.36,16.01,16.29,24059503.0,390556475.0,11505941480.0,0.0020910503535778455
2018-02-06,16.1,16.33,16.04,16.29,52321034.0,850062174.0,11505941480.0,0.004547305762935273
2018-02-07,16.3,16.32,15.92,16.27,42004188.0,678441642.0,11505941480.0,0.003650651976025868
2018-02-08,16.18,16.28,16.05,16.22,29964345.0,485411960.0,11505941480.0,0.002604249730635689
2018-02-09,16.03,16.03,15.18,15.97,54108624.0,844999185.0,11505941480.0,0.004702668103610066
2018-02-12,15.75,15.79,15.46,15.6,29842926.0,466138575.0,11505941480.0,0.0025936970087909747
2018-02-13,15.65,15.97,15.64,15.76,15445574.0,244367304.0,11505941480.0,0.0013423998398434406
2018-02-14,15.82,16.08,15.82,15.99,13113957.0,209539442.0,11505941480.0,0.0011397552319204042
2018-02-22,16.08,16.15,15.99,16.11,12485863.0,200799734.0,11505941480.0,0.0010851665656133687
2018-02-23,16.1,16.35,16.07,16.25,17783676.0,288847732.0,11505941480.0,0.0015456080696144823
2018-02-26,16.33,16.43,16.25,16.41,18906223.0,309268251.0,11505941480.0,0.001643170446578701
2018-02-27,16.45,16.6,16.42,16.54,21009788.0,347503439.0,11505941480.0,0.001825994686008085
2018-02-28,16.48,16.63,16.38,16.47,14353057.0,236746342.0,11505941480.0,0.0012474474187921909
2018-03-01,16.39,16.59,16.39,16.49,13479481.0,222388513.0,11505941480.0,0.0011715235144755837
2018-03-02,16.44,16.77,16.41,16.75,20526643.0,341559915.0,11505941480.0,0.0017840037719364448
2018-03-05,16.7,16.85,16.63,16.84,16191604.0,271360076.0,11505941480.0,0.001407238514826863
2018-03-06,16.88,16.93,16.6,16.66,12535377.0,209627460.0,11505941480.0,0.0010894699075072994
2018-03-07,16.63,16.84,16.61,16.67,15277697.0,255372493.0,11505941480.0,0.0013278093780118895
2018-03-08,16.78,17.08,16.76,16.95,20296251.0,344855347.0,11505941480.0,0.0017639800302547688
2018-03-09,17.08,17.09,16.84,16.96,10022367.0,169712082.0,11505941480.0,0.0008710601403128291
2018-03-12,17.02,17.03,16.59,16.7,23945862.0,401500220.0,11505941480.0,0.0020811736303042627
2018-03-13,16.71,16.79,16.6,16.7,10944917.0,182885766.0,11505941480.0,0.0009512404542492076
2018-03-14,16.68,16.76,16.61,16.7,10672401.0,178216760.0,11505941480.0,0.0009275556475366325
2018-03-15,16.64,16.73,16.62,16.65,10741722.0,179160334.0,11505941480.0,0.000933580447864402
2018-03-16,16.61,16.78,16.59,16.65,11089664.0,184915571.0,11505941480.0,0.0009638206503376028
2018-03-19,16.63,16.67,16.4,16.65,13566937.0,224407975.0,11505941480.0,0.0011791244570105357
2018-03-20,16.56,16.72,16.54,16.68,9706050.0,161463245.0,11505941480.0,0.0008435685177846046
2018-03-21,16.72,16.73,16.5,16.63,11080004.0,184072194.0,11505941480.0,0.0009629810840998646
2018-03-22,16.59,16.61,16.39,16.51,15075351.0,248225505.0,11505941480.0,0.0013102231595914565
2018-03-23,16.3,16.52,16.14,16.49,33462972.0,546436895.0,11505941480.0,0.0029083210668302477
2018-03-26,16.36,16.53,16.31,16.37,21246110.0,348441395.0,11505941480.0,0.0018465338135893248
2018-03-27,16.43,16.57,16.41,16.49,10206075.0,168246144.0,11505941480.0,0.0008870264999818163
2018-03-28,16.4,16.53,16.12,16.19,19465503.0,317156215.0,11505941480.0,0.0016917783767487057
2018-03-29,16.28,16.35,15.98,16.1,18864210.0,303942064.0,11505941480.0,0.0016395190287374901
2018-03-30,16.1,16.26,15.94,16.02,21465187.0,344588381.0,11505941480.0,0.0018655741503041262
2018-04-02,16.0,16.08,15.91,15.97,14314749.0,229049562.0,11505941480.0,0.001244118008498684
2018-04-03,15.92,15.96,15.82,15.87,13661400.0,216930183.0,11505941480.0,0.0011873343892585138
2018-04-04,15.87,16.0,15.84,15.86,10198965.0,162194555.0,11505941480.0,0.0008864085583720525
2018-04-09,15.89,16.11,15.83,16.03,15594169.0,249161891.0,11505941480.0,0.00135531447184103
2018-04-10,16.05,16.19,16.05,16.15,11963410.0,192991995.0,11505941480.0,0.001039759329629408
2018-04-11,16.15,16.25,16.09,16.23,9443246.0,152985022.0,11505941480.0,0.0008207277967139461
2018-04-12,16.28,16.29,16.08,16.15,10647964.0,172292223.0,11505941480.0,0.0009254317883076875
2018-04-13,16.18,16.2,15.92,15.94,11194171.0,179594729.0,11505941480.0,0.0009729035228849435
2018-04-16,16.0,16.0,15.78,15.83,14035807.0,222960962.0,11505941480.0,0.0012198747077236134
2018-04-17,15.84,16.14,15.84,15.99,12683653.0,203322280.0,11505941480.0,0.0011023568146984874
2018-04-18,16.08,16.08,15.88,16.03,10721587.0,171535524.0,11505941480.0,0.0009318304824195925
2018-04-19,16.07,16.12,15.91,15.95,10374769.0,166045677.0,11505941480.0,0.000901687968605938
2018-04-20,15.9,16.14,15.9,16.05,13052143.0,209674018.0,11505941480.0,0.0011343828771150676
2018-04-23,16.0,16.19,15.99,16.14,10985246.0,177111467.0,11505941480.0,0.0009547455129243366
2018-04-24,16.09,16.27,16.09,16.2,10422975.0,168826575.0,11505941480.0,0.0009058776301024608
2018-04-25,16.2,16.25,15.97,16.0,11310638.0,181989338.0,11505941480.0,0.0009830258583932933
2018-04-26,16.05,16.08,15.95,16.0,11697829.0,187175938.0,11505941480.0,0.0010166772549933046
2018-04-27,16.04,16.14,15.98,16.11,13910532.0,223308013.0,11505941480.0,0.0012089868546767543
2018-05-02,15.98,16.07,15.63,15.96,24575999.0,389940916.0,11505941480.0,0.002135939857048534
2018-05-03,15.86,16.0,15.79,15.98,13668940.0,217514040.0,11505941480.0,0.0011879897028643674
2018-05-04,16.0,16.12,15.95,16.09,9815803.0,157407265.0,11505941480.0,0.0008531073286842408
2018-05-07,16.09,16.18,16.04,16.13,12293352.0,198029889.0,11505941480.0,0.0010684351229639662
2018-05-08,16.17,16.2,16.08,16.17,13101019.0,211430931.0,11505941480.0,0.0011386307693961955
2018-05-09,16.17,16.22,16.15,16.19,8053046.0,130319658.0,11505941480.0,0.0006999032642394423
2018-05-10,16.26,16.29,15.96,16.03,19414686.0,311876233.0,11505941480.0,0.001687361789015461
2018-05-11,16.08,16.16,15.99,16.13,13209483.0,212637326.0,11505941480.0,0.001148057551219181
2018-05-14,16.12,16.28,16.11,16.23,12572644.0,203666575.0,11505941480.0,0.0010927088428056215
2018-05-15,16.27,16.67,16.21,16.64,21001141.0,346913904.0,11505941480.0,0.0018252431612402048
2018-05-16,16.6,16.83,16.5,16.7,15244118.0,254601965.0,11505941480.0,0.0013248909727637517
2018-05-17,16.68,16.81,16.57,16.7,10816822.0,180579915.0,11505941480.0,0.0009401075104372946
2018-05-18,16.67,16.82,16.54,16.78,18275428.0,305739343.0,11505941480.0,0.0015883470319892502
2018-05-21,16.8,16.89,16.53,16.66,12988922.0,216800567.0,11505941480.0,0.0011288882376620606
2018-05-22,16.65,16.75,16.56,16.72,7911454.0,131798298.0,11505941480.0,0.0006875972743084037
2018-05-23,16.7,16.72,16.59,16.64,8629347.0,143788647.0,11505941480.0,0.0007499905170732712
2018-05-24,16.59,16.72,16.55,16.6,10393129.0,172742880.0,11505941480.0,0.0009032836659273536
2018-05-25,16.61,17.05,16.56,16.87,20477210.0,344515018.0,11505941480.0,0.0017797074698836378
2018-05-28,16.92,17.03,16.8,16.91,12162854.0,205966155.0,11505941480.0,0.0010570933305320445
2018-05-29,16.86,16.99,16.81,16.98,16099983.0,271680399.0,11505941480.0,0.001399275585399553
2018-05-30,16.87,16.96,16.71,16.78,15663525.0,263602502.0,11505941480.0,0.001361342314075458
2018-05-31,16.72,17.22,16.72,17.11,32396758.0,552782527.0,11505941480.0,0.002815654682088649
2018-06-01,17.06,17.06,16.77,16.78,13313398.0,224663922.0,11505941480.0,0.0011570889720881842
2018-06-04,16.9,16.97,16.73,16.86,9878857.0,166369388.0,11505941480.0,0.0008585874538969061
2018-06-05,16.86,16.92,16.69,16.9,12153921.0,204606610.0,11505941480.0,0.0010563169490411836
2018-06-06,16.94,17.24,16.87,17.2,16603485.0,284063076.0,11505941480.0,0.0014430357592953792
2018-06-07,17.2,17.23,16.9,17.03,19675040.0,335130319.0,11505941480.0,0.0017099895766200263
2018-06-08,16.97,17.08,16.82,16.99,18432366.0,312035762.0,11505941480.0,0.0016019867676226006
2018-06-11,16.88,17.03,16.83,17.0,14371075.0,243582407.0,11505941480.0,0.0012490133923399721
2018-06-12,16.95,17.24,16.93,17.14,21663129.0,371176599.0,11505941480.0,0.0018827776099553046
2018-06-13,17.1,17.45,17.1,17.32,24301660.0,420693492.0,11505941480.0,0.002112096610454862
2018-06-14,17.28,17.85,17.26,17.54,30709120.0,540530822.0,11505941480.0,0.0026689793315375007
2018-06-15,17.57,17.8,17.46,17.67,25128475.0,442501257.0,11505941480.0,0.002183956440564132
2018-06-19,17.58,17.79,17.44,17.69,48952933.0,863649055.0,11505941480.0,0.004254578652697963
2018-06-20,17.51,17.7,17.42,17.56,20060997.0,352086593.0,11505941480.0,0.0017435337242824218
2018-06-21,17.59,17.71,17.56,17.65,20449646.0,360719222.0,11505941480.0,0.0017773118380226632
2018-06-22,17.02,17.02,16.45,16.61,30268377.0,503815132.0,11505941480.0,0.0026306736439267895
2018-06-25,16.59,16.62,16.4,16.46,21345191.0,352461552.0,11505941480.0,0.0018551451036929836
2018-06-26,16.4,16.54,16.2,16.23,18978862.0,310260023.0,11505941480.0,0.0016494836196576936
2018-06-27,16.25,16.4,16.07,16.22,19382744.0,314118842.0,11505941480.0,0.0016845856580873207
2018-06-28,16.1,16.25,16.0,16.13,17096988.0,275616352.0,11505941480.0,0.0014859269039146895
2018-06-29,16.13,16.19,16.08,16.14,13495715.0,217644205.0,11505941480.0,0.0011729344376954019
2018-07-02,16.09,16.14,15.83,15.85,14357259.0,229185812.0,11505941480.0,0.0012478126214144451
2018-07-03,15.95,15.98,15.44,15.86,21517010.0,338971828.0,11505941480.0,0.0018700781711258974
2018-07-04,15.82,16.25,15.76,16.15,18098783.0,290794114.0,11505941480.0,0.0015729945290839425
2018-07-05,16.05,16.37,15.99,16.34,30634218.0,496664188.0,11505941480.0,0.002662469477465133
2018-07-06,16.3,16.44,16.23,16.32,16588640.0,271452319.0,11505941480.0,0.001441745556314093
2018-07-09,16.4,16.48,16.25,16.31,11391081.0,186275017.0,11505941480.0,0.0009900172897455064
2018-07-10,16.3,16.37,16.08,16.29,12604767.0,204528214.0,11505941480.0,0.0010955007047367671
2018-07-11,16.15,16.2,16.0,16.12,8743238.0,140680098.0,11505941480.0,0.0007598889682515576
2018-07-12,16.06,16.26,16.06,16.13,13233751.0,213880151.0,11505941480.0,0.0011501667223845467
2018-07-13,16.2,16.2,15.98,16.08,12930195.0,207867759.0,11505941480.0,0.001123784179024001
2018-07-16,16.05,16.17,16.01,16.11,9601699.0,154543375.0,11505941480.0,0.0008344992034497988
2018-07-17,16.05,16.15,15.96,16.03,10864615.0,174351164.0,11505941480.0,0.0009442612774352474
2018-07-18,16.1,16.45,16.04,16.29,18237720.0,296659558.0,11505941480.0,0.0015850697686670312
2018-07-19,16.38,16.68,16.33,16.63,17421915.0,288564868.0,11505941480.0,0.001514166835480898
2018-07-20,16.55,16.77,16.51,16.73,13680043.0,228001427.0,11505941480.0,0.0011889546825680536
2018-07-23,16.7,16.86,16.55,16.75,12473401.0,208471139.0,11505941480.0,0.001084083473019715
2018-07-24,16.7,16.77,16.41,16.54,22969581.0,379823250.0,11505941480.0,0.001996323468177417
2018-07-25,16.5,16.55,16.25,16.34,17328610.0,283551052.0,11505941480.0,0.001506057546887506
2018-07-26,16.43,16.62,16.38,16.56,12653651.0,208766138.0,11505941480.0,0.0010997492923108454
2018-07-27,16.61,16.63,16.39,16.42,8531894.0,140874134.0,11505941480.0,0.0007415207190850409
2018-07-30,16.42,16.85,16.42,16.85,20110052.0,336811241.0,11505941480.0,0.0017477971737433172
2018-07-31,16.85,16.96,16.77,16.84,11329167.0,191284883.0,11505941480.0,0.0009846362437782885
2018-08-01,16.9,16.92,16.72,16.78,14045953.0,236372293.0,11505941480.0,0.001220756513008095
2018-08-02,16.7,17.02,16.43,16.62,26616882.0,447145636.0,11505941480.0,0.0023133163023874516
2018-08-03,16.62,16.88,16.51,16.77,18884850.0,316497556.0,11505941480.0,0.0016413128845498004
2018-08-06,16.85,16.89,16.38,16.4,21004088.0,350159375.0,11505941480.0,0.0018254992897808481
2018-08-07,16.46,16.6,16.4,16.5,15356045.0,253180957.0,11505941480.0,0.0013346187295226882
2018-08-08,16.51,16.59,16.22,16.23,18196080.0,298975417.0,11505941480.0,0.001581450768859638
2018-08-09,16.21,16.48,16.1,16.38,17543102.0,286918001.0,11505941480.0,0.0015246993938300476
2018-08-10,16.35,16.5,16.29,16.35,8541905.0,140019573.0,11505941480.0,0.0007423907913009827
2018-08-13,16.35,16.47,16.13,16.42,15302707.0,248728231.0,11505941480.0,0.0013299830375984147
2018-08-14,16.46,16.46,16.11,16.31,16001387.0,259941290.0,11505941480.0,0.001390706447431019
2018-08-15,16.25,16.29,16.12,16.13,10138829.0,164217145.0,11505941480.0,0.0008811820412630848
2018-08-16,16.05,16.25,15.91,16.11,14220635.0,228743577.0,11505941480.0,0.001235938408405672
2018-08-17,16.15,16.31,16.05,16.13,15388747.0,249268859.0,11505941480.0,0.0013374609132811269
2018-08-20,16.21,16.65,16.15,16.65,25365991.0,417964186.0,11505941480.0,0.0022045993406182352
2018-08-21,16.68,16.7,16.47,16.57,11132522.0,184426397.0,11505941480.0,0.000967545508496711
2018-08-22,16.52,16.53,16.29,16.4,12827353.0,209956226.0,11505941480.0,0.0011148460143219849
2018-08-23,16.36,16.42,16.21,16.25,10440683.0,169931639.0,11505941480.0,0.0009074166610484099
2018-08-24,16.23,16.3,16.02,16.21,10825323.0,175000570.0,11505941480.0,0.000940846346108828
2018-08-27,16.1,16.28,16.1,16.21,13180237.0,213609943.0,11505941480.0,0.0011455157340153619
2018-08-28,16.23,16.38,16.21,16.28,10365643.0,168896920.0,11505941480.0,0.0009008948131726461
2018-08-29,16.23,16.33,16.05,16.09,15200045.0,244833179.0,11505941480.0,0.001321060516987785
2018-08-30,16.11,16.18,16.07,16.07,9434411.0,151901979.0,11505941480.0,0.000819959932561729
2018-08-31,16.08,16.12,15.81,15.82,27842539.0,444199904.0,11505941480.0,0.0024198401363675283
2018-09-03,15.83,16.08,15.83,15.96,16557791.0,264757584.0,11505941480.0,0.001439064419785316
2018-09-04,15.99,16.15,15.94,16.11,10468112.0,167974314.0,11505941480.0,0.0009098005598408449
2018-09-05,16.06,16.11,15.87,15.89,9913272.0,158161374.0,11505941480.0,0.0008615785172583722
2018-09-06,15.85,15.93,15.8,15.82,8224457.0,130306978.0,11505941480.0,0.0007148008717318802
2018-09-07,15.85,15.9,15.68,15.7,10437300.0,164590522.0,11505941480.0,0.0009071226390419639
2018-09-10,15.7,15.74,15.45,15.59,11306162.0,175815841.0,11505941480.0,0.0009826368419874841
2018-09-11,15.59,15.74,15.44,15.47,9429066.0,146772976.0,11505941480.0,0.0008194953899591709
2018-09-12,15.4,15.68,15.37,15.67,11861394.0,184166504.0,11505941480.0,0.0010308929539245319
2018-09-13,15.71,15.83,15.63,15.77,10181885.0,160049422.0,11505941480.0,0.0008849241079227182
2018-09-14,15.82,15.82,15.63,15.71,6424191.0,100930652.0,11505941480.0,0.0005583368393770068
2018-09-17,15.68,15.81,15.62,15.72,9655242.0,151915105.0,11505941480.0,0.0008391527122559292
2018-09-18,15.65,15.85,15.65,15.84,10323679.0,163090846.0,11505941480.0,0.0008972476540007572
2018-09-19,15.86,15.94,15.72,15.86,11153010.0,176865300.0,11505941480.0,0.0009693261537429617
2018-09-20,15.86,15.98,15.84,15.95,7540565.0,120158919.0,11505941480.0,0.0006553627109182899
2018-09-21,15.99,16.23,15.9,16.23,13475008.0,216520332.0,11505941480.0,0.001171134758804631
2018-09-25,16.16,16.27,16.12,16.22,7594611.0,123174160.0,11505941480.0,0.0006600599362686833
2018-09-26,16.18,16.35,16.12,16.18,13801604.0,224258847.0,11505941480.0,0.0011995197458626392
2018-09-27,16.28,16.4,16.15,16.38,13788516.0,225276793.0,11505941480.0,0.0011983822465956085
2018-09-28,16.4,16.45,16.32,16.38,11178894.0,183234173.0,11505941480.0,0.0009715757740843299
2018-10-08,16.11,16.23,15.94,16.0,19924787.0,319772037.0,11505941480.0,0.0017316954926838372
2018-10-09,15.9,16.08,15.82,15.88,14174097.0,226064485.0,11505941480.0,0.0012318937154893299
2018-10-10,15.9,15.98,15.73,15.8,12177940.0,192676009.0,11505941480.0,0.0010584044792134647
2018-10-11,15.7,15.84,15.32,15.37,34567993.0,538997948.0,11505941480.0,0.0030043602307631414
2018-10-12,15.53,15.64,15.33,15.38,24772953.0,383732489.0,11505941480.0,0.0021530574480203247
2018-10-15,15.45,15.73,15.4,15.4,19155067.0,298471160.0,11505941480.0,0.0016647978814507234
2018-10-16,15.45,15.59,15.3,15.5,18416867.0,284695371.0,11505941480.0,0.0016006397244426103
2018-10-17,15.59,15.95,15.58,15.81,24817379.0,391139860.0,11505941480.0,0.0021569185835977325
2018-10-18,15.85,15.87,15.45,15.51,15897190.0,248392475.0,11505941480.0,0.0013816505174855105
2018-10-19,15.5,15.9,15.4,15.83,26509976.0,415508551.0,11505941480.0,0.0023040249288665774
2018-10-22,15.8,16.21,15.8,16.07,27311793.0,438992207.0,11505941480.0,0.0023737121423287474
2018-10-23,16.0,16.08,15.74,15.75,20713355.0,327881112.0,11505941480.0,0.0018002312141083478
2018-10-24,15.77,15.97,15.63,15.79,11787101.0,186721511.0,11505941480.0,0.0010244360290280218
2018-10-25,15.68,15.87,15.5,15.81,16632689.0,261113654.0,11505941480.0,0.0014455739262112083
2018-10-26,15.8,16.05,15.68,16.01,23451736.0,372456335.0,11505941480.0,0.0020382283397464315
2018-10-29,16.1,16.21,15.56,15.6,24931940.0,395145394.0,11505941480.0,0.0021668752655606242
2018-10-30,15.79,15.8,15.58,15.62,16218002.0,254510168.0,11505941480.0,0.0014095328077403015
2018-10-31,15.65,15.7,15.53,15.61,18996778.0,296420223.0,11505941480.0,0.0016510407282203559
2018-11-01,15.69,15.72,15.4,15.5,31082110.0,483826741.0,11505941480.0,0.0027013964962387415
2018-11-02,15.56,15.63,15.35,15.61,51012560.0,789930295.0,11505941480.0,0.00443358416941992
2018-11-05,15.57,15.57,15.39,15.42,33873706.0,523917313.0,11505941480.0,0.002944018623671985
2018-11-06,15.4,15.4,14.98,15.11,37053163.0,561398261.0,11505941480.0,0.0032203503784898444
2018-11-07,15.16,15.21,15.01,15.12,19483451.0,294252701.0,11505941480.0,0.0016933382664831701
2018-11-08,15.22,15.24,15.05,15.18,15634281.0,236928599.0,11505941480.0,0.0013588006706948764
2018-11-09,15.12,15.19,14.55,14.65,49490776.0,729926542.0,11505941480.0,0.004301323458495462
2018-11-12,14.59,14.73,14.48,14.62,28279708.0,414082603.0,11505941480.0,0.0024578352018525995
2018-11-13,14.52,14.65,14.44,14.6,25346121.0,369207659.0,11505941480.0,0.002202872406752411
2018-11-14,14.6,14.83,14.38,14.43,34958846.0,509140619.0,11505941480.0,0.0030383298977112476
2018-11-15,14.42,14.6,14.41,14.59,17338953.0,252115059.0,11505941480.0,0.0015069564737608938
2018-11-16,14.63,14.64,14.46,14.64,19360790.0,282117640.0,11505941480.0,0.0016826776004078895
2018-11-19,14.68,14.74,14.62,14.7,20091356.0,294930313.0,11505941480.0,0.0017461722741179803
2018-11-20,14.65,14.69,14.45,14.45,15703118.0,227904363.0,11505941480.0,0.0013647834057991402
2018-11-21,14.38,14.56,14.35,14.51,9031341.0,130857740.0,11505941480.0,0.0007849284663665784
2018-11-22,14.56,14.57,14.4,14.44,9419448.0,136193737.0,11505941480.0,0.0008186594740094229
2018-11-23,14.41,14.45,14.19,14.25,18387264.0,262902900.0,11505941480.0,0.0015980668797908747
2018-11-26,14.35,14.51,14.26,14.47,16556310.0,238626473.0,11505941480.0,0.0014389357036778533
2018-11-27,14.47,14.62,14.39,14.43,18583646.0,269730279.0,11505941480.0,0.0016151347573167042
2018-11-28,14.49,14.54,14.31,14.4,12988095.0,186888112.0,11505941480.0,0.0011288163617533017
2018-11-29,14.44,14.46,14.24,14.24,17878700.0,256277666.0,11505941480.0,0.0015538667592806148
2018-11-30,14.24,14.63,14.23,14.35,23030093.0,332717057.0,11505941480.0,0.0020015826640550584
2018-12-03,14.62,14.75,14.55,14.7,25580605.0,374818709.0,11505941480.0,0.0022232517907782717
2018-12-04,14.7,14.79,14.64,14.7,10852845.0,159668772.0,11505941480.0,0.0009432383276818126
2018-12-05,14.6,14.69,14.57,14.61,12933505.0,189097131.0,11505941480.0,0.0011240718564822737
2018-12-06,14.5,14.57,14.13,14.22,31660500.0,452073059.0,11505941480.0,0.002751665307444272
2018-12-07,14.2,14.36,14.2,14.35,11095378.0,158591565.0,11505941480.0,0.000964317263327503
2018-12-10,14.21,14.39,14.21,14.36,16712498.0,239150532.0,11505941480.0,0.0014525102555970936
2018-12-11,14.35,14.37,14.25,14.31,11499541.0,164326841.0,11505941480.0,0.0009994437239220168
2018-12-12,14.43,14.68,14.4,14.66,25401274.0,369862780.0,11505941480.0,0.0022076658432648314
2018-12-13,14.66,15.11,14.62,14.93,28686275.0,428646260.0,11505941480.0,0.002493170597978741
2018-12-14,14.9,15.16,14.86,14.96,19656913.0,295515847.0,11505941480.0,0.0017084141297057944
2018-12-17,15.07,15.11,14.91,15.0,16287930.0,244459857.0,11505941480.0,0.0014156103634206908
2018-12-18,14.93,15.25,14.93,15.11,23803445.0,360365792.0,11505941480.0,0.0020687959382877028
2018-12-19,15.14,15.4,15.11,15.3,22685532.0,347126806.0,11505941480.0,0.0019716363097650657
2018-12-20,15.29,15.37,14.95,15.17,20802744.0,314880477.0,11505941480.0,0.0018080001568024661
2018-12-21,15.14,15.38,15.09,15.38,25192220.0,384631361.0,11505941480.0,0.002189496621705397
2018-12-24,15.21,15.32,15.01,15.18,16484357.0,249284991.0,11505941480.0,0.0014326821519693668
2018-12-25,15.07,15.34,15.07,15.3,12987994.0,197304914.0,11505941480.0,0.0011288075836798017
2018-12-26,15.28,15.57,15.23,15.52,17352632.0,268463652.0,11505941480.0,0.0015081453377946434
2018-12-27,15.45,15.73,15.37,15.58,21594328.0,336730360.0,11505941480.0,0.0018767980036693182
2018-12-28,15.6,15.88,15.58,15.88,25395639.0,400293317.0,11505941480.0,0.0022071760962928174
2019-01-02,15.79,15.8,15.12,15.42,30533408.0,467205842.0,11505941480.0,0.0026537079171725458
2019-01-03,15.29,15.57,15.27,15.57,15828971.0,244273877.0,11505941480.0,0.0013757214937616734
2019-01-04,15.55,15.55,15.16,15.32,24112734.0,369454172.0,11505941480.0,0.002095676745958906
2019-01-07,15.39,15.43,15.16,15.24,19511427.0,297628905.0,11505941480.0,0.001695769705931096
2019-01-08,15.2,15.61,15.2,15.56,20029889.0,308659635.0,11505941480.0,0.001740830077644372
2019-01-09,15.65,15.74,15.47,15.48,12544216.0,195552061.0,11505941480.0,0.0010902381193059918
2019-01-10,15.42,15.54,15.24,15.33,13879226.0,212924463.0,11505941480.0,0.0012062659995381794
2019-01-11,15.33,15.42,15.22,15.39,9200273.0,140977726.0,11505941480.0,0.0007996106199559777
2019-01-14,15.35,15.42,15.19,15.27,11661736.0,178286132.0,11505941480.0,0.0010135403539354695
2019-01-15,15.28,15.4,15.22,15.4,6405914.0,98265575.0,11505941480.0,0.0005567483557199528
2019-01-16,15.41,15.57,15.33,15.52,10255328.0,158459847.0,11505941480.0,0.0008913071579432369
2019-01-17,15.56,15.56,15.39,15.45,8250736.0,127573975.0,11505941480.0,0.0007170848221626797
2019-01-18,15.56,15.79,15.5,15.75,17360519.0,272067831.0,11505941480.0,0.0015088308097322253
2019-01-21,15.7,15.83,15.7,15.82,8692363.0,137083604.0,11505941480.0,0.0007554673396444216
2019-01-22,15.85,15.89,15.75,15.81,10203280.0,161487060.0,11505941480.0,0.0008867835820072327
2019-01-23,15.8,15.97,15.78,15.96,9663368.0,153527848.0,11505941480.0,0.0008398589560704076
2019-01-24,15.97,16.03,15.82,15.95,11391825.0,181776697.0,11505941480.0,0.0009900819519899037
2019-01-25,16.0,16.06,15.9,15.91,8404866.0,134117614.0,11505941480.0,0.0007304805099704019
2019-01-28,15.96,16.07,15.79,15.91,15770246.0,250587338.0,11505941480.0,0.0013706176089468517
2019-01-29,15.87,16.29,15.84,16.2,16177610.0,260628835.0,11505941480.0,0.0014060222736331873
2019-01-30,16.29,16.29,16.08,16.19,9277458.0,150189614.0,11505941480.0,0.0008063188932540964
2019-01-31,16.32,16.43,16.22,16.43,15735763.0,257298355.0,11505941480.0,0.0013676206355953064
2019-02-01,16.47,16.5,16.3,16.35,9404449.0,154028101.0,11505941480.0,0.0008173558866388394
2019-02-11,16.21,16.42,16.21,16.31,13485206.0,220536175.0,11505941480.0,0.001172021083493291
2019-02-12,16.35,16.39,16.18,16.34,18864692.0,307305554.0,11505941480.0,0.0016395609201377583
2019-02-13,16.36,16.44,16.16,16.39,24561986.0,399693159.0,11505941480.0,0.002134721964534101
2019-02-14,16.33,16.42,16.26,16.32,16330470.0,266766677.0,11505941480.0,0.0014193075836850162
2019-02-15,16.31,16.37,16.23,16.3,12293507.0,200272303.0,11505941480.0,0.0010684485942648824
2019-02-18,16.37,16.38,16.19,16.34,28236985.0,459580193.0,11505941480.0,0.002454122076762031
2019-02-19,16.3,16.32,16.16,16.25,26642173.0,432019302.0,11505941480.0,0.0023155143841388634
2019-02-20,16.27,16.27,16.15,16.24,11226119.0,182015214.0,11505941480.0,0.0009756801752827966
2019-02-21,16.23,16.3,16.07,16.1,17472576.0,283047934.0,11505941480.0,0.0015185698650016079
2019-02-22,16.1,16.2,15.95,16.2,15926929.0,256473489.0,11505941480.0,0.0013842351821174046
2019-02-25,16.19,16.38,16.06,16.38,48614667.0,787591824.0,11505941480.0,0.004225179407048401
2019-02-26,16.3,16.5,16.26,16.28,33460430.0,548282201.0,11505941480.0,0.002908100137495224
2019-02-27,16.31,16.38,16.18,16.22,26350880.0,428213047.0,11505941480.0,0.0022901976379598272
2019-02-28,16.22,16.3,16.14,16.3,19789796.0,321039157.0,11505941480.0,0.0017199632063485864
2019-03-01,16.3,16.32,16.11,16.27,20418173.0,331215875.0,11505941480.0,0.0017745764686437464
2019-03-04,16.26,16.38,16.19,16.26,43383698.0,706018079.0,11505941480.0,0.0037705474232952556
2019-03-05,16.27,16.38,16.24,16.3,30866581.0,503632487.0,11505941480.0,0.0026826645219474904
2019-03-06,16.3,16.98,16.25,16.86,47203702.0,785521111.0,11505941480.0,0.004102550154809235
2019-03-07,16.88,16.92,16.52,16.69,31972476.0,533707647.0,11505941480.0,0.002778779646635227
2019-03-08,16.6,16.74,16.42,16.66,30344853.0,503176832.0,11505941480.0,0.0026373202968871697
2019-03-11,16.57,16.65,16.36,16.47,27332997.0,450196184.0,11505941480.0,0.0023755550162940686
2019-03-12,16.45,16.63,16.28,16.35,37772272.0,620838287.0,11505941480.0,0.003282849305783189
2019-03-13,16.31,16.35,16.0,16.04,39643313.0,640474482.0,11505941480.0,0.003445464507959587
2019-03-14,16.04,16.33,15.99,16.29,24527374.0,397118616.0,11505941480.0,0.0021317137795837287
2019-03-15,16.22,16.4,16.17,16.28,17648323.0,287610172.0,11505941480.0,0.001533844321273221
2019-03-18,16.29,16.84,16.29,16.75,30143359.0,500900212.0,11505941480.0,0.0026198081271659656
2019-03-19,16.73,17.13,16.7,16.94,22721190.0,383759973.0,11505941480.0,0.001974735404268717
2019-03-20,16.85,16.94,16.74,16.84,16861320.0,284153902.0,11505941480.0,0.0014654446165321537
2019-03-21,16.9,17.01,16.78,16.84,19103811.0,322787957.0,11505941480.0,0.0016603431395168194
2019-03-22,16.85,17.12,16.81,17.12,20561236.0,349953457.0,11505941480.0,0.0017870103055660596
2019-03-25,17.02,17.2,16.82,16.92,21917057.0,372682902.0,11505941480.0,0.0019048469034973745
2019-03-26,17.0,17.1,16.9,17.05,17911860.0,304696772.0,11505941480.0,0.0015567487485604698
2019-03-27,17.03,17.09,16.72,16.76,15194420.0,256635455.0,11505941480.0,0.0013205716391319591
2019-03-28,16.72,17.08,16.55,16.94,18805022.0,316265755.0,11505941480.0,0.0016343749038431577
2019-03-29,16.91,16.93,16.68,16.87,31274495.0,526663210.0,11505941480.0,0.0027181169880241733
2019-04-01,16.95,17.14,16.82,16.9,35969525.0,607940512.0,11505941480.0,0.0031261696457020394
2019-04-02,16.92,16.93,16.78,16.92,22613440.0,381196528.0,11505941480.0,0.001965370677341564
2019-04-03,16.85,16.93,16.76,16.89,21899589.0,368722392.0,11505941480.0,0.0019033287313399408
2019-04-04,16.86,16.88,16.74,16.8,22019954.0,370158927.0,11505941480.0,0.0019137898483384255
2019-04-08,16.8,16.85,16.5,16.55,39491401.0,657521940.0,11505941480.0,0.003432261590122393
2019-04-09,16.55,16.65,16.43,16.53,28080537.0,465342971.0,11505941480.0,0.0024405249278218995
2019-04-10,16.55,16.7,16.44,16.58,25684784.0,424588020.0,11505941480.0,0.0022323061563146417
2019-04-11,16.6,16.78,16.59,16.75,25323329.0,423328968.0,11505941480.0,0.0022008915171364144
2019-04-12,16.75,16.92,16.71,16.88,23002261.0,387662337.0,11505941480.0,0.0019991637398802413
2019-04-15,16.98,16.98,16.6,16.61,30630056.0,513300979.0,15245941480.0,0.0020090629391553982
2019-04-16,16.61,16.8,16.52,16.78,20805618.0,346970325.0,15245941480.0,0.0013646660015908705
2019-04-17,16.8,16.86,16.74,16.78,16976458.0,285213592.0,15245941480.0,0.001113506700932188
2019-04-18,16.78,16.83,16.65,16.68,13141512.0,219550669.0,15245941480.0,0.0008619678894372878
2019-04-19,16.72,16.79,16.64,16.77,10258860.0,171711992.0,15245941480.0,0.000672891209339733
2019-04-22,16.77,16.84,16.67,16.68,18093390.0,303382345.0,15245941480.0,0.001186767640669181
2019-04-23,16.77,16.83,16.7,16.78,15355483.0,257558390.0,22000000000.0,0.0006979765
2019-04-24,16.85,16.88,16.74,16.84,14257661.0,239570178.0,22000000000.0,0.0006480755
2019-04-25,16.84,16.86,16.71,16.75,16611969.0,278654945.0,22000000000.0,0.0007550895
2019-04-26,16.7,16.83,16.54,16.56,17896455.0,299265895.0,22000000000.0,0.0008134752272727272
2019-04-29,16.63,16.88,16.57,16.78,16867787.0,283231777.0,22000000000.0,0.000766717590909091
2019-04-30,16.68,16.88,16.65,16.87,16592113.0,278886432.0,22000000000.0,0.0007541869545454545
2019-05-06,16.7,16.91,16.58,16.91,32177273.0,537979166.0,22000000000.0,0.0014626033181818182
2019-05-07,16.86,17.02,16.73,16.84,19077409.0,321784455.0,22000000000.0,0.0008671549545454546
2019-05-08,16.79,16.85,16.48,16.52,25547131.0,423555746.0,22000000000.0,0.0011612332272727273
2019-05-09,16.45,16.57,16.37,16.4,16056293.0,264161852.0,22000000000.0,0.0007298315
2019-05-10,16.4,16.57,16.37,16.53,14300192.0,235687849.0,22000000000.0,0.0006500087272727273
2019-05-13,16.49,16.58,16.41,16.5,9005451.0,148523174.0,22000000000.0,0.0004093386818181818
2019-05-14,16.38,16.57,16.31,16.4,30482706.0,500629790.0,22000000000.0,0.0013855775454545455
2019-05-15,16.38,16.44,16.33,16.41,21012872.0,344292286.0,22000000000.0,0.0009551305454545455
2019-05-16,16.38,16.62,16.34,16.61,20430370.0,336296008.0,22000000000.0,0.0009286531818181818
2019-05-17,16.6,16.65,16.51,16.56,12953315.0,214686119.0,22000000000.0,0.0005887870454545454
2019-05-20,16.59,16.85,16.38,16.51,23675346.0,392514786.0,22000000000.0,0.001076152090909091
2019-05-21,16.49,16.77,16.41,16.69,13114074.0,218503546.0,22000000000.0,0.0005960942727272728
2019-05-22,16.7,16.95,16.6,16.88,19302724.0,324524452.0,22000000000.0,0.0008773965454545455
2019-05-23,16.82,16.99,16.8,16.9,19012531.0,321776647.0,22000000000.0,0.0008642059545454546
2019-05-24,16.99,17.09,16.91,17.0,18311994.0,311874538.0,22000000000.0,0.0008323633636363637
2019-05-27,17.0,17.18,16.85,16.95,18530193.0,314675862.0,22000000000.0,0.0008422815
2019-05-28,16.95,17.28,16.87,17.21,49748842.0,850893777.0,22000000000.0,0.002261311
2019-05-29,17.04,17.33,16.96,17.22,20968527.0,360926413.0,22000000000.0,0.0009531148636363636
2019-05-30,17.29,17.72,17.21,17.72,33460576.0,586537845.0,22000000000.0,0.0015209352727272728
2019-05-31,17.75,17.87,17.59,17.71,21923281.0,388667751.0,22000000000.0,0.0009965127727272728
2019-06-03,17.71,17.86,17.51,17.66,21303021.0,376871754.0,22000000000.0,0.0009683191363636363
2019-06-04,17.7,17.73,17.48,17.6,20099718.0,353405301.0,22000000000.0,0.0009136235454545455
2019-06-05,17.71,17.73,17.51,17.53,12065394.0,212548294.0,22000000000.0,0.000548427
2019-06-06,17.6,17.7,17.51,17.52,15260080.0,268388938.0,22000000000.0,0.00069364
2019-06-10,17.65,18.3,17.59,17.95,22887704.0,411294141.0,22000000000.0,0.0010403501818181818
2019-06-11,18.01,18.18,17.93,18.0,21706223.0,391180292.0,22000000000.0,0.0009866465
2019-06-12,18.0,18.0,17.77,17.91,14615128.0,261277487.0,22000000000.0,0.000664324
2019-06-13,17.91,17.92,17.63,17.67,19802704.0,350988901.0,22000000000.0,0.000900122909090909
2019-06-14,17.73,17.77,17.36,17.5,26880550.0,470686048.0,22000000000.0,0.0012218431818181818
2019-06-17,17.53,17.68,17.46,17.59,15626527.0,274457172.0,22000000000.0,0.0007102966818181818
2019-06-18,17.66,17.72,17.56,17.69,10900026.0,192404052.0,22000000000.0,0.0004954557272727273
2019-06-19,17.86,17.89,17.68,17.78,16158374.0,287404280.0,22000000000.0,0.0007344715454545455
2019-06-20,17.79,18.1,17.72,17.98,21113068.0,378343765.0,22000000000.0,0.0009596849090909091
2019-06-21,18.0,18.02,17.62,17.63,26658994.0,473358303.0,22000000000.0,0.0012117724545454545
2019-06-24,17.63,17.72,17.52,17.58,20474990.0,359984986.0,22000000000.0,0.0009306813636363637
2019-06-25,17.61,17.74,17.53,17.65,23501428.0,414958926.0,22000000000.0,0.0010682467272727272
2019-06-26,17.64,17.86,17.6,17.83,15755042.0,279850572.0,22000000000.0,0.0007161382727272727
2019-06-27,17.86,17.9,17.74,17.81,16488781.0,293645120.0,22000000000.0,0.0007494900454545454
2019-06-28,17.81,17.99,17.7,17.9,12315569.0,219654533.0,22000000000.0,0.0005597985909090909
2019-07-01,17.99,18.0,17.77,17.81,28004889.0,500215062.0,22000000000.0,0.0012729495
2019-07-02,17.81,17.89,17.75,17.84,28454641.0,507416983.0,22000000000.0,0.0012933927727272728
2019-07-03,17.84,18.34,17.77,18.26,31755520.0,573066862.0,22000000000.0,0.0014434327272727272
2019-07-04,18.24,18.4,18.15,18.28,17737335.0,324469813.0,22000000000.0,0.0008062425
2019-07-05,18.32,18.4,18.16,18.37,14742754.0,269741758.0,22000000000.0,0.0006701251818181819
2019-07-08,18.25,18.33,17.83,18.11,22971903.0,414266530.0,22000000000.0,0.001044177409090909
2019-07-09,18.15,18.16,17.8,17.84,15850150.0,283303385.0,22000000000.0,0.0007204613636363637
2019-07-10,17.9,18.02,17.76,18.0,11823531.0,211659152.0,22000000000.0,0.0005374332272727273
2019-07-11,18.09,18.27,18.02,18.25,16203751.0,294585203.0,22000000000.0,0.0007365341363636364
2019-07-12,18.23,18.33,18.12,18.21,15276077.0,278873407.0,22000000000.0,0.0006943671363636364
2019-07-15,18.27,18.33,17.9,18.19,16257687.0,294518039.0,22000000000.0,0.0007389857727272727
2019-07-16,18.23,18.33,18.03,18.11,12779412.0,232310573.0,22000000000.0,0.0005808823636363637
2019-07-17,18.16,18.18,18.0,18.09,15412599.0,278652731.0,22000000000.0,0.0007005726818181818
2019-07-18,17.48,17.94,17.31,17.72,30017980.0,530226944.0,22000000000.0,0.0013644536363636363
2019-07-19,17.75,17.96,17.72,17.96,17798660.0,318626306.0,22000000000.0,0.00080903
2019-07-22,18.0,18.2,17.86,18.19,23515194.0,425122274.0,22000000000.0,0.0010688724545454545
2019-07-23,18.15,18.3,18.01,18.2,13451810.0,244445672.0,22000000000.0,0.0006114459090909091
2019-07-24,18.27,18.29,18.12,18.18,11687531.0,212377503.0,22000000000.0,0.0005312514090909091
2019-07-25,18.0,18.23,17.95,18.22,12691292.0,229501135.0,22000000000.0,0.0005768769090909091
2019-07-26,18.12,18.56,18.12,18.5,17987101.0,330918277.0,22000000000.0,0.0008175955
2019-07-29,18.53,18.95,18.53,18.8,21169836.0,398369135.0,22000000000.0,0.0009622652727272727
2019-07-30,18.8,18.96,18.72,18.74,11654533.0,219135220.0,22000000000.0,0.0005297515
2019-07-31,18.65,18.74,18.6,18.72,14279706.0,266344947.0,22000000000.0,0.0006490775454545454
2019-08-01,18.61,18.92,18.6,18.76,14884713.0,279651304.0,22000000000.0,0.0006765778636363636
2019-08-02,18.61,18.86,18.36,18.79,15471504.0,287308154.0,22000000000.0,0.0007032501818181818
2019-08-05,18.59,18.7,18.2,18.25,25033886.0,460004786.0,22000000000.0,0.0011379039090909091
2019-08-06,18.01,18.57,17.9,18.34,22711299.0,415571715.0,22000000000.0,0.0010323317727272726
2019-08-07,18.37,18.62,18.28,18.33,16291897.0,300424751.0,22000000000.0,0.0007405407727272727
2019-08-08,18.48,19.02,18.38,18.92,25626887.0,481335819.0,22000000000.0,0.0011648585
2019-08-09,18.87,18.94,18.69,18.86,15484426.0,291365605.0,22000000000.0,0.0007038375454545455
2019-08-12,18.75,18.9,18.61,18.77,16703374.0,313381832.0,22000000000.0,0.0007592442727272727
2019-08-13,18.76,18.76,18.53,18.73,16077522.0,299854999.0,22000000000.0,0.0007307964545454546
2019-08-14,18.75,18.93,18.66,18.82,15742688.0,295640339.0,22000000000.0,0.0007155767272727273
2019-08-15,18.68,18.85,18.59,18.84,16077085.0,301175503.0,22000000000.0,0.0007307765909090909
2019-08-16,18.86,19.05,18.7,19.05,18919584.0,357366340.0,22000000000.0,0.0008599810909090909
2019-08-19,19.07,19.65,18.94,19.52,26004110.0,505452593.0,22000000000.0,0.001182005
2019-08-20,19.4,19.58,18.86,18.9,30603600.0,588258677.0,22000000000.0,0.0013910727272727272
2019-08-21,18.96,19.08,18.73,18.77,22781197.0,429329310.0,22000000000.0,0.0010355089545454545
2019-08-22,18.91,18.91,18.56,18.8,21503377.0,402648081.0,22000000000.0,0.0009774262272727273
2019-08-23,18.8,18.96,18.7,18.9,24389792.0,460135231.0,22000000000.0,0.001108626909090909
2019-08-26,18.88,19.11,18.61,18.85,24266796.0,457080675.0,22000000000.0,0.0011030361818181818
2019-08-27,18.96,19.38,18.86,19.18,57422784.0,1099389049.0,22000000000.0,0.0026101265454545456
2019-08-28,19.2,19.22,18.95,19.04,24580958.0,468477503.0,22000000000.0,0.0011173162727272728
2019-08-29,19.04,19.08,18.68,18.78,23133723.0,435082666.0,22000000000.0,0.0010515328636363636
2019-08-30,18.88,18.89,18.57,18.62,16410637.0,306692279.0,22000000000.0,0.0007459380454545454
2019-09-02,18.56,18.66,18.35,18.38,32398900.0,597756895.0,22000000000.0,0.0014726772727272728
2019-09-03,18.36,18.73,18.36,18.64,23359006.0,434009558.0,22000000000.0,0.001061773
2019-09-04,18.68,18.75,18.33,18.53,23752174.0,438580679.0,22000000000.0,0.0010796442727272727
2019-09-05,18.5,18.64,18.35,18.47,35314284.0,652268740.0,22000000000.0,0.0016051947272727272
2019-09-06,18.49,18.6,18.38,18.6,17095253.0,316177147.0,22000000000.0,0.0007770569545454545
2019-09-09,18.66,18.66,18.48,18.54,25970815.0,480933794.0,22000000000.0,0.0011804915909090908
2019-09-10,18.57,18.67,18.43,18.66,20560983.0,382195294.0,22000000000.0,0.0009345901363636363
2019-09-11,18.67,18.67,18.52,18.65,21286760.0,395487407.0,22000000000.0,0.00096758
2019-09-12,18.66,18.86,18.58,18.85,23380537.0,438677034.0,22000000000.0,0.0010627516818181818
2019-09-16,18.85,19.03,18.75,19.0,19622267.0,371537052.0,22000000000.0,0.0008919212272727273
2019-09-17,19.0,19.02,18.45,18.51,27394812.0,512576413.0,22000000000.0,0.0012452187272727273
2019-09-18,18.54,18.87,18.48,18.79,15177420.0,284358079.0,22000000000.0,0.0006898827272727272
2019-09-19,18.79,18.84,18.53,18.65,12668376.0,236500292.0,22000000000.0,0.0005758352727272728
2019-09-20,18.74,18.87,18.55,18.87,26269777.0,492421858.0,22000000000.0,0.0011940807727272727
2019-09-23,18.79,18.8,18.56,18.71,13952932.0,259868996.0,22000000000.0,0.0006342241818181818
2019-09-24,18.7,19.0,18.59,18.98,22065123.0,415699890.0,22000000000.0,0.0010029601363636363
2019-09-25,18.98,18.98,18.41,18.44,34868710.0,650058088.0,22000000000.0,0.0015849413636363637
2019-09-26,18.58,18.64,18.33,18.42,26200669.0,484456086.0,22000000000.0,0.0011909395
2019-09-27,18.42,18.48,18.01,18.2,20640605.0,375022068.0,22000000000.0,0.0009382093181818182
2019-09-30,18.15,18.42,18.13,18.23,16455093.0,300596631.0,22000000000.0,0.0007479587727272727
2019-10-08,18.19,18.66,18.15,18.58,25516090.0,471526081.0,22000000000.0,0.0011598222727272726
2019-10-09,18.53,18.62,18.42,18.47,12411153.0,229565443.0,22000000000.0,0.0005641433181818182
2019-10-10,18.44,18.44,18.1,18.24,29766572.0,541520149.0,22000000000.0,0.001353026
2019-10-11,18.25,18.44,18.15,18.37,20313115.0,371588165.0,22000000000.0,0.0009233234090909091
2019-10-14,18.39,18.46,18.16,18.23,34011727.0,621220692.0,22000000000.0,0.001545987590909091
2019-10-15,18.25,18.25,17.88,17.9,37767170.0,680854490.0,22000000000.0,0.0017166895454545454
2019-10-16,17.89,18.03,17.7,17.81,21275365.0,379303706.0,22000000000.0,0.0009670620454545455
2019-10-17,17.84,17.98,17.75,17.87,13811511.0,246328356.0,22000000000.0,0.0006277959545454545
2019-10-18,17.87,17.93,17.53,17.73,30118440.0,532561213.0,22000000000.0,0.00136902
2019-10-21,17.63,17.73,17.41,17.42,23943631.0,419725510.0,22000000000.0,0.0010883468636363636
2019-10-22,17.51,17.63,17.28,17.62,18831054.0,328521747.0,22000000000.0,0.000855957
2019-10-23,17.6,17.77,17.58,17.76,16691394.0,295251906.0,22000000000.0,0.0007586997272727272
2019-10-24,17.79,17.89,17.68,17.76,13319645.0,236902500.0,22000000000.0,0.0006054384090909091
2019-10-25,17.8,17.8,17.48,17.79,19551103.0,344501104.0,22000000000.0,0.0008886865
2019-10-28,17.75,17.94,17.69,17.73,13653117.0,242803520.0,22000000000.0,0.0006205962272727273
2019-10-29,17.75,17.75,17.44,17.5,15384153.0,269746289.0,22000000000.0,0.0006992796818181818
2019-10-30,17.5,17.72,17.47,17.59,14412776.0,253750265.0,22000000000.0,0.0006551261818181818
2019-10-31,17.66,17.86,17.6,17.86,17666332.0,313643507.0,22000000000.0,0.0008030150909090909
2019-11-01,17.86,17.92,17.74,17.88,16187516.0,288682173.0,22000000000.0,0.0007357961818181819
2019-11-04,17.94,18.06,17.89,18.0,14090988.0,253204193.0,22000000000.0,0.0006404994545454545
2019-11-05,18.03,18.17,17.92,18.08,17251768.0,311461549.0,22000000000.0,0.0007841712727272727
2019-11-06,18.13,18.13,18.02,18.07,10905112.0,197211309.0,22000000000.0,0.0004956869090909091
2019-11-07,18.02,18.05,17.76,17.82,15754624.0,281964923.0,22000000000.0,0.0007161192727272727
2019-11-08,17.88,18.06,17.79,18.0,17452345.0,313245912.0,22000000000.0,0.0007932884090909091
2019-11-11,17.95,18.07,17.86,18.0,17068764.0,306954508.0,22000000000.0,0.000775852909090909
2019-11-12,18.03,18.16,17.97,18.09,12934751.0,233749951.0,22000000000.0,0.0005879432272727273
2019-11-13,18.05,18.12,17.91,17.99,11572213.0,208251052.0,22000000000.0,0.0005260096818181818
2019-11-14,18.06,18.1,17.8,17.81,12913872.0,231249248.0,22000000000.0,0.0005869941818181818
2019-11-15,17.89,18.08,17.78,17.95,16776182.0,301585051.0,22000000000.0,0.0007625537272727273
2019-11-18,17.95,18.1,17.85,18.07,10549931.0,189810612.0,22000000000.0,0.0004795423181818182
2019-11-19,18.02,18.16,18.0,18.07,11089475.0,200623176.0,22000000000.0,0.0005040670454545455
2019-11-20,18.04,18.24,18.02,18.12,15125775.0,274635743.0,22000000000.0,0.0006875352272727273
2019-11-21,18.07,18.17,17.96,18.0,14043271.0,253360971.0,22000000000.0,0.0006383305
2019-11-22,17.93,17.99,17.8,17.9,19060250.0,341092611.0,22000000000.0,0.000866375
2019-11-25,17.91,18.19,17.88,18.15,16863823.0,305094430.0,22000000000.0,0.0007665374090909091
2019-11-26,18.2,18.38,18.0,18.37,51867690.0,947044135.0,22000000000.0,0.002357622272727273
2019-11-27,18.22,18.22,18.01,18.09,16784828.0,303707064.0,22000000000.0,0.0007629467272727273
2019-11-28,18.07,18.14,18.03,18.12,9960861.0,180270258.0,22000000000.0,0.0004527664090909091
2019-11-29,18.07,18.15,17.94,18.13,12602173.0,227597693.0,22000000000.0,0.0005728260454545454
2019-12-02,18.01,18.17,17.89,17.94,16158711.0,290947023.0,22000000000.0,0.0007344868636363636
2019-12-03,17.98,18.0,17.91,17.95,9856954.0,176988917.0,22000000000.0,0.00044804336363636366
2019-12-04,18.04,18.04,17.83,17.94,10437335.0,186975221.0,22000000000.0,0.00047442431818181817
2019-12-05,17.93,17.97,17.8,17.83,17320889.0,309309062.0,22000000000.0,0.0007873131363636364
2019-12-06,17.9,17.91,17.66,17.83,19479464.0,346023129.0,22000000000.0,0.0008854301818181818
2019-12-09,17.84,17.94,17.73,17.92,12312428.0,219363200.0,22000000000.0,0.0005596558181818181
2019-12-10,17.89,17.95,17.8,17.84,12162051.0,217303723.0,22000000000.0,0.0005528205
2019-12-11,17.9,18.01,17.83,18.01,15480393.0,277346274.0,22000000000.0,0.0007036542272727273
2019-12-12,18.07,18.45,18.03,18.42,27769360.0,507616453.0,22000000000.0,0.0012622436363636364
2019-12-13,18.48,18.8,18.37,18.51,44525015.0,829152798.0,22000000000.0,0.0020238643181818184
2019-12-16,18.54,18.91,18.52,18.83,28193096.0,529936912.0,22000000000.0,0.0012815043636363636
2019-12-17,18.82,18.89,18.68,18.77,18947370.0,355427239.0,22000000000.0,0.000861244090909091
2019-12-18,18.8,18.8,18.32,18.4,26588192.0,491693502.0,22000000000.0,0.0012085541818181817
2019-12-19,18.4,18.52,18.29,18.41,15406554.0,283419137.0,22000000000.0,0.0007002979090909091
2019-12-20,18.33,18.44,18.24,18.29,15737711.0,288201499.0,22000000000.0,0.0007153505
2019-12-23,18.37,18.39,18.12,18.26,12523204.0,228509035.0,22000000000.0,0.0005692365454545454
2019-12-24,18.25,18.25,18.12,18.2,9272917.0,168507961.0,22000000000.0,0.00042149622727272727
2019-12-25,18.22,18.22,18.02,18.08,11489882.0,207869408.0,22000000000.0,0.0005222673636363636
2019-12-26,17.91,18.22,17.91,18.18,13508398.0,244553752.0,22000000000.0,0.0006140180909090909
2019-12-27,18.12,18.21,18.1,18.19,15405803.0,279724403.0,22000000000.0,0.0007002637727272727
2019-12-30,18.15,18.46,18.11,18.37,19115762.0,349515295.0,22000000000.0,0.0008688982727272727
2019-12-31,18.4,18.42,18.26,18.38,12076986.0,221271513.0,22000000000.0,0.0005489539090909091
2020-01-02,18.46,18.6,18.39,18.47,19128492.0,353770322.0,22000000000.0,0.0008694769090909091
2020-01-03,18.5,18.65,18.45,18.57,15438377.0,286562117.0,22000000000.0,0.0007017444090909091
2020-01-06,18.54,18.61,18.05,18.2,41550582.0,757921841.0,22000000000.0,0.0018886628181818182
2020-01-07,18.22,18.26,18.1,18.19,23210668.0,421457432.0,22000000000.0,0.0010550303636363636
2020-01-08,18.08,18.17,17.99,18.05,26440991.0,476879600.0,22000000000.0,0.0012018632272727272
2020-01-09,18.12,18.13,17.97,18.09,22783272.0,410739697.0,22000000000.0,0.0010356032727272728
2020-01-10,18.07,18.12,17.98,18.0,21789472.0,392420935.0,22000000000.0,0.0009904305454545455
2020-01-13,18.04,18.14,17.99,18.07,22600048.0,407709430.0,22000000000.0,0.001027274909090909
2020-01-14,18.11,18.21,18.06,18.18,24428843.0,443161695.0,22000000000.0,0.0011104019545454546
2020-01-15,18.14,18.22,17.98,18.01,21077296.0,380964670.0,22000000000.0,0.0009580589090909091
2020-01-16,18.02,18.08,17.95,18.02,14824270.0,266911505.0,22000000000.0,0.0006738304545454546
2020-01-17,17.9,18.01,17.69,17.74,38758259.0,688835469.0,22000000000.0,0.0017617390454545455
2020-01-20,17.79,17.94,17.63,17.87,24809048.0,441190182.0,22000000000.0,0.001127684
2020-01-21,17.76,17.86,17.71,17.79,16378934.0,291027072.0,22000000000.0,0.000744497
2020-01-22,17.78,17.78,17.51,17.6,23808493.0,419236233.0,22000000000.0,0.0010822042272727274
2020-01-23,17.49,17.57,17.09,17.15,35236838.0,611103970.0,22000000000.0,0.0016016744545454546
2020-02-03,16.4,17.17,16.01,17.13,71860611.0,1204779054.0,22000000000.0,0.003266391409090909
2020-02-04,16.99,17.8,16.88,17.31,31544099.0,546552865.0,22000000000.0,0.0014338226818181817
2020-02-05,17.26,17.45,17.15,17.31,23123122.0,399598997.0,22000000000.0,0.001051051
2020-02-06,17.45,17.45,17.23,17.44,19288954.0,334597543.0,22000000000.0,0.0008767706363636364
2020-02-07,17.2,17.95,17.2,17.89,23702762.0,417417116.0,22000000000.0,0.0010773982727272727
2020-02-10,17.68,17.83,17.59,17.63,15774796.0,278841675.0,22000000000.0,0.0007170361818181818
2020-02-11,17.66,17.83,17.57,17.6,13079044.0,231213180.0,22000000000.0,0.000594502
2020-02-12,17.58,17.59,17.39,17.58,15671592.0,273942278.0,22000000000.0,0.0007123450909090909
2020-02-13,17.51,17.64,17.45,17.6,12350031.0,216722523.0,22000000000.0,0.0005613650454545455
2020-02-14,17.52,17.64,17.46,17.62,9857564.0,173155130.0,22000000000.0,0.0004480710909090909
2020-02-17,17.6,17.71,17.55,17.69,14494830.0,255799598.0,22000000000.0,0.0006588559090909091
2020-02-18,17.62,17.67,17.51,17.52,12598724.0,221489390.0,22000000000.0,0.0005726692727272728
2020-02-19,17.51,17.59,17.46,17.52,13894298.0,243225363.0,22000000000.0,0.000631559
2020-02-20,17.5,17.66,17.45,17.62,14517585.0,254753101.0,22000000000.0,0.0006598902272727272
2020-02-21,17.56,17.61,17.45,17.53,18204342.0,318976991.0,22000000000.0,0.0008274700909090909
2020-02-24,17.49,17.53,17.38,17.41,17173530.0,299429208.0,22000000000.0,0.000780615
2020-02-25,17.34,17.46,17.18,17.18,19210566.0,331920840.0,22000000000.0,0.0008732075454545454
2020-02-26,17.05,17.14,16.99,17.0,32040301.0,546935808.0,22000000000.0,0.0014563773181818182
2020-02-27,17.01,17.25,16.95,17.23,18545172.0,318034810.0,22000000000.0,0.0008429623636363636
2020-02-28,17.08,17.24,16.9,17.03,27402279.0,467105945.0,22000000000.0,0.0012455581363636364
2020-03-02,17.05,17.41,17.05,17.26,29042657.0,502793093.0,22000000000.0,0.0013201207727272727
2020-03-03,17.32,17.68,17.32,17.57,23409959.0,410037190.0,22000000000.0,0.0010640890454545456
2020-03-04,17.65,17.75,17.54,17.59,24047129.0,424131217.0,22000000000.0,0.0010930513181818182
2020-03-05,17.64,17.75,17.58,17.72,26793047.0,473604140.0,22000000000.0,0.0012178657727272726
2020-03-06,17.6,17.72,17.43,17.48,20378053.0,357191719.0,22000000000.0,0.0009262751363636364
2020-03-09,17.2,17.62,17.02,17.45,36880969.0,638503906.0,22000000000.0,0.0016764076818181818
2020-03-10,17.27,17.76,17.27,17.64,42178924.0,743701852.0,22000000000.0,0.001917223818181818
2020-03-11,17.76,17.78,17.52,17.59,17664235.0,311176861.0,22000000000.0,0.0008029197727272727
2020-03-12,17.51,17.59,17.31,17.45,24377800.0,425631021.0,22000000000.0,0.0011080818181818182
2020-03-13,17.06,17.3,16.96,17.0,46350510.0,790908999.0,22000000000.0,0.0021068413636363636
2020-03-16,17.07,17.14,16.88,16.92,32306636.0,549543352.0,22000000000.0,0.0014684834545454545
2020-03-17,16.86,17.25,16.86,16.93,35655016.0,608143555.0,22000000000.0,0.0016206825454545455
2020-03-18,16.88,16.99,16.7,16.72,39957888.0,673846066.0,22000000000.0,0.0018162676363636364
2020-03-19,16.65,16.78,16.19,16.36,37504843.0,614925413.0,22000000000.0,0.001704765590909091
2020-03-20,16.52,16.71,16.3,16.49,25714034.0,423399258.0,22000000000.0,0.0011688197272727273
2020-03-23,16.17,16.65,16.06,16.52,23149127.0,381578652.0,22000000000.0,0.0010522330454545454
2020-03-24,16.64,16.99,16.6,16.91,39793537.0,672333067.0,22000000000.0,0.0018087971363636363
2020-03-25,17.1,17.14,16.84,17.03,25514128.0,433878663.0,22000000000.0,0.0011597330909090908
2020-03-26,16.89,17.01,16.73,16.83,22871426.0,384597099.0,22000000000.0,0.0010396102727272727
2020-03-27,16.9,16.97,16.78,16.91,19258533.0,324981137.0,22000000000.0,0.0008753878636363636
2020-03-30,16.86,17.11,16.79,17.1,21155104.0,359224814.0,22000000000.0,0.0009615956363636364
2020-03-31,17.1,17.37,17.07,17.29,14925355.0,257923557.0,22000000000.0,0.0006784252272727273
2020-04-01,17.29,17.35,16.96,17.03,15777981.0,269929010.0,22000000000.0,0.0007171809545454545
2020-04-02,16.96,17.36,16.96,17.26,10826519.0,186250121.0,22000000000.0,0.0004921145
2020-04-03,17.26,17.33,17.12,17.22,9093944.0,156552736.0,22000000000.0,0.0004133610909090909
2020-04-07,17.44,17.44,17.21,17.25,12646615.0,218913553.0,22000000000.0,0.0005748461363636364
2020-04-08,17.25,17.27,17.02,17.21,13834081.0,237241639.0,22000000000.0,0.0006288218636363636
2020-04-09,17.21,17.21,17.02,17.06,7143370.0,122088484.0,22000000000.0,0.0003246986363636364
2020-04-10,17.06,17.12,17.0,17.05,12450939.0,212410655.0,22000000000.0,0.0005659517727272728
2020-04-13,17.01,17.13,17.01,17.11,7554491.0,128883315.0,22000000000.0,0.00034338595454545454
2020-04-14,17.17,17.27,17.09,17.23,15833357.0,271919524.0,22000000000.0,0.0007196980454545455
2020-04-15,17.18,17.32,17.04,17.07,10667206.0,182894055.0,22000000000.0,0.000484873
2020-04-16,17.02,17.23,17.02,17.15,10597496.0,181431738.0,22000000000.0,0.00048170436363636365
2020-04-17,17.15,17.18,17.05,17.12,15844150.0,270879925.0,22000000000.0,0.0007201886363636363
2020-04-20,17.11,17.14,17.0,17.0,15790009.0,269024911.0,22000000000.0,0.0007177276818181818
2020-04-21,16.97,17.1,16.96,17.09,11237909.0,191375853.0,22000000000.0,0.0005108140454545455
2020-04-22,17.08,17.22,17.02,17.22,12213824.0,209633271.0,22000000000.0,0.0005551738181818181
2020-04-23,17.29,17.38,17.17,17.3,15129946.0,261579065.0,22000000000.0,0.0006877248181818182
2020-04-24,17.3,17.55,17.27,17.53,13959846.0,243745234.0,22000000000.0,0.0006345384545454546
2020-04-27,17.57,17.94,17.56,17.61,17453354.0,309629065.0,22000000000.0,0.0007933342727272728
2020-04-28,17.59,17.86,17.46,17.75,14354178.0,253825987.0,22000000000.0,0.0006524626363636364
2020-04-29,17.78,17.79,17.39,17.61,10922115.0,191651259.0,22000000000.0,0.0004964597727272728
2020-04-30,17.5,17.65,17.38,17.45,16404315.0,286979495.0,22000000000.0,0.0007456506818181818
2020-05-06,17.31,17.5,17.16,17.24,25305238.0,436425773.0,22000000000.0,0.0011502380909090908
2020-05-07,17.18,17.18,17.0,17.03,31859442.0,542687563.0,22000000000.0,0.0014481564545454546
2020-05-08,17.1,17.17,17.06,17.09,16272496.0,278424599.0,22000000000.0,0.0007396589090909091
2020-05-11,17.12,17.23,17.05,17.16,19485934.0,334358057.0,22000000000.0,0.0008857242727272727
2020-05-12,17.23,17.35,17.16,17.22,16408449.0,282727244.0,22000000000.0,0.0007458385909090909
2020-05-13,17.21,17.24,17.09,17.18,14783972.0,254033784.0,22000000000.0,0.0006719987272727273
2020-05-14,17.26,17.26,17.07,17.15,13664117.0,234065427.0,22000000000.0,0.0006210962272727272
2020-05-15,17.15,17.18,17.08,17.16,14899432.0,255213495.0,22000000000.0,0.000677246909090909
2020-05-18,17.11,17.13,16.99,17.04,17083155.0,291436460.0,22000000000.0,0.0007765070454545455
2020-05-19,17.13,17.13,17.02,17.02,16911153.0,288305204.0,22000000000.0,0.0007686887727272727
2020-05-20,17.03,17.06,16.99,17.04,15499009.0,263716360.0,22000000000.0,0.0007045004090909091
2020-05-21,17.07,17.08,16.96,17.02,17408396.0,296217843.0,22000000000.0,0.0007912907272727272
2020-05-22,16.98,17.0,16.77,16.77,20304126.0,342636197.0,22000000000.0,0.0009229148181818181
2020-05-25,16.93,17.09,16.7,17.07,16468327.0,279434556.0,22000000000.0,0.0007485603181818181
2020-05-26,17.17,17.18,16.98,17.06,16366072.0,278841236.0,22000000000.0,0.0007439123636363636
2020-05-27,17.0,17.06,16.96,16.98,13344837.0,226861653.0,22000000000.0,0.0006065835
2020-05-28,17.1,17.45,17.08,17.45,33264493.0,575707326.0,22000000000.0,0.0015120224090909092
2020-05-29,17.45,17.45,17.22,17.39,27617430.0,478044940.0,22000000000.0,0.0012553377272727273
2020-06-01,17.43,17.92,17.4,17.8,35636033.0,631372191.0,22000000000.0,0.0016198196818181818
2020-06-02,17.7,18.0,17.64,18.0,26802222.0,477731436.0,22000000000.0,0.001218282818181818
2020-06-03,18.06,18.28,17.95,18.16,23115908.0,419732585.0,22000000000.0,0.001050723090909091
2020-06-04,18.16,18.22,17.8,17.8,21446062.0,384633406.0,22000000000.0,0.000974821
2020-06-05,17.89,17.95,17.66,17.75,14609741.0,259506531.0,22000000000.0,0.0006640791363636363
2020-06-08,17.8,18.05,17.54,17.89,24252763.0,430814866.0,22000000000.0,0.0011023983181818182
2020-06-09,17.85,18.07,17.77,18.02,14341134.0,257627180.0,22000000000.0,0.0006518697272727273
2020-06-10,18.04,18.04,17.77,17.87,15471059.0,276804780.0,22000000000.0,0.0007032299545454545
2020-06-11,17.88,17.93,17.6,17.6,16938731.0,300095617.0,22000000000.0,0.0007699423181818182
2020-06-12,17.24,17.58,17.2,17.53,28964813.0,504748262.0,22000000000.0,0.001316582409090909
2020-06-15,17.35,17.44,17.22,17.23,18774946.0,325104795.0,22000000000.0,0.0008534066363636364
2020-06-16,17.38,17.71,17.36,17.64,15780638.0,277195211.0,22000000000.0,0.0007173017272727272
2020-06-17,17.59,18.11,17.52,17.92,24628444.0,440551375.0,22000000000.0,0.0011194747272727274
2020-06-18,17.94,18.3,17.94,18.19,22714582.0,413255593.0,22000000000.0,0.001032481
2020-06-19,18.26,18.4,18.08,18.17,26659884.0,485691320.0,22000000000.0,0.0012118129090909092
2020-06-22,18.24,18.36,18.0,18.21,17608368.0,320894920.0,22000000000.0,0.0008003803636363636
2020-06-23,18.07,18.9,17.89,18.75,35929713.0,666761747.0,22000000000.0,0.0016331687727272727
2020-06-24,18.9,19.45,18.9,19.09,31514677.0,605084501.0,22000000000.0,0.0014324853181818182
2020-06-29,19.08,19.28,18.94,18.98,23172359.0,441421885.0,22000000000.0,0.0010532890454545455
2020-06-30,19.09,19.31,18.89,18.94,20943431.0,399355767.0,22000000000.0,0.0009519741363636364
2020-07-01,19.05,19.45,18.91,19.45,23263361.0,445764241.0,22000000000.0,0.0010574255
2020-07-02,19.42,19.49,19.06,19.15,37449143.0,719134679.0,22000000000.0,0.0017022337727272726
2020-07-03,19.15,19.31,18.91,19.09,30354461.0,578963247.0,22000000000.0,0.0013797482272727272
2020-07-06,19.15,19.57,19.13,19.31,45461251.0,882185709.0,22000000000.0,0.0020664205
2020-07-07,19.45,19.68,19.32,19.32,48896406.0,952891315.0,22000000000.0,0.002222563909090909
2020-07-08,19.34,19.5,19.15,19.18,34453713.0,664800508.0,22000000000.0,0.0015660778636363637
2020-07-09,19.2,19.28,18.91,19.03,37718983.0,717971670.0,22000000000.0,0.0017144992272727273
2020-07-10,19.03,19.33,18.88,18.89,35662426.0,680407526.0,22000000000.0,0.0016210193636363637
2020-07-13,19.0,19.38,19.0,19.16,38983454.0,747944786.0,22000000000.0,0.0017719751818181819
2020-07-14,19.1,19.65,19.1,19.41,50222078.0,971444478.0,22000000000.0,0.0022828217272727273
2020-07-15,19.5,19.99,19.43,19.96,49864886.0,988302452.0,22000000000.0,0.002266585727272727
2020-07-16,19.99,20.0,19.12,19.13,54179778.0,1051765083.0,22000000000.0,0.0024627171818181817
2020-07-17,18.51,18.75,18.42,18.61,30812474.0,572105278.0,22000000000.0,0.001400567
2020-07-20,18.6,18.8,18.42,18.64,37164043.0,691938575.0,22000000000.0,0.0016892746818181817
2020-07-21,18.7,18.96,18.6,18.67,31920722.0,596831281.0,22000000000.0,0.0014509419090909092
2020-07-22,18.61,18.88,18.42,18.67,31740082.0,592736276.0,22000000000.0,0.001442731
2020-07-23,18.53,18.75,18.48,18.66,22894996.0,425938356.0,22000000000.0,0.0010406816363636364
2020-07-24,18.59,18.66,18.02,18.2,35287281.0,646851762.0,22000000000.0,0.0016039673181818181
2020-07-27,18.31,18.58,18.22,18.53,22644097.0,416736493.0,22000000000.0,0.0010292771363636364
2020-07-28,18.6,18.84,18.5,18.66,18751576.0,350020336.0,22000000000.0,0.0008523443636363636
2020-07-29,18.56,18.64,18.25,18.57,17578816.0,325074357.0,22000000000.0,0.0007990370909090909
2020-07-30,18.57,18.74,18.25,18.33,23398314.0,430679286.0,22000000000.0,0.0010635597272727272
2020-07-31,18.45,18.64,18.23,18.37,22591310.0,416914965.0,22000000000.0,0.0010268777272727273
2020-08-03,18.33,18.57,18.25,18.33,24453322.0,448836804.0,22000000000.0,0.0011115146363636363
2020-08-04,18.41,18.42,18.27,18.35,22932052.0,420886367.0,22000000000.0,0.001042366
2020-08-05,18.35,18.44,18.11,18.17,16104170.0,293173672.0,22000000000.0,0.0007320077272727273
2020-08-06,18.2,18.23,18.05,18.07,17398451.0,314831970.0,22000000000.0,0.0007908386818181819
2020-08-07,18.14,18.16,18.0,18.08,16762567.0,302787762.0,22000000000.0,0.0007619348636363636
2020-08-10,18.1,18.23,17.99,18.06,18684562.0,338262174.0,22000000000.0,0.0008492982727272727
2020-08-11,18.14,18.16,17.99,18.07,23022136.0,415690479.0,22000000000.0,0.0010464607272727272
2020-08-12,18.01,18.07,17.81,18.02,23410031.0,420262528.0,22000000000.0,0.0010640923181818181
2020-08-13,18.03,18.16,17.93,18.02,20007179.0,360904966.0,22000000000.0,0.0009094172272727273
2020-08-14,18.1,18.22,18.02,18.21,22803992.0,413543942.0,22000000000.0,0.0010365450909090908
2020-08-17,18.31,18.42,18.28,18.37,25113577.0,461278764.0,22000000000.0,0.0011415262272727272
2020-08-18,18.38,18.42,18.21,18.24,15758837.0,288878628.0,22000000000.0,0.0007163107727272727
2020-08-19,18.29,18.76,18.14,18.53,33466139.0,619323788.0,22000000000.0,0.0015211881363636365
2020-08-20,18.51,18.98,18.33,18.98,51829187.0,972890406.0,22000000000.0,0.0023558721363636363
2020-08-21,19.1,19.22,18.8,18.99,34279594.0,652690147.0,22000000000.0,0.0015581633636363636
2020-08-24,18.99,19.15,18.7,18.91,23161144.0,436548498.0,22000000000.0,0.0010527792727272726
2020-08-25,18.85,18.92,18.52,18.55,23162001.0,432180805.0,22000000000.0,0.0010528182272727272
2020-08-26,18.69,18.81,18.56,18.72,22500603.0,420845207.0,22000000000.0,0.0010227546818181818
2020-08-27,18.81,18.81,18.55,18.67,13996844.0,261271295.0,22000000000.0,0.0006362201818181818
2020-08-28,18.7,19.03,18.58,18.99,22526529.0,425637967.0,22000000000.0,0.0010239331363636364
2020-08-31,18.95,19.56,18.91,19.3,33687575.0,652342038.0,22000000000.0,0.0015312534090909091
2020-09-01,19.3,19.55,19.16,19.53,21978518.0,426370514.0,22000000000.0,0.0009990235454545454
2020-09-02,19.6,19.76,19.3,19.65,27213336.0,533390901.0,22000000000.0,0.0012369698181818182
2020-09-03,19.75,20.36,19.71,20.02,37817305.0,760179235.0,22000000000.0,0.0017189684090909091
2020-09-04,19.9,20.27,19.81,20.01,22773356.0,455929403.0,22000000000.0,0.0010351525454545454
2020-09-07,19.99,20.5,19.92,20.08,35390961.0,716012971.0,22000000000.0,0.0016086800454545454
2020-09-08,20.21,20.45,20.0,20.0,28269108.0,570167396.0,22000000000.0,0.0012849594545454545
2020-09-09,19.9,20.19,19.71,19.99,22893141.0,457725093.0,22000000000.0,0.0010405973181818182
2020-09-10,19.97,20.19,19.75,20.07,24355097.0,487020788.0,22000000000.0,0.0011070498636363637
2020-09-11,20.0,20.45,19.96,20.36,29648233.0,600596379.0,22000000000.0,0.0013476469545454545
2020-09-14,20.4,20.98,20.23,20.9,33140236.0,686414633.0,22000000000.0,0.0015063743636363636
2020-09-15,21.0,21.0,20.51,20.59,26966260.0,556931726.0,22000000000.0,0.001225739090909091
2020-09-16,20.7,20.76,20.38,20.61,20250734.0,416788148.0,22000000000.0,0.0009204879090909091
2020-09-17,20.61,20.75,20.33,20.42,15724740.0,321494075.0,22000000000.0,0.000714760909090909
2020-09-18,20.62,20.82,20.45,20.71,25885267.0,534018610.0,22000000000.0,0.0011766030454545455
2020-09-21,20.61,20.7,20.31,20.32,20830388.0,425514719.0,22000000000.0,0.0009468358181818182
2020-09-22,20.32,20.53,20.03,20.05,26062193.0,528692854.0,22000000000.0,0.0011846451363636363
2020-09-23,20.21,20.26,19.99,20.01,26953488.0,541688371.0,22000000000.0,0.0012251585454545455
2020-09-24,19.84,19.84,19.33,19.4,54987007.0,1075237677.0,22000000000.0,0.002499409409090909
2020-09-25,19.5,19.5,18.62,18.86,76887414.0,1450554876.0,22000000000.0,0.0034948824545454546
2020-09-28,18.9,19.28,18.82,19.05,56440782.0,1074571235.0,22000000000.0,0.0025654900909090907
2020-09-29,19.19,19.23,18.92,19.04,37740519.0,719566389.0,22000000000.0,0.0017154781363636364
2020-09-30,19.11,19.18,18.9,19.13,27013654.0,514379005.0,22691000000.0,0.0011905008153012208
2020-10-09,19.15,19.23,18.9,18.96,32284542.0,614777009.0,22691000000.0,0.0014227906218324446
2020-10-12,18.83,19.4,18.82,19.25,44437934.0,851015979.0,22691000000.0,0.0019583946939315147
2020-10-13,19.25,19.43,18.98,19.33,17099831.0,328263736.0,22691000000.0,0.0007535953021021551
2020-10-14,19.35,19.4,19.08,19.12,29041545.0,557534570.0,22691000000.0,0.0012798706535630867
2020-10-15,19.06,19.16,18.8,19.03,33201437.0,629756523.0,22691000000.0,0.0014631984927945
2020-10-16,19.03,19.14,18.91,18.91,24393287.0,463339288.0,22691000000.0,0.0010750203604953507
2020-10-19,18.98,19.11,18.8,18.82,26737170.0,505899634.0,22741859230.0,0.0011756809207898698
2020-10-20,18.8,18.89,18.76,18.84,18628842.0,350820676.0,22741859230.0,0.0008191433168061168
2020-10-21,18.82,19.05,18.7,19.0,24895246.0,470301793.0,22741859230.0,0.0010946882463839787
2020-10-22,19.0,19.07,18.83,19.0,21483131.0,407163734.0,22741859230.0,0.0009446514808982925
2020-10-23,19.0,19.0,18.73,18.73,16603901.0,312408997.0,22741859230.0,0.0007301030593882539
2020-10-26,18.71,19.03,18.7,18.99,15553629.0,293856698.0,22741859230.0,0.0006839207314889355
2020-10-27,18.91,19.2,18.86,19.09,23753433.0,452210202.0,22741859230.0,0.0010444806978958685
2020-10-28,19.09,19.28,19.06,19.13,24608450.0,471658497.0,22741859230.0,0.0010820773161561777
2020-10-29,18.98,19.09,18.84,18.9,20243843.0,383600588.0,22741859230.0,0.0008901577832869208
2020-10-30,18.9,19.16,18.9,18.96,23855636.0,454238113.0,22741859230.0,0.0010489747455885558
2020-11-02,19.04,19.85,19.04,19.79,56606293.0,1108540970.0,22741859230.0,0.002489079385617145
2020-11-03,19.89,20.17,19.72,20.0,35107845.0,701900832.0,22741859230.0,0.0015437543889853724
2020-11-04,19.9,20.05,19.72,19.95,22494322.0,447328303.0,22741859230.0,0.0009891153477164496
2020-11-05,20.0,20.49,19.93,20.35,28630928.0,581040228.0,22741859230.0,0.0012589528283699608
2020-11-06,20.29,20.42,20.06,20.36,20149454.0,407971531.0,22741859230.0,0.0008860073310725528
2020-11-09,20.22,20.55,20.13,20.36,26274804.0,533947491.0,22741859230.0,0.0011553498653856544
2020-11-10,20.25,20.66,20.05,20.22,32449595.0,656780726.0,22741859230.0,0.0014268664084066622
2020-11-11,20.22,20.73,20.04,20.54,32962102.0,676117884.0,22741859230.0,0.0014494022527638344
2020-11-12,20.69,20.83,20.42,20.61,30257624.0,623226015.0,22741859230.0,0.001330481544801999
2020-11-13,20.62,20.62,20.16,20.36,26749588.0,543991358.0,22741859230.0,0.0011762269623370632
2020-11-16,20.46,20.49,19.88,19.98,34346706.0,689469703.0,22741859230.0,0.0015102857533605444
2020-11-17,20.0,20.0,19.48,19.55,39550723.0,777909462.0,22741859230.0,0.0017391156369408237
2020-11-18,19.55,19.94,19.5,19.77,33951140.0,671184932.0,22741859230.0,0.0014928920127697052
2020-11-19,19.85,19.96,19.65,19.84,24802005.0,492611535.0,22741859230.0,0.0010905882737714933
2020-11-20,19.88,19.89,19.61,19.81,26249519.0,518618065.0,22741859230.0,0.001154238038962657
2020-11-23,19.88,19.95,19.61,19.9,26988980.0,535187356.0,22741859230.0,0.0011867534543700542
2020-11-24,19.81,19.92,19.69,19.71,20574027.0,406720503.0,22741859230.0,0.0009046765610464998
2020-11-25,19.74,19.78,19.45,19.46,25165075.0,493225605.0,22741859230.0,0.0011065531074435377
2020-11-26,19.51,20.25,19.47,20.23,48835159.0,971436914.0,22741859230.0,0.0021473688015612607
2020-11-27,20.15,20.31,19.87,20.31,28095563.0,565072795.0,22741859230.0,0.0012354118770965586
2020-11-30,20.21,20.7,20.07,20.11,44332912.0,900066350.0,22741859230.0,0.001949396993079532
2020-12-01,20.14,20.39,20.02,20.3,28801981.0,581562106.0,22741859230.0,0.0012664743330222433
2020-12-02,20.47,20.47,20.15,20.2,22263373.0,451344079.0,22741859230.0,0.0009789601094105445
2020-12-03,20.2,20.28,20.06,20.24,16141358.0,325280050.0,22741859230.0,0.0007097642209792185
2020-12-04,20.24,20.28,19.98,20.12,23919151.0,480614335.0,22741859230.0,0.0010517676131090888
2020-12-07,20.06,20.11,19.79,19.8,20664207.0,410200513.0,22741859230.0,0.0009086419360445579
2020-12-08,19.89,19.9,19.71,19.83,15628928.0,309984926.0,22741859230.0,0.0006872317624490019
2020-12-09,19.84,20.15,19.82,20.09,21621771.0,433248874.0,22741859230.0,0.0009507477282894078
2020-12-10,19.98,20.1,19.89,19.95,19335150.0,386019842.0,22741859230.0,0.0008502009358361506
2020-12-11,20.0,20.3,19.68,20.01,36804495.0,735592990.0,22741859230.0,0.001618359107220628
2020-12-14,19.97,20.03,19.77,19.77,25462431.0,505354303.0,22741859230.0,0.0011196283796538124
2020-12-15,19.7,19.8,19.51,19.53,27371849.0,536312203.0,22741859230.0,0.0012035888852874586
2020-12-16,19.6,19.85,19.55,19.76,23667993.0,466567262.0,22741859230.0,0.00104072374912858
2020-12-17,19.8,20.1,19.63,19.82,39596175.0,786764511.0,22741859230.0,0.0017411142422237218
2020-12-18,19.91,20.02,19.67,19.75,33052905.0,655356423.0,22741859230.0,0.0014533950221799874
2020-12-21,19.77,19.84,19.52,19.58,38493686.0,755509638.0,22741859230.0,0.001692635839958983
2020-12-22,19.6,19.61,19.13,19.15,39091915.0,756197774.0,22741859230.0,0.0017189410331250213
2020-12-23,19.19,19.22,18.9,19.05,34774279.0,661512020.0,22741859230.0,0.0015290868986704215
2020-12-24,19.09,19.15,18.91,18.98,19792380.0,375708931.0,22741859230.0,0.0008703061521852538
2020-12-25,18.92,19.47,18.92,19.32,26097835.0,503631326.0,22741859230.0,0.0011475682236909176
2020-12-28,19.41,19.48,19.04,19.13,32232480.0,619374935.0,22741859230.0,0.0014173194756865093
2020-12-29,19.2,19.24,18.92,18.98,25488052.0,485212988.0,22741859230.0,0.001120754980594434
2020-12-30,18.99,19.18,18.91,19.03,35889131.0,683185199.0,22741859230.0,0.001578108924034528
2020-12-31,19.08,19.2,18.92,19.16,32605128.0,622071240.0,22741859230.0,0.0014337054710543999
2021-01-04,19.11,19.13,18.81,18.9,55780608.0,1055731664.0,22741859230.0,0.002452772547568003
2021-01-05,18.85,18.9,18.71,18.89,48757746.0,914606873.0,22741859230.0,0.0021439648142611424
2021-01-06,18.78,19.21,18.73,19.21,52294118.0,993820924.0,22741859230.0,0.002299465381045717
2021-01-07,19.31,19.57,19.03,19.23,62097458.0,1194728670.0,22741859230.0,0.002730535677491308
2021-01-08,19.3,19.45,19.1,19.34,57476307.0,1106810220.0,22741859230.0,0.0025273354486417686
2021-01-11,19.35,19.42,19.05,19.1,56735041.0,1090970656.0,22741859230.0,0.0024947406641739204
2021-01-12,19.1,19.16,18.83,19.16,48818342.0,926016751.0,22741859230.0,0.0021466293281598155
2021-01-13,19.16,19.45,18.95,19.42,56515430.0,1089220876.0,22741859230.0,0.0024850839778942737
2021-01-14,19.35,19.61,19.15,19.18,44384843.0,858276872.0,22741859230.0,0.0019516804915162603
2021-01-15,19.1,19.32,19.03,19.2,35074136.0,672641251.0,22741859230.0,0.0015422721442990832
2021-01-18,19.2,19.25,18.98,19.1,39875611.0,761753611.0,22741859230.0,0.0017534015401607075
2021-01-19,19.15,19.48,19.12,19.4,49734502.0,960033769.0,22741859230.0,0.0021869145128817157
2021-01-20,19.38,19.38,19.05,19.1,36650589.0,701133990.0,22741859230.0,0.0016115915866567433
2021-01-21,19.05,19.19,19.01,19.13,37561108.0,716129861.0,22741859230.0,0.0016516287265753162
2021-01-22,19.05,19.09,18.9,18.91,28348939.0,536911777.0,22741859230.0,0.0012465532704820986
2021-01-25,18.89,19.02,18.5,18.9,46984145.0,879646788.0,22741859230.0,0.0020659764236875015
2021-01-26,18.77,19.05,18.68,18.99,34066460.0,643811561.0,22741859230.0,0.0014979628382828574
2021-01-27,19.01,19.24,18.98,19.16,39582942.0,758079607.0,22741859230.0,0.001740532363676934
2021-01-28,19.55,20.26,19.36,20.0,109097282.0,2164578640.0,22741859230.0,0.004797201534696159
2021-01-29,19.8,20.15,19.4,19.68,70772821.0,1399077904.0,22741859230.0,0.003112006818978098
2021-02-01,19.8,19.8,19.32,19.43,132064711.0,2579449453.0,22741859230.0,0.005807120238691232
2021-02-02,19.68,19.77,19.31,19.51,134633414.0,2629777853.0,22741859230.0,0.005920070678407765
2021-02-03,19.6,19.72,19.33,19.48,92892049.0,1810742298.0,22741859230.0,0.004084628616356095
2021-02-04,19.35,19.58,19.3,19.52,96214207.0,1873001385.0,22741859230.0,0.004230709812550361
2021-02-05,19.53,19.66,19.34,19.43,54269017.0,1056400601.0,22741859230.0,0.0023863052027167085
2021-02-08,19.46,20.03,19.43,19.5,76477062.0,1499130384.0,22741859230.0,0.0033628324415584734
2021-02-09,19.53,19.62,19.03,19.28,68625730.0,1321462133.0,22741859230.0,0.0030175954087989488
2021-02-10,19.29,19.79,19.23,19.69,72887266.0,1428002523.0,22741859230.0,0.003204982726471656
2021-02-18,19.83,19.95,19.52,19.63,70000872.0,1376318408.0,22741859230.0,0.0030780628484261357
2021-02-19,19.65,20.1,19.58,19.98,90788463.0,1802875274.0,22741859230.0,0.003992130198406826
2021-02-22,19.96,19.96,19.5,19.56,84434854.0,1658999349.0,22741859230.0,0.0037127507098723696
2021-02-23,19.6,19.91,19.56,19.73,68130716.0,1347067305.0,22741859230.0,0.002995828762765585
2021-02-24,19.86,19.87,19.5,19.61,60547590.0,1190786921.0,22741859230.0,0.0026623852248688815
2021-02-25,19.66,19.92,19.6,19.8,65349837.0,1292211903.0,22741859230.0,0.0028735485669436184
2021-02-26,19.65,19.99,19.61,19.75,68862551.0,1365331970.0,22741859230.0,0.003028008849389048
2021-03-01,19.8,19.83,19.55,19.67,47855230.0,941857564.0,22741859230.0,0.0021042795804870522
2021-03-02,19.7,20.08,19.62,19.75,57678248.0,1142046337.0,22741859230.0,0.0025362151535927874
2021-03-03,19.73,20.05,19.69,20.03,56249843.0,1119455967.0,22741859230.0,0.0024734056451197195
2021-03-04,19.92,20.58,19.92,20.27,92043597.0,1858368671.0,22741859230.0,0.00404732067282258
2021-03-05,20.15,20.32,19.74,20.2,64137470.0,1287399214.0,22741859230.0,0.0028202386335851046
2021-03-08,20.13,20.52,20.03,20.2,78175468.0,1581226502.0,22741859230.0,0.003437514374237027
2021-03-09,20.29,21.08,20.1,20.25,126622763.0,2593858919.0,22741859230.0,0.005567828105846559
2021-03-10,20.01,20.27,19.81,19.9,89849617.0,1798799277.0,22741859230.0,0.003950847469914622
2021-03-11,19.95,20.35,19.91,20.2,78544497.0,1585833256.0,22741859230.0,0.003453741235738007
2021-03-12,20.26,21.97,20.21,21.32,207504593.0,4388789600.0,22741859230.0,0.009124346030876385
2021-03-15,21.32,21.72,20.75,20.94,122706239.0,2601761557.0,22741859230.0,0.0053956115794671555
2021-03-16,20.94,21.1,20.66,20.91,76341021.0,1591292087.0,22741859230.0,0.003356850476820052
2021-03-17,20.97,21.0,20.35,20.42,80167137.0,1646898537.0,22741859230.0,0.0035250916026358676
2021-03-18,20.41,20.63,20.23,20.43,70928273.0,1448606333.0,22741859230.0,0.0031188423199117656
2021-03-19,20.27,20.68,20.16,20.47,67477930.0,1380768949.0,22741859230.0,0.002967124601272101
2021-03-22,20.46,21.34,20.45,21.21,101953321.0,2144527177.0,22741859230.0,0.004483068862967366
2021-03-23,21.15,21.44,20.79,20.97,88793104.0,1873830705.0,22741859230.0,0.003904390714144791
2021-03-24,20.95,21.03,20.58,20.78,65449875.0,1359899581.0,22741859230.0,0.002877947415735543
2021-03-25,20.8,21.07,20.64,21.06,50522985.0,1057457891.0,22741859230.0,0.0022215855128217676
2021-03-26,20.9,21.16,20.76,20.83,61999526.0,1298506382.0,22741859230.0,0.0027262294332652064
2021-03-29,20.75,21.35,20.7,21.26,70832609.0,1499457975.0,22741859230.0,0.0031146358036796273
2021-03-30,21.23,21.47,21.07,21.44,49654596.0,1058424549.0,22741859230.0,0.0021834009039374395
2021-03-31,21.44,21.5,21.25,21.44,35827789.0,766359211.0,22741859230.0,0.0015754116071889871
2021-04-01,21.41,21.73,21.33,21.63,30377733.0,654937002.0,22741859230.0,0.0013357629511630742
2021-04-02,21.6,21.6,21.06,21.12,54592043.0,1157306786.0,22741859230.0,0.0024005092304847583
2021-04-06,21.12,21.21,20.84,20.95,41859407.0,877026055.0,22741859230.0,0.0018406325787462892
2021-04-07,21.11,21.19,20.95,21.13,38701526.0,816513653.0,22741859230.0,0.0017017749344322187
2021-04-08,21.01,21.1,20.74,20.86,34768000.0,725466056.0,22741859230.0,0.0015288107998723199
2021-04-09,20.86,20.99,20.75,20.85,23521115.0,491286409.0,22741859230.0,0.0010342652622250005
2021-04-12,20.8,21.35,20.79,21.19,65645637.0,1390041467.0,22741859230.0,0.002886555419066324
2021-04-13,21.11,21.24,20.85,21.02,37492201.0,786451475.0,22741859230.0,0.0016485987632243381
2021-04-14,21.05,21.08,20.71,20.76,53201843.0,1107905890.0,22741859230.0,0.00233937966381476
2021-04-15,20.76,20.83,20.28,20.32,57600278.0,1176856409.0,22741859230.0,0.0025327866740119647
2021-04-16,20.4,20.61,20.32,20.47,24951468.0,510404035.0,22741859230.0,0.0010971604277228656
2021-04-19,20.41,20.64,20.4,20.51,32216369.0,660703746.0,22741859230.0,0.001416611046360786
2021-04-20,20.44,20.63,20.41,20.61,23126559.0,475301797.0,22741859230.0,0.0010169159331305912
2021-04-21,20.55,20.65,20.47,20.6,23863841.0,490001631.0,22741859230.0,0.0010493355340323246
2021-04-22,20.6,20.65,20.32,20.4,37710976.0,770042882.0,22741859230.0,0.0016582186890970391
2021-04-23,20.39,20.4,20.02,20.38,49810967.0,1007769320.0,22741859230.0,0.0021902768149356803
2021-04-26,20.36,20.45,20.16,20.16,31879803.0,646011942.0,22741859230.0,0.001401811640709905
2021-04-27,20.11,20.26,20.07,20.12,22683243.0,456809084.0,22741859230.0,0.0009974225401095317
2021-04-28,20.15,20.2,19.97,20.12,28506691.0,573097979.0,22741859230.0,0.0012534899065066458
2021-04-29,20.09,20.19,19.97,20.13,34505740.0,693006081.0,22741859230.0,0.0015172787612053125
2021-04-30,20.13,20.15,19.8,19.97,48161564.0,961349743.0,22741859230.0,0.002117749631325987
2021-05-06,19.9,20.07,19.87,19.89,51696523.0,1030697494.0,22741859230.0,0.002273188065987338
2021-05-07,19.9,19.97,19.69,19.76,43386527.0,858407470.0,22741859230.0,0.0019077827613481362
2021-05-10,19.75,19.84,19.56,19.67,38721977.0,761289495.0,22741859230.0,0.0017026742012772541
2021-05-11,19.64,19.95,19.52,19.89,34332839.0,679428903.0,22741859230.0,0.001509675996706097
2021-05-12,19.85,19.97,19.7,19.77,24864161.0,492445885.0,22741859230.0,0.0010933213836448498
2021-05-13,19.7,19.88,19.63,19.76,29963882.0,591903723.0,22741859230.0,0.0013175651865997414
2021-05-14,19.75,19.77,19.55,19.65,42437336.0,832625097.0,22741859230.0,0.0018660451448058674
2021-05-17,19.66,19.9,19.62,19.76,62956889.0,1242243112.0,22741859230.0,0.002768326387182549
2021-05-18,19.75,19.79,19.66,19.79,27127892.0,535115714.0,22741859230.0,0.0011928616620849606
2021-05-19,19.79,19.8,19.59,19.61,28453636.0,559034640.0,22741859230.0,0.0012511569837907223
2021-05-20,19.58,19.62,19.31,19.43,60053208.0,1167625531.0,22741859230.0,0.0026406463689996203
2021-05-21,19.46,19.64,19.42,19.6,33774281.0,660609127.0,22741859230.0,0.0014851152079706194
2021-05-24,19.61,19.65,19.34,19.38,35296840.0,685356082.0,22741859230.0,0.001552064835290074
2021-05-25,19.34,19.84,19.18,19.81,62591307.0,1224321659.0,22741859230.0,0.002752251096402552
2021-05-26,19.75,19.76,19.41,19.42,79505692.0,1549587797.0,22741859230.0,0.003496006689511111
2021-05-27,19.44,19.52,19.39,19.44,55929770.0,1086850623.0,22741859230.0,0.002459331466014004
2021-05-28,19.45,19.69,19.38,19.67,50076336.0,978866825.0,22741859230.0,0.00220194556186249
2021-05-31,19.74,19.86,19.55,19.86,47957240.0,945549633.0,22741859230.0,0.0021087651416264613
2021-06-01,19.86,20.07,19.72,19.93,44219888.0,880173691.0,22741859230.0,0.0019444271267701448
2021-06-02,19.98,20.05,19.71,19.82,37983807.0,752333964.0,22741859230.0,0.0016702155534360854
2021-06-03,19.82,20.03,19.73,19.9,35400694.0,703988296.0,22741859230.0,0.0015566314803893014
2021-06-04,19.9,20.02,19.77,19.87,31669907.0,629828241.0,22741859230.0,0.0013925821402597787
2021-06-07,19.87,19.87,19.66,19.74,34970285.0,690822245.0,22741859230.0,0.001537705631115192
2021-06-08,19.77,19.9,19.71,19.82,37369707.0,739978707.0,22741859230.0,0.0016432124841711986
2021-06-09,19.87,20.33,19.83,20.32,71481128.0,1441167850.0,22741859230.0,0.0031431523375936403
2021-06-10,20.33,20.6,20.26,20.32,57558070.0,1173651153.0,22741859230.0,0.0025309307131789857
2021-06-11,20.35,20.83,20.32,20.69,71395916.0,1477074210.0,22741859230.0,0.003139405414391882
2021-06-15,20.69,20.75,20.36,20.43,42807518.0,877522200.0,22741859230.0,0.0018823227057676235
2021-06-16,20.43,20.59,20.22,20.4,41239615.0,841933300.0,22741859230.0,0.0018133792221173642
2021-06-17,20.44,20.72,20.34,20.4,42176995.0,866536326.0,22741859230.0,0.0018545974879820766
2021-06-18,20.47,20.52,20.06,20.08,51320376.0,1037095299.0,22741859230.0,0.0022566482133659746
2021-06-21,20.12,20.14,19.8,19.94,50894810.0,1013084621.0,22741859230.0,0.002237935319415835
2021-06-22,19.92,20.32,19.92,20.15,35805943.0,721434072.0,22741859230.0,0.0015744509997127443
2021-06-23,20.25,20.38,20.05,20.27,40278201.0,814425614.0,22741859230.0,0.0017711041385247376
2021-06-24,20.3,20.45,20.23,20.4,25744638.0,524439376.0,22741859230.0,0.001132037523389419
2021-06-25,20.44,20.72,20.3,20.64,49038854.0,1005552904.0,22741859230.0,0.00215632563301202
2021-06-28,20.82,21.45,20.78,20.97,65612385.0,1380408737.0,22741859230.0,0.0028850932694828753
2021-06-29,20.97,20.97,20.36,20.5,43255849.0,890229544.0,22741859230.0,0.0019020366172585793
2021-06-30,20.51,20.71,20.39,20.64,22981375.0,472168763.0,22741859230.0,0.0010105319344200338
2021-07-01,20.65,20.95,20.41,20.89,28521680.0,589083447.0,22741859230.0,0.001254148999496731
2021-07-02,20.73,20.75,20.25,20.3,41188859.0,839403593.0,22741859230.0,0.0018111473905205418
2021-07-05,20.3,20.4,20.04,20.13,36482454.0,734636853.0,22741859230.0,0.001604198391654542
2021-07-06,20.1,20.72,19.95,20.27,39685027.0,806203341.0,22741859230.0,0.0017450212226997415
2021-07-07,20.29,20.43,20.11,20.31,30192904.0,611213220.0,22741859230.0,0.0013276356912882007
2021-07-08,20.39,20.45,20.04,20.31,35703604.0,721024624.0,22741859230.0,0.0015699509718581615
2021-07-09,20.26,20.4,20.19,20.31,27799423.0,564245147.0,22741859230.0,0.0012223900745691142
2021-07-12,20.38,20.42,19.91,19.96,55671169.0,1117592303.0,22741859230.0,0.002447960320085052
2021-07-13,19.91,20.21,19.82,20.19,33766332.0,678015684.0,22741859230.0,0.0014847656763021834
2021-07-14,20.21,20.26,19.93,20.21,37805654.0,759761127.0,22741859230.0,0.001662381849155435
2021-07-15,20.11,20.34,19.97,20.28,33177823.0,670717009.0,22741859230.0,0.0014588878888245585
2021-07-16,19.61,19.61,19.18,19.29,53981418.0,1041371768.0,22741859230.0,0.002373658963150657
2021-07-19,19.27,19.43,19.15,19.4,30581683.0,590447563.0,22741859230.0,0.0013447309954173873
2021-07-20,19.39,19.44,19.2,19.29,25392895.0,489774868.0,22741859230.0,0.0011165707580540678
2021-07-21,19.22,19.29,19.0,19.01,56025125.0,1070155640.0,22741859230.0,0.002463524394966541
2021-07-22,18.99,19.08,18.79,18.84,52133231.0,983832823.0,22741859230.0,0.0022923908934951226
2021-07-23,18.9,18.96,18.63,18.79,41983289.0,786854237.0,22741859230.0,0.0018460798906281858
2021-07-26,18.69,18.92,18.67,18.84,42187908.0,792312228.0,22741859230.0,0.0018550773520024115
2021-07-27,18.84,18.85,18.19,18.33,54495540.0,1005885409.0,22741859230.0,0.0023962658219303383
2021-07-28,18.2,18.82,18.2,18.76,57849096.0,1072439199.0,22741859230.0,0.002543727644030448
2021-07-29,18.69,18.87,18.55,18.59,38512311.0,720265456.0,22741859230.0,0.0016934548143362155
2021-07-30,18.6,19.0,18.48,19.0,44409713.0,835918989.0,22741859230.0,0.0019527740696511206
2021-08-02,18.97,19.04,18.58,18.9,55085576.0,1036065013.0,22741859230.0,0.0024222107543139513
2021-08-03,18.81,18.99,18.72,18.88,36380490.0,685191258.0,22741859230.0,0.0015997148532169506
2021-08-04,18.84,19.27,18.68,19.06,42254412.0,804162881.0,22741859230.0,0.0018580016511693094
2021-08-05,19.02,19.2,18.9,19.15,34706394.0,662322044.0,22741859230.0,0.001526101874477217
2021-08-06,19.1,19.12,18.88,19.05,34953841.0,663441130.0,22741859230.0,0.0015369825591871804
2021-08-09,19.02,19.4,19.0,19.35,41614432.0,802532177.0,22741859230.0,0.0018298605922731322
2021-08-10,19.35,19.57,19.23,19.55,37597080.0,731686853.0,22741859230.0,0.0016532104793966751
2021-08-11,19.5,19.65,19.45,19.57,26019006.0,509335834.0,22741859230.0,0.0011441019723522402
2021-08-12,19.54,19.86,19.5,19.69,32114698.0,632905707.0,22741859230.0,0.001412140391654337
2021-08-13,19.69,19.78,19.54,19.6,20331596.0,398551124.0,22741859230.0,0.0008940164387782115
2021-08-16,19.64,19.77,19.55,19.77,21945635.0,432308082.0,22741859230.0,0.0009649886044079607
2021-08-17,19.81,19.95,19.44,19.63,29365833.0,576858211.0,22741859230.0,0.001291267908353859
2021-08-18,19.5,19.79,19.49,19.69,29307686.0,577040644.0,22741859230.0,0.0012887110813410835
2021-08-19,19.58,19.95,19.56,19.92,35463186.0,702289342.0,22741859230.0,0.0015593793647802822
2021-08-20,19.97,20.07,19.56,19.85,41924218.0,828815655.0,22741859230.0,0.001843482433691944
2021-08-23,19.87,20.28,19.85,20.0,47135688.0,944274264.0,22741859230.0,0.0020726400389384524
2021-08-24,20.07,20.15,19.8,19.85,35559914.0,708214784.0,22741859230.0,0.0015636326669848971
2021-08-25,19.92,19.93,19.67,19.73,29716902.0,587420941.0,22741859230.0,0.0013067050367104045
2021-08-26,19.73,19.79,19.49,19.5,21795879.0,427488966.0,22741859230.0,0.0009584035667254458
2021-08-27,19.53,19.75,19.42,19.53,20067554.0,393217018.0,22741859230.0,0.0008824060424016617
2021-08-30,19.42,19.48,18.98,19.09,38315539.0,734091762.0,22741859230.0,0.0016848023995090044
2021-08-31,19.07,19.42,18.9,19.34,37974541.0,727303525.0,22741859230.0,0.0016698081109351762
2021-09-01,19.4,19.99,19.34,19.82,53595980.0,1058053507.0,22741859230.0,0.0023567105687339177
2021-09-02,19.72,20.0,19.63,19.98,36644236.0,726517388.0,22741859230.0,0.0016113122339470219
2021-09-03,20.0,20.15,19.84,20.06,43772080.0,876481829.0,22741859230.0,0.0019247362125194194
2021-09-06,20.07,20.27,19.97,20.02,34986498.0,701932303.0,22741859230.0,0.0015384185455623366
2021-09-07,20.04,20.16,19.88,20.03,35907515.0,719153802.0,22741859230.0,0.0015789173012131076
2021-09-08,20.05,20.45,20.05,20.33,55497445.0,1125412683.0,22741859230.0,0.002440321366812013
2021-09-09,20.5,20.51,19.92,20.39,57850588.0,1172316002.0,22741859230.0,0.002543793249924184
2021-09-10,20.39,20.53,20.23,20.4,41591535.0,848735039.0,22741859230.0,0.0018288537704575353
2021-09-13,20.37,20.65,20.27,20.38,36884240.0,753583318.0,22741859230.0,0.0016218656367085428
2021-09-14,20.39,20.44,20.01,20.09,37538216.0,758706004.0,22741859230.0,0.0016506221246186123
2021-09-15,20.0,20.08,19.65,19.71,38454156.0,760573319.0,22741859230.0,0.001690897635549211
2021-09-16,19.71,20.22,19.63,19.76,38912370.0,772533276.0,22741859230.0,0.0017110461201284993
2021-09-17,19.77,20.48,19.77,20.31,56124933.0,1137932764.0,22741859230.0,0.0024679131302493777
2021-09-22,20.27,21.69,20.25,21.36,114253703.0,2428239222.0,22741859230.0,0.005023938537500129
2021-09-23,21.45,21.93,21.05,21.23,101364862.0,2170815423.0,22741859230.0,0.004457193274078674
2021-09-24,21.53,21.55,20.85,21.09,73281349.0,1553563541.0,22741859230.0,0.003222311256914767
2021-09-27,21.46,21.66,21.11,21.58,101965330.0,2187010649.0,22741859230.0,0.004483596920057094
2021-09-28,21.49,22.06,21.12,21.79,90481725.0,1956084850.0,22741859230.0,0.003978642382969319
2021-09-29,21.63,22.22,21.35,22.12,112240070.0,2451746777.0,22741859230.0,0.004935395512955165
2021-09-30,22.2,22.28,21.43,22.0,98750701.0,2160433402.0,22741859230.0,0.00434224396524857
2021-10-08,22.5,22.51,21.69,21.95,79536810.0,1743026209.0,22741859230.0,0.003497375003318935
2021-10-11,22.1,22.17,21.4,21.62,58759102.0,1273105645.0,22741859230.0,0.002583742226426577
2021-10-12,21.41,21.58,21.08,21.33,60442307.0,1284896697.0,22741859230.0,0.002657755744097973
2021-10-13,21.25,21.25,20.7,20.85,39810551.0,831380846.0,22741859230.0,0.0017505407362421704
2021-10-14,20.85,20.95,20.55,20.68,34687929.0,717000065.0,22741859230.0,0.0015252899355845675
2021-10-15,20.63,20.91,20.5,20.85,40582444.0,843059694.0,22741859230.0,0.001784482244374529
2021-10-18,20.85,21.24,20.74,21.06,44454572.0,934824267.0,22741859230.0,0.0019547465996692832
2021-10-19,20.9,21.4,20.76,21.31,41116416.0,868148245.0,22741859230.0,0.001807961942960281
2021-10-20,21.3,21.38,20.9,20.99,66022066.0,1389055749.0,22741859230.0,0.0029031076717292654
2021-10-21,21.0,21.08,20.81,21.07,33962198.0,711438910.0,22741859230.0,0.0014933782526979436
2021-10-22,21.05,21.12,20.84,21.0,29844048.0,625398971.0,22741859230.0,0.001312295872477793
2021-10-25,20.94,21.35,20.88,21.03,46293766.0,977047209.0,22741859230.0,0.002035619231119478
2021-10-26,21.06,21.25,20.98,21.16,32898560.0,694633946.0,22741859230.0,0.001446608198005278
2021-10-27,21.14,21.27,20.98,21.27,36028733.0,762583902.0,22741859230.0,0.0015842474722766982
2021-10-28,21.16,21.25,20.99,21.13,42075088.0,887563938.0,22741859230.0,0.0018501164559358676
2021-10-29,21.1,21.25,20.86,21.25,40708901.0,857456580.0,22741859230.0,0.0017900427835864324
2021-11-01,21.11,21.42,21.06,21.38,38304468.0,814916266.0,22741859230.0,0.0016843155879476437
2021-11-02,21.39,21.43,20.66,20.95,56946001.0,1192929049.0,22741859230.0,0.0025040169505965233
2021-11-03,20.83,21.29,20.77,21.17,40879018.0,863704541.0,22741859230.0,0.0017975231306539047
2021-11-04,21.16,21.27,21.02,21.06,28026835.0,591659882.0,22741859230.0,0.001232389784693958
2021-11-05,21.03,21.13,20.65,20.66,37251180.0,773594815.0,22741859230.0,0.001638000641163937
2021-11-08,20.73,20.74,20.31,20.35,34285318.0,700885822.0,22741859230.0,0.0015075864138131858
2021-11-09,20.55,20.59,20.12,20.34,36674196.0,745503354.0,22741859230.0,0.001612629628435177
2021-11-10,20.4,20.4,19.91,20.15,39771645.0,797936088.0,22741859230.0,0.001748829970222272
2021-11-11,20.1,20.24,19.96,20.13,40208209.0,807567357.0,22741859230.0,0.0017680264657939314
2021-11-12,20.14,20.19,19.8,19.97,41982477.0,838673959.0,22741859230.0,0.0018460441855439275
2021-11-15,20.07,20.27,19.92,20.17,44991245.0,903602410.0,22741859230.0,0.0019783450660291507
2021-11-16,20.1,20.23,19.93,20.0,32493739.0,650158879.0,22741859230.0,0.0014288074986030946
2021-11-17,20.01,20.19,19.96,20.06,28935528.0,580528189.0,22741859230.0,0.0012723466321447282
2021-11-18,20.0,20.13,19.96,20.04,25736457.0,516122720.0,22741859230.0,0.0011316777902683377
2021-11-19,20.02,20.27,19.98,20.21,30307444.0,610516284.0,22741859230.0,0.0013326722188140112
2021-11-22,20.22,20.28,19.99,19.99,29310350.0,587633008.0,22741859230.0,0.0012888282221593893
2021-11-23,19.97,20.02,19.9,19.98,32949381.0,657547993.0,22741859230.0,0.0014488428877677123
2021-11-24,20.04,20.04,19.72,19.79,38276235.0,759832603.0,22741859230.0,0.0016830741327212059
2021-11-25,19.8,19.91,19.68,19.79,36655019.0,726031850.0,22741859230.0,0.0016117863816361333
2021-11-26,19.75,19.75,19.49,19.53,45569503.0,891323168.0,22741859230.0,0.0020037720988039026
2021-12-13,21.47,21.48,20.52,20.86,240466334.0,5079887858.0,22741859230.0,0.01057373240982813
2021-12-14,20.55,21.77,20.35,21.68,152816972.0,3254785753.0,22741859230.0,0.006719634065732453
2021-12-15,21.53,21.88,21.5,21.83,81044609.0,1759463805.0,22741859230.0,0.0035636756071856135
2021-12-16,21.78,22.02,21.65,22.02,58378768.0,1278107373.0,22741859230.0,0.0025670182639680335
2021-12-17,21.97,22.18,21.82,21.91,56888435.0,1251931828.0,22741859230.0,0.0025014856711871396
2021-12-20,21.74,22.03,21.49,21.75,48784938.0,1060548556.0,22741859230.0,0.002145160494866013
2021-12-21,21.83,22.14,21.73,21.98,36284002.0,797472800.0,22741859230.0,0.00159547210423921
2021-12-22,21.99,22.18,21.93,22.01,30735728.0,678650606.0,22741859230.0,0.0013515046280585038
2021-12-23,22.02,22.26,21.91,22.2,32436286.0,718751458.0,22741859230.0,0.0014262811880046977
2021-12-24,22.17,23.03,22.07,22.37,50644778.0,1140593253.0,22741859230.0,0.0022269409676580784
2021-12-27,22.35,22.71,22.06,22.35,33915757.0,757945270.0,22741859230.0,0.0014913361593259674
2021-12-28,22.44,22.55,22.12,22.37,39586585.0,884930115.0,22741859230.0,0.001740692552866532
2021-12-29,22.37,22.41,22.13,22.25,29148289.0,648559083.0,22741859230.0,0.001281702111740668
2021-12-30,22.17,22.6,22.1,22.53,33339376.0,748600906.0,22741859230.0,0.0014659916615797292
2021-12-31,22.47,22.82,22.47,22.7,31889449.0,723342723.0,22741859230.0,0.001402235792486699
2022-01-04,22.79,22.9,22.55,22.84,47207944.0,1074028150.0,22741859230.0,0.0020758172637761066
2022-01-05,22.75,22.93,22.55,22.79,44243779.0,1006812981.0,22741859230.0,0.0019454776565337134
2022-01-06,22.66,22.78,21.96,22.01,62904384.0,1401497026.0,22741859230.0,0.002766017648944879
2022-01-07,22.16,22.38,21.89,22.16,35547313.0,787488346.0,22741859230.0,0.0015630785786022122
2022-01-10,22.12,22.49,22.12,22.4,32650652.0,729809861.0,22741859230.0,0.00143570724230536
2022-01-11,22.45,22.99,22.38,22.5,45618790.0,1036164684.0,22741859230.0,0.0020059393358578975
2022-01-12,22.47,22.62,22.02,22.27,35022982.0,778462495.0,22741859230.0,0.001540022811934361
2022-01-13,22.3,22.5,22.1,22.36,34248577.0,765999881.0,22741859230.0,0.00150597084669405
2022-01-14,22.42,22.66,22.03,22.45,40524229.0,908136975.0,22741859230.0,0.001781922427280806
2022-01-17,22.45,22.94,22.44,22.62,42897062.0,976518429.0,22741859230.0,0.0018862601147144643
2022-01-18,22.66,22.98,22.51,22.86,36599162.0,835034315.0,22741859230.0,0.0016093302499964512
2022-01-19,22.84,23.04,22.75,22.95,34865674.0,798901464.0,22741859230.0,0.0015331056993795314
2022-01-20,22.97,23.52,22.87,23.08,59563610.0,1380512579.0,22741859230.0,0.0026191178741193887
2022-01-21,23.07,23.23,22.81,22.98,35471714.0,815250634.0,22741859230.0,0.0015597543561085528
2022-01-24,22.98,23.18,22.71,22.85,26991917.0,617396025.0,22741859230.0,0.0011868825994839297
2022-01-25,22.68,22.85,22.44,22.44,30261535.0,683725559.0,22741859230.0,0.0013306535184282732
2022-01-26,22.46,22.77,22.39,22.57,22026011.0,497368293.0,22741859230.0,0.0009685228800881993
2022-01-27,22.58,22.6,22.13,22.38,32410924.0,723901429.0,22741859230.0,0.0014251659757547447
2022-01-28,22.48,22.6,21.9,21.92,35244949.0,784593956.0,22741859230.0,0.0015497830957244914
2022-02-07,22.1,22.58,21.99,22.39,31043747.0,691945045.0,22741859230.0,0.0013650487713444527
2022-02-08,22.45,23.22,22.39,23.22,38321462.0,878778499.0,22741859230.0,0.001685062844353909
2022-02-09,23.25,23.44,22.96,23.33,38855076.0,903796253.0,22741859230.0,0.0017085268010429066
2022-02-10,23.45,23.79,23.19,23.78,34539084.0,812299579.0,22741859230.0,0.0015187449561923966
2022-02-11,23.77,23.94,23.62,23.74,28605749.0,679411807.0,22741859230.0,0.0012578456629554998
2022-02-14,23.74,23.74,23.17,23.39,31333357.0,732261975.0,22741859230.0,0.001377783438157356
2022-02-15,23.38,23.47,23.0,23.1,24917520.0,576783738.0,22741859230.0,0.001095667673781481
2022-02-16,23.16,23.39,23.07,23.09,22036550.0,511097851.0,22741859230.0,0.0009689862986633217
2022-02-17,23.09,23.41,23.04,23.24,31402561.0,730170474.0,22741859230.0,0.001380826461126591
2022-02-18,23.24,23.31,23.01,23.23,18501627.0,429026950.0,22741859230.0,0.0008135494469860018
2022-02-21,23.1,23.2,22.91,23.05,18515111.0,426069145.0,22741859230.0,0.0008141423624492288
2022-02-22,22.95,23.0,22.7,22.84,23565507.0,537423471.0,22741859230.0,0.0010362172574225365
2022-02-23,22.9,22.98,22.68,22.8,26258735.0,598602570.0,22741859230.0,0.0011546432828746342
2022-02-24,22.84,23.03,22.54,22.66,41480293.0,942142039.0,22741859230.0,0.0018239622618576906
2022-02-25,22.71,22.9,22.64,22.75,38662399.0,880033177.0,22741859230.0,0.00170005445064924
2022-02-28,22.81,23.22,22.71,23.18,39821079.0,915878501.0,22741859230.0,0.0017510036711277277
2022-03-01,23.2,23.38,23.06,23.27,27721136.0,644305701.0,22741859230.0,0.0012189476559344617
2022-03-02,23.27,23.66,23.18,23.57,33156974.0,779747186.0,22741859230.0,0.0014579711212116232
2022-03-03,23.7,24.03,23.61,23.95,38573408.0,919428956.0,22741859230.0,0.0016961413580959888
2022-03-04,23.9,24.05,23.5,23.95,40590487.0,966816624.0,22741859230.0,0.0017848359093901576
2022-03-07,23.87,24.15,23.73,23.82,56662099.0,1354854727.0,22741859230.0,0.0024915332746961163
2022-03-08,23.81,23.86,23.07,23.2,68797615.0,1615154150.0,22741859230.0,0.003025153497971063
2022-03-09,23.25,23.56,22.41,22.98,72997469.0,1683503109.0,22741859230.0,0.0032098285483934904
2022-03-10,23.25,23.3,22.68,22.71,46414984.0,1060693713.0,22741859230.0,0.0020409494021830688
2022-03-11,22.6,22.66,22.1,22.6,44014302.0,984247229.0,22741859230.0,0.0019353871446859713
2022-03-14,22.42,22.9,22.33,22.5,45009506.0,1019666287.0,22741859230.0,0.001979148034678957
2022-03-15,22.39,22.4,21.03,21.15,76119235.0,1642719192.0,22741859230.0,0.003347098151921856
2022-03-16,21.4,22.54,21.09,22.38,75780925.0,1649350669.0,22741859230.0,0.003332222059489021
2022-03-17,22.6,22.63,21.83,21.9,61437709.0,1354231090.0,22741859230.0,0.00270152534050313
2022-03-18,21.88,22.19,21.72,21.78,99662949.0,2183347956.0,22741859230.0,0.004382357132372418
2022-03-21,22.0,22.0,21.49,21.65,41267879.0,893225104.0,22741859230.0,0.0018146220404689402
2022-03-22,21.7,22.15,21.63,22.04,31552597.0,690836882.0,22741859230.0,0.001387423810907126
2022-03-23,22.1,22.23,21.8,21.89,32225242.0,708039609.0,22741859230.0,0.0014170012079526885
2022-03-24,21.71,21.87,21.55,21.57,34064522.0,738660798.0,22741859230.0,0.0014978776209758466
2022-03-25,21.52,21.7,21.29,21.31,25319503.0,543075814.0,22741859230.0,0.0011133435812758744
2022-03-28,21.2,21.85,20.91,21.75,45018266.0,964906592.0,22741859230.0,0.001979533227459873
2022-03-29,21.68,21.92,21.61,21.81,29555632.0,644342586.0,22741859230.0,0.0012996137079685898
2022-03-30,21.88,22.0,21.66,21.9,40088137.0,874407533.0,22741859230.0,0.001762746686388666
2022-03-31,21.9,22.13,21.73,22.0,29652360.0,650706635.0,22741859230.0,0.0013038670101732047
2022-04-01,21.94,22.29,21.82,22.22,29641444.0,654261215.0,22741859230.0,0.001303387014237534
2022-04-06,22.02,22.47,22.02,22.36,36117220.0,805189562.0,22741859230.0,0.0015881384030535133
2022-04-07,22.39,22.75,22.26,22.67,36059049.0,814140019.0,22741859230.0,0.0015855805207180503
2022-04-08,22.7,23.24,22.64,23.2,41276598.0,949759893.0,22741859230.0,0.0018150054304069316
2022-04-11,23.28,23.33,22.79,22.94,45370869.0,1042026844.0,22741859230.0,0.001995037808524857
2022-04-12,23.17,23.3,22.79,23.04,41289587.0,951523128.0,22741859230.0,0.0018155765798397302
2022-04-13,22.96,23.27,22.9,23.09,28301179.0,655504956.0,22741859230.0,0.0012444531783340918
2022-04-14,23.09,23.5,23.03,23.24,26045020.0,607067326.0,22741859230.0,0.0011452458542018686
2022-04-15,23.23,23.56,23.2,23.4,21012568.0,491931413.0,22741859230.0,0.0009239599888245372
2022-04-18,23.23,23.41,22.85,22.95,25614560.0,590552826.0,22741859230.0,0.0011263177623670481
2022-04-19,23.03,23.47,23.01,23.19,44550874.0,1034299868.0,22741859230.0,0.001958981169896196
2022-04-20,23.28,23.52,23.04,23.35,41543383.0,969137984.0,22741859230.0,0.0018267364413723003
2022-04-21,23.26,23.67,23.22,23.54,57129450.0,1343779499.0,22741859230.0,0.002512083529416869
2022-04-22,23.41,23.69,23.03,23.69,95057064.0,2230523338.0,22741859230.0,0.004179828176695649
2022-04-25,23.49,23.73,22.91,22.92,77673245.0,1817450076.0,22741859230.0,0.0034154307356514227
2022-04-26,22.92,23.39,22.86,23.19,43810129.0,1014242481.0,22741859230.0,0.0019264092947250207
2022-04-27,23.28,23.34,22.67,22.88,61346691.0,1407071104.0,22741859230.0,0.002697523117154569
2022-04-28,22.68,23.06,22.46,23.01,49160008.0,1119211054.0,22741859230.0,0.0021616529898817777
2022-04-29,22.99,23.09,22.55,22.72,59442955.0,1351410874.0,22741859230.0,0.0026138124591671744
2022-05-05,22.85,23.23,22.72,23.08,45670665.0,1049526251.0,22741859230.0,0.002008220371875022
2022-05-06,22.98,23.25,22.6,22.72,34163073.0,779396294.0,22741859230.0,0.0015022110837329284
2022-05-09,22.73,22.77,22.27,22.34,28366766.0,637206321.0,22741859230.0,0.0012473371553799737
2022-05-10,22.34,22.85,22.11,22.84,46298689.0,1046185504.0,22741859230.0,0.002035835704185739
2022-05-11,22.75,22.9,22.47,22.55,55381648.0,1250596624.0,22741859230.0,0.002435229566760448
2022-05-12,22.59,22.78,22.11,22.31,40474973.0,906321893.0,22741859230.0,0.0017797565533519486
2022-05-13,22.4,23.23,22.28,23.23,56449983.0,1294700561.0,22741859230.0,0.0024822061568974016
2022-05-16,23.26,23.3,22.93,22.99,33705730.0,776115124.0,22741859230.0,0.0014821008985728384
2022-05-17,23.15,23.27,22.9,23.0,34034819.0,784681017.0,22741859230.0,0.001496571527234803
2022-05-18,23.08,23.08,22.61,22.78,38373622.0,874167816.0,22741859230.0,0.0016873564123279466
2022-05-19,22.72,23.3,22.69,23.28,48520217.0,1118633565.0,22741859230.0,0.002133520241651764
2022-05-20,23.4,23.79,23.2,23.3,56244260.0,1319819787.0,22741859230.0,0.0024731601506795538
2022-05-23,23.5,23.5,22.72,22.9,52352823.0,1202355717.0,22741859230.0,0.002302046744310975
2022-05-24,22.81,23.13,22.75,22.89,37889562.0,870083402.0,22741859230.0,0.0016660714331578421
2022-05-25,23.04,23.29,22.94,23.21,40391345.0,936020565.0,22741859230.0,0.0017760792814475617
2022-05-26,23.35,23.84,23.21,23.8,58599755.0,1385233168.0,22741859230.0,0.002576735455415094
2022-05-27,23.99,24.02,23.68,23.72,45612956.0,1086339538.0,22741859230.0,0.0020056828045012924
2022-05-30,23.88,24.03,23.56,23.74,40461216.0,963872347.0,22741859230.0,0.001779151633593152
2022-05-31,23.7,24.04,23.61,24.02,44294751.0,1060754785.0,22741859230.0,0.0019477189860347228
2022-06-01,24.02,24.33,23.85,24.23,47790683.0,1150865753.0,22741859230.0,0.0021014413340909597
2022-06-02,24.05,24.2,23.84,23.92,39928315.0,956304255.0,22741859230.0,0.001755719028782327
2022-06-06,24.01,24.25,23.55,24.13,54285780.0,1298820992.0,22741859230.0,0.0023870423016421074
2022-06-07,24.02,24.04,23.61,23.67,51553384.0,1222791129.0,22741859230.0,0.0022668939895641067
2022-06-08,23.8,23.84,23.57,23.77,38133672.0,904531662.0,22741859230.0,0.0016768053840424727
2022-06-09,23.69,24.04,23.63,23.71,49443257.0,1178575794.0,22741859230.0,0.0021741079522107306
2022-06-10,23.68,24.06,23.66,24.02,85995632.0,2049245232.0,22741859230.0,0.003781380894599795
2022-06-13,23.74,23.91,23.19,23.28,91321874.0,2135334164.0,22741859230.0,0.004015585228824759
2022-06-14,23.17,24.02,23.17,24.0,76571228.0,1818362041.0,22741859230.0,0.0033669730880662037
2022-06-15,23.98,24.08,23.64,23.67,52500243.0,1250077871.0,22741859230.0,0.0023085290639185793
2022-06-16,23.74,23.77,23.23,23.23,60401944.0,1415526531.0,22741859230.0,0.002655980911196591
2022-06-17,23.34,23.66,23.29,23.6,51834727.0,1220639213.0,22741859230.0,0.002279265141682965
2022-06-20,23.5,23.52,23.08,23.13,63154059.0,1465669026.0,22741859230.0,0.00277699630277766
2022-06-21,23.13,23.25,23.0,23.15,42543068.0,984851871.0,22741859230.0,0.001870694368905387
2022-06-22,23.19,23.29,23.07,23.2,48432642.0,1122313502.0,22741859230.0,0.0021296694131370717
2022-06-23,23.2,23.23,23.03,23.1,49104658.0,1134360492.0,22741859230.0,0.002159219151933868
2022-06-24,23.11,23.39,23.03,23.37,57315889.0,1328146879.0,22741859230.0,0.0025202815838553582
2022-06-27,23.35,23.49,23.21,23.31,49160797.0,1148943188.0,22741859230.0,0.002161687683615127
2022-06-28,23.3,23.3,23.07,23.11,57584123.0,1331818855.0,22741859230.0,0.002532076309927981
2022-06-29,23.1,23.19,22.93,23.15,59053459.0,1361406898.0,22741859230.0,0.0025966856272727004
2022-06-30,23.12,23.19,22.95,23.12,39114256.0,902706790.0,22741859230.0,0.0017199234066316924
2022-07-01,24.0,24.52,23.87,24.32,129709278.0,3147234417.0,22741859230.0,0.005703547660205968
2022-07-04,24.35,24.57,24.05,24.35,66012991.0,1609051870.0,22741859230.0,0.0029027086278380766
2022-07-05,24.33,24.51,24.05,24.24,53458761.0,1294855469.0,22741859230.0,0.0023506768052402546
2022-07-06,24.28,24.3,23.98,24.06,38844812.0,934573743.0,22741859230.0,0.0017080754747069112
2022-07-07,24.16,24.45,24.1,24.1,39257808.0,952172862.0,22741859230.0,0.001726235643399504
2022-07-08,24.1,24.3,23.89,24.2,41570046.0,1000142146.0,22741859230.0,0.0018279088609062682
2022-07-11,24.48,24.99,24.48,24.69,67338550.0,1669501393.0,22741859230.0,0.0029609958147647896
2022-07-12,24.69,25.08,24.67,24.9,52240262.0,1303281650.0,22741859230.0,0.0022970972369351
2022-07-13,25.0,25.18,24.8,24.97,46203331.0,1154859591.0,22741859230.0,0.0020316426433178657
2022-07-14,25.0,25.02,24.66,24.86,58877214.0,1462094435.0,22741859230.0,0.0025889358211457015
2022-07-15,24.71,24.83,24.3,24.3,62175737.0,1527141902.0,22741859230.0,0.002733977744351731
2022-07-18,24.37,25.13,24.37,24.95,60676110.0,1510508795.0,22741859230.0,0.002668036477860126
2022-07-19,25.13,25.15,24.78,25.05,45416380.0,1134520519.0,22741859230.0,0.0019970390081426952
2022-07-20,25.2,25.27,24.86,24.94,37060174.0,926024154.0,22741859230.0,0.0016296017676123836
2022-07-21,24.47,24.47,23.95,24.01,34386825.0,829377173.0,22741859230.0,0.0015120498571479374
2022-07-22,24.02,24.3,23.87,24.13,32832204.0,792861776.0,22741859230.0,0.0014436904066616194
2022-07-25,24.17,24.24,23.96,24.1,24171943.0,582926532.0,22741859230.0,0.001062883326975901
2022-07-26,24.08,24.25,24.01,24.1,26651307.0,643709843.0,22741859230.0,0.001171905371960215
2022-07-27,24.1,24.16,23.9,23.92,25884416.0,620286866.0,22741859230.0,0.0011381838106646306
2022-07-28,23.95,24.2,23.8,23.9,29332577.0,703987732.0,22741859230.0,0.0012898055828832954
2022-07-29,23.99,24.23,23.83,23.88,35680122.0,856238729.0,22741859230.0,0.001568918426552058
2022-08-01,23.88,24.0,23.62,23.78,36812879.0,876446084.0,22741859230.0,0.001618727766612774
2022-08-02,23.65,23.82,23.5,23.62,39520497.0,933631964.0,22741859230.0,0.0017377865459595495
2022-08-03,23.67,23.82,23.41,23.44,32041251.0,754669431.0,22741859230.0,0.0014089107964283182
2022-08-04,23.55,23.9,23.41,23.85,31461870.0,746067094.0,22741859230.0,0.00138343438334615
2022-08-05,23.92,24.1,23.8,24.08,24037130.0,575872426.0,22741859230.0,0.0010569553595816538
2022-08-08,24.07,24.3,24.01,24.14,18678932.0,451867468.0,22741859230.0,0.0008213458631983626
2022-08-09,24.14,24.28,24.0,24.03,21361122.0,515212128.0,22741859230.0,0.0009392865281577947
2022-08-10,24.1,24.13,23.8,23.89,17513592.0,418198565.0,22741859230.0,0.0007701037906741101
2022-08-11,23.91,24.1,23.77,24.0,25841078.0,619819484.0,22741859230.0,0.0011362781617217845
2022-08-12,24.0,24.24,23.94,24.23,21329101.0,515031097.0,22741859230.0,0.0009378785078338558
2022-08-15,24.12,24.3,23.95,24.01,28233868.0,679612778.0,22741859230.0,0.0012414933939418286
2022-08-16,24.03,24.25,23.84,23.9,33441208.0,803935985.0,22741859230.0,0.0014704693957425397
2022-08-17,23.87,23.87,23.38,23.56,56331823.0,1326891731.0,22741859230.0,0.002477010451532902
2022-08-18,23.48,23.64,23.38,23.4,28085193.0,659127491.0,22741859230.0,0.001234955889752027
2022-08-19,23.24,23.62,23.13,23.59,38374597.0,898727158.0,22741859230.0,0.001687399284812124
2022-08-22,23.46,23.79,23.43,23.48,30810909.0,725668332.0,22741859230.0,0.00135481047034869
2022-08-23,23.45,23.48,23.21,23.23,37674728.0,877908158.0,22741859230.0,0.0016566248000647746
2022-08-24,23.23,23.42,23.15,23.16,27668510.0,644171870.0,22741859230.0,0.0012166335971115763
2022-08-25,23.21,23.65,23.21,23.59,28182405.0,660126996.0,22741859230.0,0.0012392304742975054
2022-08-26,23.58,23.58,23.27,23.39,27953268.0,652863134.0,22741859230.0,0.001229154912854502
2022-08-29,23.25,23.45,23.15,23.3,26674263.0,620661332.0,22741859230.0,0.001172914788110752
2022-08-30,23.3,23.37,23.12,23.28,23044041.0,534621259.0,22741859230.0,0.0010132874699004986
2022-08-31,23.33,23.98,23.28,23.98,81005310.0,1924117532.0,22741859230.0,0.003561947560256708
2022-09-01,23.73,24.08,23.62,23.91,37780591.0,901719922.0,22741859230.0,0.0016612797844672966
2022-09-02,23.9,24.17,23.73,23.82,29159665.0,697272184.0,22741859230.0,0.0012822023346945148
2022-09-05,23.71,23.9,23.51,23.82,31153878.0,738489720.0,22741859230.0,0.0013698914272982244
2022-09-06,23.85,23.98,23.73,23.75,34337064.0,818020674.0,22741859230.0,0.0015098617774708652
2022-09-07,23.6,23.64,23.42,23.57,42395172.0,996783593.0,22741859230.0,0.0018641911187311487
2022-09-08,23.62,23.85,23.53,23.65,25944649.0,614593750.0,22741859230.0,0.001140832362807656
2022-09-09,23.75,24.06,23.66,23.91,35435266.0,847909591.0,22741859230.0,0.0015581516727205596
2022-09-13,23.85,23.91,23.66,23.79,27334621.0,650135092.0,22741859230.0,0.0012019519039121235
2022-09-14,23.7,23.93,23.64,23.7,21875898.0,519309099.0,22741859230.0,0.0009619221444807088
2022-09-15,23.72,23.98,23.61,23.72,40583136.0,966015202.0,22741859230.0,0.0017845126728453502
2022-09-16,23.73,23.84,23.46,23.46,39881492.0,942339845.0,22741859230.0,0.001753660138190909
2022-09-19,23.53,23.63,23.41,23.48,28128675.0,660326163.0,22741859230.0,0.0012368678706309976
2022-09-20,23.48,23.54,23.4,23.42,23548580.0,552233619.0,22741859230.0,0.0010354729471254405
2022-09-21,23.42,23.58,23.32,23.43,24972842.0,585925065.0,22741859230.0,0.0010981002805195888
2022-09-22,23.37,23.5,23.26,23.42,23391977.0,546354236.0,22741859230.0,0.0010285868346745545
2022-09-23,23.29,23.51,23.29,23.33,27506334.0,644002163.0,22741859230.0,0.0012095024299383108
2022-09-26,23.28,23.42,23.05,23.05,40268596.0,933964148.0,22741859230.0,0.001770681789590868
2022-09-27,23.02,23.06,22.53,22.7,60400730.0,1373464918.0,22741859230.0,0.0026559275294573176
2022-09-28,22.68,22.69,22.38,22.46,62473767.0,1403694512.0,22741859230.0,0.002747082653540812
2022-09-29,22.43,22.68,22.19,22.4,55438353.0,1246883273.0,22741859230.0,0.0024377229864684198
2022-09-30,22.4,22.85,22.28,22.74,42332479.0,957926715.0,22741859230.0,0.0018614343960126605
2022-10-10,22.99,23.44,22.9,23.36,64409084.0,1499883163.0,22741859230.0,0.002832181984269542
2022-10-11,23.32,23.47,23.22,23.42,37252236.0,871477554.0,22741859230.0,0.0016380470753621845
2022-10-12,23.4,23.49,23.0,23.21,44907495.0,1040346259.0,22741859230.0,0.0019746624295677692
2022-10-13,22.92,23.24,22.56,23.04,56502513.0,1291255561.0,22741859230.0,0.002484515994429537
2022-10-14,23.03,23.2,22.85,22.96,36385221.0,838991892.0,22741859230.0,0.0015999228837017122
2022-10-17,23.04,23.04,22.76,22.76,29153462.0,665764534.0,22741859230.0,0.00128192957775159
2022-10-18,22.76,22.91,22.51,22.55,41531945.0,939448014.0,22741859230.0,0.0018262334921681775
2022-10-19,22.52,22.65,22.34,22.37,33876956.0,760855853.0,22741859230.0,0.0014896300103428262
2022-10-20,22.33,22.49,22.24,22.34,36815463.0,822733367.0,22741859230.0,0.0016188413896887884
2022-10-21,22.29,22.6,22.21,22.41,61041603.0,1368536927.0,22741859230.0,0.0026841078551518233
2022-10-24,22.39,22.59,21.71,21.83,71872808.0,1586119858.0,22741859230.0,0.0031603752038526713
2022-10-25,22.0,22.3,21.91,22.01,51341475.0,1134410507.0,22741859230.0,0.002257575973923571
2022-10-27,22.02,22.19,20.88,20.99,107502338.0,2284666748.0,22741859230.0,0.004727069010179604
2022-10-28,20.99,21.25,20.59,20.68,99698686.0,2083046934.0,22741859230.0,0.004383928551825796
2022-10-31,20.29,20.7,20.01,20.26,98338956.0,2000824789.0,22741859230.0,0.00432413880525106
2022-11-01,20.25,20.41,19.96,20.32,96142880.0,1943323944.0,22741859230.0,0.004227573437495066
2022-11-02,20.3,20.52,20.05,20.46,76192004.0,1545827645.0,22741859230.0,0.0033502979342819547
2022-11-03,20.35,20.37,19.89,19.98,74645183.0,1497487444.0,22741859230.0,0.0032822814636690547
2022-11-04,19.86,20.27,19.75,20.14,84883320.0,1706198646.0,22741859230.0,0.0037324705575534425
2022-11-07,20.05,20.23,19.97,20.14,69465783.0,1396309691.0,22741859230.0,0.003054534033363639
2022-11-08,20.17,20.34,19.95,20.05,78815126.0,1586942815.0,22741859230.0,0.0034656412742204807
2022-11-09,20.07,20.2,20.05,20.12,48328720.0,972886761.0,22741859230.0,0.0021250997779568965
2022-11-10,20.13,20.15,19.89,20.0,42333812.0,846173866.0,22741859230.0,0.0018614930103935921
2022-11-11,20.25,20.55,20.03,20.45,97716231.0,1982385192.0,22741859230.0,0.004296756479395375
2022-11-14,20.54,20.6,20.1,20.17,73575498.0,1494753285.0,22741859230.0,0.003235245511630933
2022-11-15,20.17,21.21,20.06,21.01,101353082.0,2098340196.0,22741859230.0,0.004456675286526254
2022-11-16,20.9,21.17,20.81,21.05,55194522.0,1157747680.0,22741859230.0,0.002427001303710031
2022-11-17,20.98,21.28,20.9,21.26,50039275.0,1055850060.0,22741859230.0,0.0022003159237741882
2022-11-18,21.28,21.38,20.96,21.05,31691846.0,669815145.0,22741859230.0,0.0013935468371114351
2022-11-21,20.98,21.15,20.71,21.09,24479450.0,513349951.0,22741859230.0,0.0010764049567111844
2022-11-22,21.09,21.4,20.93,21.35,39772057.0,842836851.0,22741859230.0,0.001748848086595073
2022-11-23,21.3,21.69,21.28,21.36,42562401.0,914509165.0,22741859230.0,0.0018715444753018991
2022-11-24,21.5,21.68,21.36,21.38,24066726.0,517180773.0,22741859230.0,0.0010582567483423825
2022-11-25,21.34,21.84,21.31,21.81,32868081.0,713311958.0,22741859230.0,0.001445267982164007
2022-11-28,21.55,21.7,21.22,21.5,42766501.0,914572296.0,22741859230.0,0.0018805191153230087
2022-11-29,21.6,21.6,21.25,21.37,63394494.0,1355177080.0,22741859230.0,0.002787568657375776
2022-11-30,21.3,21.45,21.22,21.22,54158729.0,1153443630.0,22741859230.0,0.00238145564319369
2022-12-01,21.32,21.43,21.19,21.21,49977367.0,1063404625.0,22741859230.0,0.0021975937189019352
2022-12-02,21.16,21.42,21.16,21.37,36981589.0,787190585.0,22741859230.0,0.0016261462453876952
2022-12-05,21.42,21.65,21.32,21.55,49875326.0,1072855802.0,22741859230.0,0.0021931067946373882
2022-12-06,21.45,21.5,21.25,21.27,36275370.0,773743881.0,22741859230.0,0.0015950925398459605
2022-12-07,21.32,21.35,20.82,20.92,62281175.0,1311436759.0,22741859230.0,0.00273861404074833
2022-12-08,20.87,21.05,20.7,20.9,43771186.0,913144256.0,22741859230.0,0.0019246969017493122
2022-12-09,20.89,21.0,20.81,20.92,44792004.0,937350501.0,22741859230.0,0.0019695840848804693
2022-12-12,20.86,21.0,20.59,20.68,34592179.0,716020108.0,22741859230.0,0.0015210796377794658
2022-12-13,20.68,20.75,20.44,20.64,33409532.0,687959142.0,22741859230.0,0.0014690765456822326
2022-12-14,20.63,20.73,20.46,20.65,34451088.0,710646709.0,22741859230.0,0.0015148756155588955
2022-12-15,20.56,20.71,20.45,20.52,38225567.0,783882557.0,22741859230.0,0.0016808461706409041
2022-12-16,20.51,20.86,20.47,20.86,39903558.0,826979528.0,22741859230.0,0.0017546304194584533
2022-12-19,20.76,20.9,20.35,20.45,46247419.0,950569221.0,22741859230.0,0.002033581271094694
2022-12-20,20.45,20.6,20.31,20.38,31332782.0,640851445.0,22741859230.0,0.0013777581543846361
2022-12-21,20.42,20.54,20.3,20.46,27517508.0,562397207.0,22741859230.0,0.0012099937705928716
2022-12-22,20.57,20.68,20.26,20.36,36090866.0,738528913.0,22741859230.0,0.001586979570799146
2022-12-23,20.31,20.46,20.23,20.41,35590613.0,724538450.0,22741859230.0,0.0015649825566174697
2022-12-26,20.42,20.5,20.33,20.37,29202135.0,595661411.0,22741859230.0,0.0012840698161334983
2022-12-27,20.47,20.6,20.4,20.54,38336910.0,786570161.0,22741859230.0,0.0016857421203903917
2022-12-28,20.48,20.72,20.46,20.67,50317228.0,1038576445.0,22741859230.0,0.002212538011563446
2022-12-29,20.9,21.07,20.53,20.8,53996393.0,1120294873.0,22741859230.0,0.0023743174405358412
2022-12-30,20.78,21.05,20.71,21.0,45920545.0,961405512.0,22741859230.0,0.0020192080399224245
2023-01-03,20.95,21.07,20.8,20.91,36799242.0,770293237.0,22741859230.0,0.0016181281234674146
2023-01-04,20.98,20.98,20.76,20.83,27346567.0,570385801.0,22741859230.0,0.001202477190779797
2023-01-05,20.9,20.97,20.71,20.77,43991625.0,915497782.0,22741859230.0,0.0019343899966616758
2023-01-06,20.76,20.91,20.57,20.89,48849112.0,1015151029.0,22741859230.0,0.0021479823397886717
2023-01-09,20.94,20.95,20.7,20.78,35134351.0,730318635.0,22741859230.0,0.0015449199049500932
2023-01-10,20.72,20.85,20.6,20.63,40813046.0,844469850.0,22741859230.0,0.001794622224473245
2023-01-11,20.78,21.12,20.77,20.82,64529304.0,1351084314.0,22741859230.0,0.002837468271498047
2023-01-12,20.85,20.9,20.66,20.68,47777789.0,990527687.0,22741859230.0,0.002100874361977132
2023-01-13,20.7,20.99,20.65,20.93,51529502.0,1071596096.0,22741859230.0,0.002265843855546546
2023-01-16,20.92,21.1,20.85,20.97,60545144.0,1269330968.0,22741859230.0,0.0026622776698983198
2023-01-17,20.92,21.05,20.67,20.68,67700842.0,1404220055.0,22741859230.0,0.0029769264383930497
2023-01-18,20.73,20.82,20.66,20.7,42253375.0,874530802.0,22741859230.0,0.0018579560524348562
2023-01-19,20.7,20.7,20.39,20.42,80667736.0,1653783585.0,22741859230.0,0.0035471038310529546
2023-01-20,20.53,21.03,20.45,21.03,123271384.0,2566913737.0,22741859230.0,0.005420462010308556
2023-01-30,21.12,21.16,20.9,20.91,65850507.0,1381522394.0,22741859230.0,0.0028955639173569893
2023-01-31,20.56,20.9,20.56,20.79,67178890.0,1396078214.0,22741859230.0,0.0029539752805865906
2023-02-01,20.85,20.88,20.61,20.79,51426955.0,1064625778.0,22741859230.0,0.0022613346815620054
2023-02-02,20.8,21.02,20.65,20.95,58870814.0,1228163501.0,22741859230.0,0.002588654401762384
2023-02-03,20.86,20.97,20.78,20.92,45238723.0,943903106.0,22741859230.0,0.001989227113864252
2023-02-06,20.82,21.01,20.74,20.98,38557113.0,806174839.0,22741859230.0,0.0016954248379629953
2023-02-07,21.01,21.38,20.99,21.3,62851237.0,1335553560.0,22741859230.0,0.0027636806808253207
2023-02-08,21.3,21.47,21.27,21.37,38867157.0,830831104.0,22741859230.0,0.001709058024100697
2023-02-09,21.37,21.49,21.26,21.29,36975075.0,790488195.0,22741859230.0,0.0016258598132216123
2023-02-10,21.3,21.33,21.09,21.21,28584682.0,605544999.0,22741859230.0,0.00125691930949482
2023-02-13,21.14,21.22,21.04,21.11,33515674.0,707471938.0,22741859230.0,0.0014737437982109962
2023-02-14,21.12,21.2,21.05,21.16,25568128.0,540340174.0,22741859230.0,0.0011242760647410797
2023-02-15,21.15,21.21,20.96,21.05,34634852.0,729291388.0,22741859230.0,0.0015229560454895139
2023-02-16,21.02,21.15,20.82,20.95,49790837.0,1047936871.0,22741859230.0,0.0021893916630315894
2023-02-17,20.94,21.06,20.73,20.76,44943465.0,938642116.0,22741859230.0,0.001976244094445571
2023-02-20,20.73,21.24,20.73,21.18,51260603.0,1076507180.0,22741859230.0,0.002254019888241125
2023-02-21,21.18,21.32,21.12,21.27,36978759.0,785891395.0,22741859230.0,0.0016260218052541345
2023-02-22,21.27,21.33,21.14,21.14,24314623.0,515667750.0,22741859230.0,0.0010691572203527355
2023-02-23,21.16,21.22,21.05,21.09,35605674.0,751510664.0,22741859230.0,0.0015656448155756174
2023-02-24,21.04,21.13,21.0,21.02,41600147.0,875457032.0,22741859230.0,0.001829232455415212
2023-02-27,20.97,21.13,20.9,20.95,30654965.0,643213642.0,22741859230.0,0.00134795333529993
2023-02-28,21.0,21.2,20.94,21.16,37009183.0,779944089.0,22741859230.0,0.00162735960264758
2023-03-01,21.15,21.45,21.12,21.25,70093378.0,1492960545.0,22741859230.0,0.003082130501781318
2023-03-02,21.16,21.27,21.05,21.24,56860764.0,1203374711.0,22741859230.0,0.0025002689281002992
2023-03-03,21.25,21.41,21.2,21.33,62429629.0,1330143931.0,22741859230.0,0.002745141827175051
2023-03-06,21.38,21.47,21.2,21.26,62327407.0,1326448400.0,22741859230.0,0.0027406469440185697
2023-03-07,21.27,21.38,21.1,21.13,64587484.0,1373064412.0,22741859230.0,0.0028400265495795176
2023-03-08,21.06,21.12,20.85,20.96,68185012.0,1429048558.0,22741859230.0,0.002998216254458805
2023-03-09,20.98,20.98,20.79,20.8,53323480.0,1111298762.0,22741859230.0,0.0023447282590536023
2023-03-10,20.71,20.85,20.71,20.75,48071143.0,998811119.0,22741859230.0,0.002113773659129276
2023-03-13,20.75,20.99,20.71,20.94,57281864.0,1194351401.0,22741859230.0,0.002518785444087018
2023-03-14,20.92,21.15,20.88,21.07,72088673.0,1519584363.0,22741859230.0,0.0031698671718495197
2023-03-15,21.1,21.16,20.89,21.01,54304126.0,1140999144.0,22741859230.0,0.002387849007893098
2023-03-16,20.96,21.3,20.91,21.21,81140240.0,1721364627.0,22741859230.0,0.0035678806723490565
2023-03-17,21.3,21.5,21.2,21.2,63824085.0,1363129579.0,22741859230.0,0.0028064585377349555
2023-03-20,21.18,21.36,20.92,20.95,49795580.0,1050676177.0,22741859230.0,0.002189600221177695
2023-03-21,20.97,21.1,20.92,20.94,38445197.0,806307995.0,22741859230.0,0.001690503692384345
2023-03-22,21.15,21.22,20.92,20.97,49053426.0,1031522057.0,22741859230.0,0.002156966389770411
2023-03-23,20.95,20.98,20.81,20.92,53213263.0,1111345958.0,22741859230.0,0.002339881821526867
2023-03-24,20.92,20.99,20.73,20.78,62181759.0,1294541244.0,22741859230.0,0.0027342425424027217
2023-03-27,20.79,20.82,20.28,20.32,123232225.0,2518121683.0,22741859230.0,0.005418740119428661
2023-03-28,20.38,20.38,20.02,20.18,129854130.0,2614061928.0,22741859230.0,0.005709917060286016
2023-03-29,20.28,20.79,20.22,20.72,176296890.0,3615626888.0,22741859230.0,0.007752087822592683
2023-03-30,20.65,21.26,20.65,21.22,159621891.0,3368059526.0,22741859230.0,0.007018858457686443
2023-03-31,21.22,21.34,21.14,21.25,72290018.0,1535877530.0,22741859230.0,0.003178720669620467
2023-04-03,21.2,21.25,21.08,21.1,41684038.0,880780419.0,22741859230.0,0.0018329212918973819
2023-04-04,21.09,21.3,21.06,21.27,52356977.0,1110287682.0,22741859230.0,0.00230222940307946
2023-04-06,21.24,21.28,21.11,21.2,24502746.0,519189824.0,22741859230.0,0.0010774293232664602
2023-04-07,21.21,21.26,21.01,21.08,29018013.0,612089299.0,22741859230.0,0.0012759736443061257
2023-04-10,21.18,21.29,21.09,21.24,32278514.0,684943516.0,22741859230.0,0.0014193436725445775
2023-04-11,21.29,21.32,21.1,21.28,40730152.0,864131766.0,22741859230.0,0.0017909772278543825
2023-04-12,21.3,21.49,21.22,21.4,41829940.0,895041803.0,22741859230.0,0.0018393368623450053
2023-04-13,21.37,21.45,21.1,21.15,46973874.0,996035683.0,22741859230.0,0.002065524789549056
2023-04-14,21.21,21.37,21.18,21.21,38191401.0,812423384.0,22741859230.0,0.001679343830851775
2023-04-17,21.2,21.3,21.13,21.3,42052138.0,892428995.0,22741859230.0,0.0018491073036160026
2023-04-18,21.3,21.36,21.17,21.26,41355933.0,877948030.0,22741859230.0,0.0018184939314656026
2023-04-19,21.28,21.34,21.05,21.08,72376937.0,1532220043.0,22741859230.0,0.0031825426526483694
2023-04-20,21.09,21.17,20.98,21.13,47577894.0,1002741154.0,22741859230.0,0.002092084623285218
2023-04-21,21.14,21.43,21.04,21.06,70033486.0,1488286839.0,22741859230.0,0.00307949694401481
2023-04-24,21.15,21.24,20.99,21.03,47108007.0,993415267.0,22741859230.0,0.0020714228561338256
2023-04-25,21.01,21.22,20.98,21.17,48418881.0,1023228678.0,22741859230.0,0.0021290643174911605
2023-04-26,21.18,21.38,21.14,21.18,45345100.0,963342480.0,22741859230.0,0.0019939046997609964
2023-04-27,21.29,21.92,21.22,21.89,94561177.0,2047798383.0,22741859230.0,0.004158023143299529
2023-04-28,21.82,21.96,21.62,21.88,66015641.0,1439296571.0,22741859230.0,0.0029028251530514816
2023-05-04,21.88,22.56,21.72,22.56,85629994.0,1906221121.0,22741859230.0,0.0037653031414001943
2023-05-05,22.42,22.42,22.06,22.1,61381674.0,1361763407.0,22741859230.0,0.0026990613818868494
2023-05-08,22.1,22.41,22.01,22.34,68970395.0,1532070560.0,22741859230.0,0.0030327509418850624
2023-05-09,22.27,23.09,22.22,22.75,97493818.0,2223384549.0,22741859230.0,0.004286976584191969
2023-05-10,22.75,23.21,22.39,22.39,68545226.0,1558869165.0,22741859230.0,0.0030140555047310437
2023-05-11,22.53,23.03,22.42,22.8,53842282.0,1227855358.0,22741859230.0,0.0023675409057573346
2023-05-12,22.84,23.15,22.7,22.91,68203507.0,1563876902.0,22741859230.0,0.0029990295125048136
2023-05-15,22.8,23.01,22.71,23.0,53032288.0,1214174617.0,22741859230.0,0.0023319240288868855
2023-05-16,23.0,23.13,22.71,22.96,56416956.0,1294922459.0,22741859230.0,0.0024807539009641475
2023-05-17,22.98,23.13,22.81,22.88,45011722.0,1032793262.0,22741859230.0,0.0019792454761404306
2023-05-18,22.92,23.27,22.91,23.08,46870802.0,1083068418.0,22741859230.0,0.0020609925303807274
2023-05-19,23.01,23.08,22.81,22.82,36188627.0,828257693.0,22741859230.0,0.0015912782958510997
2023-05-22,22.94,23.32,22.86,23.23,58294305.0,1351315372.0,22741859230.0,0.0025633042756284794
2023-05-23,23.24,23.33,23.04,23.04,33097802.0,766352239.0,22741859230.0,0.0014553692231257383
2023-05-24,23.04,23.08,22.63,22.63,47676819.0,1085587504.0,22741859230.0,0.002096434531487512
2023-05-25,22.62,22.8,22.52,22.7,36926960.0,836120624.0,22741859230.0,0.001623744111092187
2023-05-26,22.72,22.83,22.54,22.56,27560741.0,624126106.0,22741859230.0,0.00121189480249896
2023-05-29,22.62,22.93,22.61,22.89,40164380.0,916101394.0,22741859230.0,0.0017660992267077716
2023-05-30,22.88,22.94,22.48,22.75,45108675.0,1022565167.0,22741859230.0,0.0019835086719952404
2023-05-31,22.61,22.64,22.14,22.51,72571854.0,1621345193.0,22741859230.0,0.003191113499826197
2023-06-01,22.44,22.6,22.32,22.38,38815383.0,871584836.0,22741859230.0,0.0017067814292332157
2023-06-02,22.48,22.49,22.26,22.33,39196216.0,876639362.0,22741859230.0,0.0017235273336093022
2023-06-05,22.39,22.6,22.35,22.45,31618493.0,711047272.0,22741859230.0,0.0013903213752326088
2023-06-06,22.45,22.57,22.27,22.32,28642997.0,642179556.0,22741859230.0,0.0012594835237664075
2023-06-07,22.4,22.5,22.29,22.34,32193766.0,721404038.0,22741859230.0,0.0014156171522481103
2023-06-08,22.39,22.68,22.35,22.66,28975656.0,653582570.0,22741859230.0,0.0012741111316781288
2023-06-09,22.65,22.92,22.63,22.86,37542101.0,856273671.0,22741859230.0,0.0016507929549786418
2023-06-12,22.84,22.88,22.37,22.38,48973114.0,1103359535.0,22741859230.0,0.0021534349282840057
2023-06-13,22.39,22.48,22.21,22.3,41725257.0,931606454.0,22741859230.0,0.0018347337646412826
2023-06-14,22.38,22.52,22.25,22.25,36401569.0,815059930.0,22741859230.0,0.0016006417343389738
2023-06-15,22.32,22.38,22.04,22.28,44324254.0,984149827.0,22741859230.0,0.0019490162854200377
2023-06-16,22.3,22.49,22.07,22.2,58476997.0,1298503262.0,22741859230.0,0.002571337567812392
2023-06-19,22.12,22.21,21.89,22.18,47313924.0,1043945367.0,22741859230.0,0.00208047739287673
2023-06-20,22.12,22.27,22.08,22.09,31614674.0,700793490.0,22741859230.0,0.00139015344700997
2023-06-21,22.2,22.4,22.09,22.1,40552640.0,902651864.0,22741859230.0,0.0017831717094838424
2023-06-26,22.1,22.26,21.9,22.24,56234619.0,1244813411.0,22741859230.0,0.002472736218761653
2023-06-27,22.24,22.27,21.91,22.12,38132365.0,842098820.0,22741859230.0,0.0016767479129277858
2023-06-28,22.14,22.5,22.1,22.48,56781300.0,1269911538.0,22741859230.0,0.0024967747546821833
2023-06-29,22.48,22.49,22.09,22.13,49900268.0,1108293283.0,22741859230.0,0.0021942035387403106
2023-06-30,22.13,22.23,22.02,22.06,41402656.0,914645575.0,22741859230.0,0.0018205484248791561
2023-07-03,22.09,22.23,22.08,22.12,37126695.0,821483880.0,22741859230.0,0.0016325268142995185
2023-07-04,22.12,22.22,21.99,22.05,34503954.0,760654322.0,22741859230.0,0.0015172002276086555
2023-07-05,22.08,22.23,22.02,22.07,30686839.0,678071651.0,22741859230.0,0.0013493548917724086
2023-07-06,22.07,22.16,21.94,22.0,34855630.0,767718380.0,22741859230.0,0.0015326640468348374
2023-07-07,21.96,22.08,21.94,22.0,50686848.0,1115163637.0,22741859230.0,0.0022287908603856044
2023-07-10,22.05,22.12,21.95,22.0,33673155.0,740929327.0,22741859230.0,0.001480668517883531
2023-07-11,22.05,22.05,21.86,22.0,48549340.0,1066315664.0,22741859230.0,0.0021348008317611947
2023-07-12,21.95,22.18,21.89,22.14,50524580.0,1115293242.0,22741859230.0,0.0022216556478087037
2023-07-13,22.14,22.55,22.08,22.42,64738173.0,1449384126.0,22741859230.0,0.0028466526129315066
2023-07-14,22.38,22.55,22.31,22.47,38716992.0,869178833.0,22741859230.0,0.001702455001960717
2023-07-17,22.48,22.54,22.32,22.44,19692852.0,441213586.0,22741859230.0,0.0008659297290004376
2023-07-18,22.47,22.53,22.38,22.41,26852118.0,602593953.0,22741859230.0,0.0011807353888013668
2023-07-19,22.32,22.52,22.32,22.5,33067242.0,743226348.0,22741859230.0,0.0014540254455703973
2023-07-20,22.58,22.61,22.4,22.4,43441048.0,978367222.0,22741859230.0,0.0019101801466915509
2023-07-21,21.6,21.85,21.56,21.6,55037050.0,1192718568.0,22741859230.0,0.0024200769797835036
2023-07-24,21.5,21.68,21.47,21.56,27695910.0,596740190.0,22741859230.0,0.0012178384238464043
2023-07-25,21.64,21.64,21.25,21.33,76403811.0,1631583708.0,22741859230.0,0.0033596114648010685
2023-07-26,21.33,21.4,21.22,21.39,48259584.0,1028987379.0,22741859230.0,0.002122059745068609
2023-07-27,21.37,21.49,21.2,21.23,41365168.0,882205138.0,22741859230.0,0.0018189000108413738
2023-07-28,21.22,21.39,21.14,21.34,58936112.0,1253797045.0,22741859230.0,0.002591525670964238
2023-07-31,21.33,21.65,21.33,21.46,66832972.0,1436470249.0,22741859230.0,0.002938764650861837
2023-08-01,21.5,21.72,21.45,21.72,48913543.0,1055453761.0,22741859230.0,0.002150815485458442
2023-08-02,21.7,21.72,21.52,21.59,32253850.0,696646435.0,22741859230.0,0.0014182591525961179
2023-08-03,21.64,21.7,21.54,21.66,34163438.0,739362661.0,22741859230.0,0.0015022271334321333
2023-08-04,21.66,21.82,21.48,21.54,40381332.0,871899356.0,22741859230.0,0.0017756389920280057
2023-08-07,21.55,21.95,21.52,21.92,55382078.0,1208238982.0,22741859230.0,0.002435248474625265
2023-08-08,21.84,22.11,21.84,22.1,38844748.0,855559361.0,22741859230.0,0.001708072660513078
2023-08-09,22.09,22.16,21.81,22.11,41577714.0,915613751.0,22741859230.0,0.0018282460365049054
2023-08-10,22.11,22.16,21.97,22.09,23060030.0,509011350.0,22741859230.0,0.0010139905346692273
2023-08-11,22.08,22.11,21.75,21.75,32019540.0,700996136.0,22741859230.0,0.0014079561251421923
2023-08-14,21.7,21.95,21.55,21.81,55076635.0,1197466595.0,22741859230.0,0.0024218176026411012
2023-08-15,21.8,22.08,21.76,22.02,45695084.0,1005038904.0,22741859230.0,0.002009294118737714
2023-08-16,22.03,22.07,21.81,21.87,25178833.0,551426663.0,22741859230.0,0.001107158071174113
2023-08-17,21.82,22.14,21.77,22.12,37276997.0,819974852.0,22741859230.0,0.0016391358605731727
2023-08-18,22.06,22.27,22.05,22.06,28602655.0,633082568.0,22741859230.0,0.0012577096142723772
2023-08-21,22.06,22.15,21.85,21.85,31102219.0,684516265.0,22741859230.0,0.001367619889185287
2023-08-22,21.94,22.1,21.79,22.0,41603369.0,914974619.0,22741859230.0,0.0018293741324860008
2023-08-23,22.03,22.19,21.91,21.95,33748678.0,744363123.0,22741859230.0,0.0014839893985220134
2023-08-24,21.92,21.99,21.75,21.77,38803475.0,847106667.0,22741859230.0,0.0017062578132931306
2023-08-25,21.75,22.2,21.72,22.16,46090226.0,1016855128.0,22741859230.0,0.0020266692152944086
2023-08-28,22.5,22.55,21.99,22.12,74975981.0,1662876023.0,22741859230.0,0.0032968272401007206
2023-08-29,22.12,22.28,21.89,21.92,53386187.0,1179054889.0,22741859230.0,0.0023474855973769915
2023-08-30,22.0,22.14,21.91,21.97,33400727.0,734543740.0,22741859230.0,0.001468689374171278
2023-08-31,21.95,22.16,21.9,22.06,47313602.0,1041852818.0,22741859230.0,0.002080463233964007
2023-09-01,22.01,22.06,21.75,21.81,53041577.0,1159084272.0,22741859230.0,0.0023323324827387035
2023-09-04,21.9,21.91,21.58,21.67,74823274.0,1623177807.0,22741859230.0,0.003290112441699429
2023-09-05,21.67,21.92,21.62,21.89,58410844.0,1273652536.0,22741859230.0,0.002568428702739798
2023-09-06,21.82,21.95,21.8,21.81,24971636.0,545903540.0,22741859230.0,0.001098047250554545
2023-09-07,21.85,21.93,21.68,21.85,43893255.0,958542911.0,22741859230.0,0.0019300644927965284
2023-09-08,21.82,21.89,21.71,21.84,28667854.0,625457629.0,22741859230.0,0.0012605765302681456
2023-09-11,21.83,22.06,21.83,21.99,38344647.0,842758161.0,22741859230.0,0.0016860823300417554
2023-09-12,21.96,22.08,21.89,22.07,31843404.0,700757182.0,22741859230.0,0.0014002111119390656
2023-09-13,22.1,22.33,22.01,22.25,63334136.0,1407844212.0,22741859230.0,0.00278491460876042
2023-09-14,22.37,22.8,22.26,22.69,79022797.0,1786148692.0,22741859230.0,0.003474772937463126
2023-09-15,22.69,22.79,22.4,22.52,49541759.0,1117513230.0,22741859230.0,0.0021784392603506585
2023-09-18,22.46,22.56,22.32,22.41,39691537.0,889442041.0,22741859230.0,0.0017453074789787098
2023-09-19,22.38,22.57,22.3,22.53,29739454.0,668334198.0,22741859230.0,0.0013076966882623695
2023-09-20,22.52,22.62,22.41,22.56,28007733.0,631401655.0,22741859230.0,0.0012315498357783124
2023-09-21,22.57,22.64,22.37,22.38,36365479.0,817129755.0,22741859230.0,0.001599054792847735
2023-09-22,22.44,22.55,22.32,22.48,44917825.0,1007774660.0,22741859230.0,0.0019751166580411553
2023-09-25,22.59,22.66,22.38,22.49,34086051.0,768741207.0,22741859230.0,0.0014988242893982596
2023-09-26,22.54,22.54,22.33,22.41,25716599.0,576492679.0,22741859230.0,0.001130804598688038
2023-09-27,22.46,22.47,22.18,22.21,39799705.0,886397527.0,22741859230.0,0.0017500638183310046
2023-09-28,22.26,22.38,22.23,22.24,34407402.0,767155323.0,22741859230.0,0.0015129546644370817
2023-10-09,22.25,22.72,22.25,22.56,54393412.0,1226702850.0,22741859230.0,0.002391775072121049
2023-10-10,22.7,22.7,22.44,22.61,36118046.0,816386874.0,22741859230.0,0.0015881747237426727
2023-10-11,22.67,22.89,22.6,22.63,40765737.0,927786042.0,22741859230.0,0.0017925419635974064
2023-10-12,22.89,22.89,22.54,22.62,29530565.0,668632578.0,22741859230.0,0.0012985114673933367
2023-10-13,22.55,22.78,22.55,22.74,35919404.0,814939457.0,22741859230.0,0.0015794400816893984
2023-10-16,22.78,23.0,22.69,22.78,47498027.0,1083315950.0,22741859230.0,0.0020885727292403087
2023-10-17,22.81,22.99,22.73,22.96,41697326.0,955017604.0,22741859230.0,0.0018335055888919949
2023-10-18,23.05,23.18,22.86,22.95,49801308.0,1145979163.0,22741859230.0,0.002189852091525764
2023-10-19,22.86,22.99,22.53,22.55,48766564.0,1106303693.0,22741859230.0,0.0021443525574052196
2023-10-20,22.55,22.68,22.35,22.35,62885148.0,1414564177.0,22741859230.0,0.0027651718078108953
2023-10-23,22.35,22.63,22.2,22.29,53843591.0,1206621187.0,22741859230.0,0.0023675984648155787
2023-10-24,22.36,22.67,22.18,22.6,53307701.0,1196660148.0,22741859230.0,0.0023440344283583887
2023-10-25,22.6,22.62,21.9,21.91,100522854.0,2220073377.0,22741859230.0,0.004420168684686736
2023-10-26,21.85,22.35,21.82,22.33,66648935.0,1479450090.0,22741859230.0,0.002930672216635649
2023-10-27,22.32,22.47,22.21,22.24,54844060.0,1225705131.0,22741859230.0,0.002411590866223122
2023-10-30,22.26,22.58,22.24,22.45,72835649.0,1635519655.0,23546295291.0,0.003093295488731922
2023-10-31,22.38,22.65,22.27,22.57,63752699.0,1434746126.0,23546295291.0,0.0027075469075752193
2023-11-01,22.58,22.74,22.4,22.66,59046355.0,1335207793.0,23546295291.0,0.0025076707087152276
2023-11-02,22.77,22.85,22.63,22.76,43439733.0,989336982.0,23546295291.0,0.001844864869957007
2023-11-03,22.76,22.97,22.67,22.71,54743002.0,1249401663.0,23546295291.0,0.002324909346606393
2023-11-06,22.74,22.77,22.18,22.24,100246599.0,2237002524.0,23546295291.0,0.004257425542366184
2023-11-07,22.24,22.34,22.17,22.27,35299090.0,786444778.0,23546295291.0,0.001499135620434193
2023-11-08,22.29,22.45,22.29,22.37,32313709.0,722886394.0,23546295291.0,0.001372347904443003
2023-11-09,22.37,22.65,22.32,22.57,52544027.0,1183677945.0,23546295291.0,0.002231519920676595
2023-11-10,22.57,22.66,22.36,22.57,43730248.0,984512101.0,23546295291.0,0.0018572029043020975
2023-11-13,22.51,22.55,22.34,22.53,32429337.0,728031455.0,23546295291.0,0.0013772585707950127
2023-11-14,22.53,22.62,22.36,22.37,47746930.0,1071647633.0,23546295291.0,0.002027789484923775
2023-11-15,22.37,22.62,22.37,22.6,48039581.0,1082387590.0,23546295291.0,0.0020402182341763956
2023-11-16,22.56,22.73,22.52,22.71,71263004.0,1615397746.0,23546295291.0,0.00302650600101998
2023-11-17,22.65,22.77,22.49,22.62,40668574.0,918639537.0,23546295291.0,0.0017271750607639996
2023-11-20,22.66,22.74,22.59,22.65,34358561.0,778524093.0,23546295291.0,0.0014591917996175274
2023-11-21,22.62,22.79,22.61,22.7,47189784.0,1071485395.0,23546295291.0,0.0020041277583925125
2023-11-22,22.7,22.78,22.6,22.7,33804688.0,767433990.0,23546295291.0,0.0014356690758448537
2023-11-23,22.67,22.73,22.47,22.62,40390383.0,911195957.0,23546295291.0,0.001715360420857299
2023-11-24,22.58,22.85,22.56,22.68,55393394.0,1259538809.0,23546295291.0,0.002352531186558795
2023-11-27,22.68,22.72,22.49,22.61,52688942.0,1188192066.0,23546295291.0,0.002237674392036486
2023-11-28,22.61,22.62,22.45,22.5,38065817.0,856426256.0,23546295291.0,0.0016166372046879805
2023-11-29,22.54,22.54,22.4,22.46,53049106.0,1191811825.0,23546295291.0,0.002252970386397759
2023-11-30,22.53,22.83,22.47,22.83,93251429.0,2120302511.0,23546295291.0,0.003960343988196015
2023-12-01,22.88,22.89,22.62,22.73,57668131.0,1310247989.0,23546295291.0,0.002449138188717197
2023-12-04,22.73,22.76,22.62,22.7,36736002.0,833531569.0,23546295291.0,0.0015601605919739504
2023-12-05,22.69,22.82,22.53,22.58,65955134.0,1497277647.0,23546295291.0,0.002801083278064968
2023-12-06,22.55,22.58,22.39,22.5,60731004.0,1365199239.0,23546295291.0,0.0025792169532169655
2023-12-07,22.46,22.65,22.43,22.6,46134177.0,1041893357.0,23546295291.0,0.0019592966294631354
2023-12-08,22.55,22.65,22.45,22.62,65214067.0,1471195060.0,23546295291.0,0.0027696105138427657
2023-12-11,22.52,22.86,22.35,22.82,91325635.0,2066586430.0,23546295291.0,0.0038785564298476714
2023-12-12,22.73,23.01,22.72,22.98,54746391.0,1253897530.0,23546295291.0,0.002325053275829998
2023-12-13,22.97,23.05,22.91,22.99,45780951.0,1052460094.0,23546295291.0,0.0019442952886732316
2023-12-14,22.99,23.08,22.81,23.01,46382391.0,1066767039.0,23546295291.0,0.0019698381603890165
2023-12-15,23.0,23.15,22.77,22.78,66077881.0,1514697782.0,23546295291.0,0.0028062962849725523
2023-12-18,22.78,23.07,22.78,23.07,46320284.0,1064746657.0,23546295291.0,0.0019672005055379055
2023-12-19,23.07,23.13,22.97,23.05,56328793.0,1297691999.0,23546295291.0,0.002392257138707095
2023-12-20,23.06,23.48,23.04,23.3,70038502.0,1632153549.0,23546295291.0,0.002974501981497298
2023-12-21,23.28,23.36,23.09,23.15,69287699.0,1606989367.0,23546295291.0,0.0029426157339699863
2023-12-22,23.16,23.3,23.11,23.18,55368791.0,1285336172.0,23546295291.0,0.0023514863088106848
2023-12-25,23.18,23.42,23.11,23.4,44247999.0,1031041466.0,23546295291.0,0.0018791915438566985
2023-12-26,23.4,23.7,23.38,23.53,61519717.0,1449802231.0,23546295291.0,0.002612713220474833
2023-12-27,23.49,23.59,23.34,23.53,56278543.0,1321553822.0,23546295291.0,0.002390123045025733
2023-12-28,23.55,23.79,23.18,23.28,90728328.0,2121260477.0,23546295291.0,0.0038531890846828336
2023-12-29,23.3,23.36,23.11,23.34,62846850.0,1462118982.0,23546295291.0,0.002669075929920138
2024-01-02,23.34,23.77,23.32,23.68,68880298.0,1627813605.0,23546295291.0,0.0029253136066091814
2024-01-03,23.67,23.8,23.6,23.76,60752512.0,1439625327.0,23546295291.0,0.002580130387782114
2024-01-04,23.8,23.98,23.61,23.8,61342335.0,1458263732.0,23546295291.0,0.002605179891014389
2024-01-05,23.78,23.95,23.66,23.74,70563121.0,1680566823.0,23546295291.0,0.0029967823017564483
2024-01-08,23.74,23.82,23.53,23.6,65439403.0,1546139934.0,23546295291.0,0.0027791804269528815
2024-01-09,23.6,23.68,23.3,23.54,80150503.0,1884034535.0,23546295291.0,0.0034039538708509945
2024-01-10,23.51,23.64,23.21,23.34,67243039.0,1569818929.0,23546295291.0,0.0028557799929444534
2024-01-11,23.38,23.39,23.11,23.18,60919882.0,1415166913.0,23546295291.0,0.0025872385123482736
2024-01-12,23.09,23.59,23.09,23.53,62005621.0,1452655348.0,23546295291.0,0.0026333493330349994
2024-01-15,23.48,23.65,23.4,23.5,40987662.0,964175881.0,23546295291.0,0.0017407265768754094
2024-01-16,23.42,23.57,23.3,23.55,57834255.0,1355366874.0,23546295291.0,0.0024561933962539634
2024-01-17,23.55,23.6,23.32,23.32,66509131.0,1559265044.0,23546295291.0,0.0028246112680588653
2024-01-18,23.3,23.42,22.88,23.32,122738921.0,2841916740.0,23546295291.0,0.005212663796283655
2024-01-19,23.3,23.52,23.12,23.5,94494749.0,2208441097.0,23546295291.0,0.004013147199258914
2024-01-22,23.16,23.48,23.07,23.23,110790646.0,2581327056.0,23546295291.0,0.004705226220548888
2024-01-23,23.16,23.35,22.93,23.25,85306405.0,1971733022.0,23546295291.0,0.003622922584879257
2024-01-24,23.31,23.87,23.28,23.85,108649042.0,2566320795.0,23546295291.0,0.004614273313795078
2024-01-25,23.86,24.1,23.71,23.94,82891286.0,1978742267.0,23546295291.0,0.00352035362572231
2024-01-26,23.85,24.19,23.81,24.13,71370324.0,1712379231.0,23546295291.0,0.0030310638305500047
2024-01-29,24.09,24.5,24.06,24.27,69416961.0,1691010353.0,23546295291.0,0.0029481054298394426
2024-01-30,24.26,24.36,24.01,24.1,79784398.0,1927743954.0,23546295291.0,0.0033884055650357722
2024-01-31,24.08,24.46,24.03,24.4,88550152.0,2155156152.0,23546295291.0,0.0037606829824242518
2024-02-01,24.3,24.44,24.15,24.15,66074108.0,1601356833.0,23546295291.0,0.0028061360474509645
2024-02-02,24.22,24.52,24.15,24.28,101817510.0,2482060135.0,23546295291.0,0.004324141387920047
2024-02-05,24.35,24.88,24.29,24.76,114937132.0,2832953858.0,23546295291.0,0.004881325515523112
2024-02-06,24.7,25.26,24.58,24.72,126603040.0,3150676353.0,23546295291.0,0.005376771098610614
2024-02-07,24.79,24.8,24.24,24.7,135642238.0,3325417287.0,23546295291.0,0.005760661553065885
2024-02-08,24.61,24.74,24.4,24.64,87497217.0,2150797174.0,23546295291.0,0.0037159653320683397
2024-02-19,24.58,25.29,24.5,25.2,87245684.0,2183694504.0,23546295291.0,0.003705282844785674
2024-02-20,25.18,25.72,25.11,25.54,68608378.0,1750801469.0,24007256503.0,0.0028578183430258493
2024-02-21,25.52,25.7,25.39,25.39,79877592.0,2040015337.0,24007256503.0,0.0033272269986376127
2024-02-22,25.5,25.68,25.36,25.55,66689215.0,1701564035.0,24007256503.0,0.0027778773885165247
2024-02-23,25.5,25.74,25.32,25.69,61030579.0,1558028569.0,24007256503.0,0.002542172155005445
2024-02-26,25.49,25.54,24.93,24.95,80588451.0,2031771860.0,24007256503.0,0.0033568371708749597
2024-02-27,24.91,25.04,24.82,24.93,54655099.0,1361112175.0,24007256503.0,0.0022766074496338297
2024-02-28,24.82,25.44,24.59,25.3,120223309.0,3011572334.0,24007256503.0,0.005007790414743002
2024-02-29,25.2,25.32,25.0,25.05,76228710.0,1914111616.0,24007256503.0,0.003175236203706754
2024-03-01,25.05,25.15,24.9,25.0,57112914.0,1427971157.0,24007256503.0,0.0023789854535383103
2024-03-04,24.97,25.47,24.87,25.45,86329895.0,2180343415.0,24007256503.0,0.0035959916948116095
2024-03-05,25.35,26.0,25.33,25.94,98844338.0,2550840673.0,24007256503.0,0.004117269209317949
2024-03-06,25.9,26.3,25.81,25.86,87775400.0,2284641773.0,24007256503.0,0.0036562028647059855
2024-03-07,25.85,26.12,25.8,25.9,76693945.0,1987481632.0,24007256503.0,0.0031946151360700524
2024-03-08,25.92,26.09,25.76,25.83,61448903.0,1589578909.0,24007256503.0,0.002559597053179367
2024-03-11,25.77,25.99,25.57,25.76,76887209.0,1980534434.0,24007256503.0,0.0032026653687143303
2024-03-12,25.7,25.75,24.76,24.83,159072692.0,3993859961.0,24007256503.0,0.006626025426109057
2024-03-13,24.83,24.93,24.51,24.89,129403361.0,3201049100.0,24007256503.0,0.005390176965195064
2024-03-14,24.76,24.88,24.59,24.69,99913194.0,2471465580.0,24007256503.0,0.004161791414504803
2024-03-15,24.69,24.93,24.66,24.71,73946991.0,1831479869.0,24007256503.0,0.0030801933153319465
2024-03-18,24.69,24.87,24.61,24.67,80008345.0,1976509115.0,24007256503.0,0.0033326733935633993
2024-03-19,24.67,24.98,24.6,24.72,79130509.0,1963356129.0,24007256503.0,0.0032961079492824044
2024-03-20,24.72,25.22,24.66,25.0,104635892.0,2615165511.0,24007256503.0,0.004358511018821516
2024-03-21,25.05,25.1,24.92,24.94,66811218.0,1670493182.0,24007256503.0,0.0027829593103089944
2024-03-22,24.93,25.09,24.77,25.01,77408692.0,1932584782.0,24007256503.0,0.0032243872593408097
2024-03-25,25.09,25.1,24.94,24.98,67464484.0,1687444454.0,24007256503.0,0.002810170499555811
2024-03-26,25.0,25.02,24.7,24.84,76837709.0,1909598643.0,24007256503.0,0.003200603492131564
2024-03-27,24.79,25.02,24.77,24.83,72631540.0,1809850537.0,24007256503.0,0.003025399424166764
2024-03-28,24.86,25.02,24.65,24.85,81593841.0,2025213172.0,24007256503.0,0.0033987157587042007
2024-03-29,24.83,24.98,24.82,24.93,59329136.0,1477764574.0,24007256503.0,0.0024713001251345026
2024-04-01,24.95,24.99,24.67,24.73,87831553.0,2177047530.0,24007256503.0,0.00365854186583229
2024-04-02,24.72,24.84,24.55,24.64,92854480.0,2291658203.0,24007256503.0,0.0038677672306453134
2024-04-03,24.6,24.62,24.26,24.44,115308126.0,2811178604.0,24007256503.0,0.004803053026304394
2024-04-08,24.41,25.41,24.39,25.36,179639804.0,4495191837.0,24007256503.0,0.0074827293979864715
2024-04-09,25.2,25.37,24.99,25.15,104343345.0,2623607287.0,24007256503.0,0.004346325244909223
2024-04-10,25.15,25.73,25.14,25.63,112399910.0,2870415143.0,24007256503.0,0.004681913986546287
2024-04-11,25.58,25.66,25.27,25.61,68916555.0,1760367866.0,24007256503.0,0.0028706551700894284
2024-04-12,25.55,25.64,25.35,25.42,62788587.0,1599125049.0,24007256503.0,0.0026154003474805126
2024-04-15,25.43,25.93,25.42,25.89,78534769.0,2026912644.0,24007256503.0,0.0032712929522032692
2024-04-16,25.81,26.16,25.68,25.93,83440594.0,2163792039.0,24007256503.0,0.003475640541832553
2024-04-17,25.85,26.1,25.53,25.98,81773935.0,2111578177.0,24007256503.0,0.0034062174072152455
2024-04-18,25.92,26.19,25.8,25.95,84898080.0,2205476997.0,24007256503.0,0.0035363507691681035
2024-04-19,25.9,26.09,25.73,26.0,77485367.0,2007554174.0,24007256503.0,0.0032275810853404784
2024-04-22,25.93,26.19,25.81,25.86,64125192.0,1664599639.0,24007256503.0,0.002671075388892803
2024-04-23,25.84,26.05,25.6,25.77,57550366.0,1485631129.0,24007256503.0,0.0023972071108086996
2024-04-24,25.9,25.94,25.67,25.77,56309187.0,1450080312.0,24007256503.0,0.002345506950907259
2024-04-25,25.75,25.85,25.56,25.68,42847022.0,1098347571.0,24007256503.0,0.0017847529556176377
2024-04-26,25.61,25.86,25.55,25.57,69028833.0,1770684733.0,24007256503.0,0.002875332006028011
2024-04-29,25.57,25.66,25.3,25.48,77653000.0,1978050453.0,24007256503.0,0.003234563682455607
2024-04-30,25.4,26.02,25.36,25.79,88274253.0,2280869807.0,24007256503.0,0.0036769821236745256
2024-05-06,25.79,25.79,25.43,25.47,110588987.0,2821688353.0,24007256503.0,0.0046064816688312785
2024-05-07,25.47,25.51,25.32,25.35,63482761.0,1609969168.0,24007256503.0,0.002644315521520214
2024-05-08,25.35,25.55,25.31,25.31,60627239.0,1538925484.0,24007256503.0,0.002525371401452052
2024-05-09,25.35,25.4,25.16,25.36,68681549.0,1736820747.0,24007256503.0,0.0028608662131559015
2024-05-10,25.36,25.52,25.26,25.48,79808793.0,2029155628.0,24007256503.0,0.003324361240112002
2024-05-13,25.5,25.7,25.36,25.62,92647353.0,2368887118.0,24007256503.0,0.003859139547595644
2024-05-14,25.62,25.62,25.38,25.58,60506173.0,1543748111.0,24007256503.0,0.002520328509525402
2024-05-15,25.55,25.69,25.45,25.48,44384153.0,1133848524.0,24007256503.0,0.0018487807215478227
2024-05-16,25.49,25.54,25.4,25.42,57841400.0,1471765904.0,24007256503.0,0.002409329862109484
2024-05-17,25.45,25.85,25.44,25.78,94950720.0,2438122010.0,24007256503.0,0.003955084163329315
2024-05-20,25.74,26.16,25.66,25.99,91014753.0,2362152895.0,24007256503.0,0.003791135109029497
2024-05-21,26.05,26.25,25.98,26.1,64932506.0,1693481735.0,24007256503.0,0.0027047033046814777
2024-05-22,26.16,26.21,25.93,25.98,56950230.0,1482943442.0,24007256503.0,0.0023722090024273857
2024-05-23,26.05,26.34,25.96,26.15,77312597.0,2023279728.0,24007256503.0,0.0032203845112555385
2024-05-24,26.21,26.55,26.13,26.3,77715134.0,2051397915.0,24007256503.0,0.003237151816588811
2024-05-27,26.31,26.7,26.31,26.51,78000895.0,2069505133.0,24007256503.0,0.00324905492596594
2024-05-28,26.52,26.83,26.48,26.71,67259257.0,1793773705.0,24007256503.0,0.0028016219592436617
2024-05-29,26.7,26.77,26.41,26.69,62051985.0,1651090911.0,24007256503.0,0.00258471787445791
2024-05-30,26.66,26.95,26.6,26.7,53980515.0,1444639486.0,24007256503.0,0.002248508278872035
2024-05-31,26.76,27.02,26.58,26.61,70818931.0,1894832555.0,24007256503.0,0.0029498968776857245
2024-06-03,26.89,27.5,26.75,27.43,114876331.0,3129895699.0,24007256503.0,0.004785067006121454
2024-06-04,27.43,27.7,27.3,27.48,79276175.0,2178484628.0,24007256503.0,0.003302175531389581
2024-06-05,27.54,28.08,27.49,27.96,88722153.0,2474874593.0,24007256503.0,0.003695638982693132
2024-06-06,27.9,28.38,27.76,28.03,106120323.0,2979916128.0,24007256503.0,0.0044203436151373215
2024-06-07,28.0,28.37,27.9,28.31,86811639.0,2447258985.0,24007256503.0,0.0036160582942558147
2024-06-11,28.32,28.49,27.92,28.18,87333796.0,2460615260.0,24007256503.0,0.0036378082597270777
2024-06-12,28.08,28.5,28.0,28.38,75624228.0,2141399388.0,24007256503.0,0.00315005706672688
2024-06-13,28.39,28.8,28.32,28.7,89282721.0,2555029901.0,24007256503.0,0.003718988922738549
2024-06-14,28.65,28.77,27.73,27.9,242643011.0,6814644667.0,24007256503.0,0.01010706954248099
2024-06-17,27.75,28.06,27.59,27.89,106730295.0,2976152808.0,24007256503.0,0.004445751432974557
2024-06-18,27.89,27.94,27.59,27.8,65893578.0,1828330861.0,24007256503.0,0.002744735867331021
2024-06-19,27.78,28.07,27.72,28.04,53659074.0,1497817306.0,24007256503.0,0.002235118952192419
2024-06-20,28.07,28.4,28.01,28.34,65568919.0,1851949138.0,24007256503.0,0.002731212497846489
2024-06-21,28.34,28.52,28.03,28.33,74296501.0,2104127430.0,24007256503.0,0.003094751830169172
2024-06-24,28.4,29.0,28.35,28.89,106929642.0,3075272500.0,24007256503.0,0.0044540550473411164
2024-06-25,28.87,28.92,28.3,28.65,88021088.0,2521524043.0,24007256503.0,0.003666436770440666
2024-06-26,28.69,28.87,28.38,28.65,51424125.0,1469826193.0,24007256503.0,0.002142024224782783
2024-06-27,28.6,28.95,28.58,28.82,66550911.0,1917338401.0,24007256503.0,0.0027721164636902032
2024-06-28,28.82,29.03,28.58,28.92,72366983.0,2089609595.0,24007256503.0,0.003014379547740362
2024-07-01,28.92,29.65,28.92,29.48,72351910.0,2123942477.0,24007256503.0,0.0030137516959073915
2024-07-02,29.47,29.56,29.24,29.48,58289049.0,1714526664.0,24007256503.0,0.0024279762659559236
2024-07-03,29.41,29.52,29.0,29.3,73251987.0,2136621632.0,24007256503.0,0.00305124356841217
2024-07-04,29.22,29.55,29.2,29.39,66193048.0,1945477857.0,24007256503.0,0.0027572100123863953
2024-07-05,29.57,29.57,28.85,29.32,100763142.0,2934921575.0,24007256503.0,0.004197195210015289
2024-07-08,29.22,30.05,29.2,29.92,100897073.0,3002371354.0,24007256503.0,0.004202773981583097
2024-07-09,29.91,30.33,29.81,30.31,85724564.0,2582804863.0,24007256503.0,0.003570777193524286
2024-07-10,30.28,30.42,29.87,30.1,76596809.0,2303742130.0,24007256503.0,0.0031905690260954347
2024-07-11,30.13,30.2,29.7,30.19,74713995.0,2236982847.0,24007256503.0,0.003112142155463019
2024-07-12,30.16,30.3,29.8,29.88,68112730.0,2040744551.0,24007256503.0,0.0028371725853592843
2024-07-15,29.79,30.5,29.66,30.43,78795504.0,2382355824.0,24007256503.0,0.003282153626765038
2024-07-16,30.5,30.87,30.25,30.8,68924858.0,2109134626.0,24007256503.0,0.002871001023852392
2024-07-17,30.75,30.95,30.56,30.8,74056856.0,2281313173.0,24007256503.0,0.003084769639993878
2024-07-18,30.75,31.44,30.72,31.36,99995624.0,3111871551.0,24007256503.0,0.004165224959691014
2024-07-19,30.5,30.72,30.28,30.58,112417521.0,3424215894.0,24007256503.0,0.004682647556414956
2024-07-22,30.58,30.6,29.7,30.38,97427649.0,2935254009.0,24007256503.0,0.00405825834317325
2024-07-23,30.4,30.8,30.28,30.67,90144787.0,2759644839.0,24007256503.0,0.0037548974822981256
2024-07-24,30.67,31.19,30.54,31.04,88281095.0,2734065269.0,24007256503.0,0.003677267120837743
2024-07-25,31.07,31.28,30.37,30.83,97736868.0,3005729069.0,24007256503.0,0.0040711385737802475
2024-07-26,30.71,30.71,29.73,30.15,114955273.0,3451737426.0,24007256503.0,0.004788355261903206
2024-07-29,29.96,30.4,29.51,30.2,75162251.0,2258829166.0,24007256503.0,0.0031308138433313927
2024-07-30,30.17,30.46,29.88,30.11,60682304.0,1828272498.0,24007256503.0,0.002527665082947608
2024-07-31,30.05,30.07,29.48,29.86,94433185.0,2812743116.0,24007256503.0,0.003933526722980588
2024-08-01,29.65,30.34,29.6,30.12,68485869.0,2057753552.0,24007256503.0,0.0028527153442727557
2024-08-02,30.0,30.32,29.8,30.24,57775048.0,1740593156.0,24007256503.0,0.0024065660310989847
2024-08-05,30.09,30.2,29.85,29.9,63103071.0,1894210458.0,24007256503.0,0.002628499886778587
2024-08-06,29.9,30.09,29.3,29.46,93657365.0,2766826003.0,24007256503.0,0.003901210660547421
2024-08-07,29.37,30.05,29.37,29.75,67641078.0,2018243318.0,24007256503.0,0.0028175263588135287
2024-08-08,29.75,30.01,29.62,29.78,46760473.0,1394043160.0,24007256503.0,0.001947764126823767
2024-08-09,29.71,29.79,29.37,29.54,59690063.0,1763288971.0,24007256503.0,0.00248633420451608
2024-08-12,29.56,29.71,29.12,29.18,51089121.0,1500108927.0,24007256503.0,0.0021280699439194892
2024-08-13,29.28,29.38,29.06,29.26,46163028.0,1349026967.0,24007256503.0,0.0019228781095512253
2024-08-14,29.29,29.85,29.03,29.55,67862636.0,2004395676.0,24007256503.0,0.002826755151781701
2024-08-15,29.54,29.97,29.4,29.8,59889587.0,1783081179.0,24007256503.0,0.002494645191653451
2024-08-16,29.82,29.88,29.53,29.62,50949931.0,1509091295.0,24007256503.0,0.00212227211358504
2024-08-19,29.59,29.86,29.57,29.73,42798248.0,1272877014.0,24007256503.0,0.0017827213198914184
2024-08-20,29.76,29.84,29.43,29.65,46130402.0,1364741834.0,24007256503.0,0.0019215191037857842
2024-08-21,29.66,29.79,29.23,29.75,47190994.0,1395813811.0,24007256503.0,0.001965697079718497
2024-08-22,29.7,30.3,29.69,30.24,77938021.0,2341186875.0,24007256503.0,0.0032464359678191757
2024-08-23,30.27,30.32,29.8,29.91,54611188.0,1639163833.0,24007256503.0,0.0022747783776615902
2024-08-26,29.91,30.05,29.48,29.82,49639581.0,1474548432.0,24007256503.0,0.0020676906998430633
2024-08-27,29.76,29.9,29.58,29.8,35060495.0,1043728923.0,24007256503.0,0.0014604123963776854
2024-08-28,29.79,30.1,29.7,29.82,49690215.0,1485759125.0,24007256503.0,0.0020697998121439075
2024-08-29,29.84,29.87,29.26,29.36,67603577.0,1991001428.0,24007256503.0,0.0028159642894452397
2024-08-30,29.25,29.58,28.71,29.38,89849336.0,2626216879.0,24007256503.0,0.0037425907449596427
2024-09-02,29.03,29.81,29.02,29.71,73329606.0,2171845328.0,24007256503.0,0.003054476715856165
2024-09-03,29.65,29.79,29.05,29.11,66710788.0,1952057304.0,24007256503.0,0.0027787759918199598
2024-09-04,29.11,29.34,28.91,29.15,40153496.0,1170959318.0,24007256503.0,0.0016725566286586028
2024-09-05,29.16,29.28,28.92,29.12,37487408.0,1088725236.0,24007256503.0,0.0015615032061375065
2024-09-06,29.1,29.48,29.07,29.1,40053763.0,1173648850.0,24007256503.0,0.0016684023430580163
2024-09-09,29.23,29.43,29.06,29.35,63373236.0,1856318800.0,24007256503.0,0.0026397533592428914
2024-09-10,29.31,29.49,28.95,29.15,58004957.0,1692616092.0,24007256503.0,0.002416142677225595
2024-09-11,29.15,29.15,27.65,27.8,143949737.0,4047995050.0,24007256503.0,0.005996092763952921
2024-09-12,27.7,28.06,27.63,27.86,66219139.0,1843149366.0,24007256503.0,0.0027582968087888388
2024-09-13,27.86,28.5,27.82,28.3,80973210.0,2289211168.0,24007256503.0,0.0033728639501094766
2024-09-18,28.25,28.74,28.22,28.32,52623623.0,1500353768.0,24007256503.0,0.0021919882012933897
2024-09-19,28.37,28.43,27.84,28.33,69799705.0,1964300124.0,24007256503.0,0.002907441964111046
2024-09-20,28.18,28.32,27.84,28.15,82295178.0,2309733075.0,24007256503.0,0.003427929300864354
2024-09-23,28.15,28.43,27.98,28.2,47904951.0,1353258731.0,24007256503.0,0.0019954362962720748
2024-09-24,28.43,28.88,28.07,28.76,106478651.0,3033603594.0,24007256503.0,0.0044352694355847865
2024-09-25,28.92,29.64,28.83,28.93,118176242.0,3447719854.0,24007256503.0,0.004922521737760099
2024-09-26,29.04,29.13,28.71,29.13,114316343.0,3305503263.0,24007256503.0,0.004761741225438016
2024-09-27,29.23,29.23,28.06,28.99,188703666.0,5391564516.0,24007256503.0,0.007860276161768804
2024-09-30,28.83,30.5,28.61,30.05,396078494.0,11687901897.0,24007256503.0,0.016498282256887837
2024-10-08,32.01,32.28,28.88,29.22,462356540.0,13932515165.0,24007256503.0,0.01925903278211831
2024-10-09,28.98,29.39,28.22,28.55,266925415.0,7713072332.0,24007256503.0,0.011118530556235962
2024-10-10,28.6,29.83,28.59,29.18,262428403.0,7695861718.0,24007256503.0,0.010931211692898202
2024-10-11,29.2,29.75,29.0,29.21,142589633.0,4191339711.0,24007256503.0,0.005939438893493794
2024-10-14,29.22,29.55,29.1,29.35,144701436.0,4245091617.0,24007256503.0,0.006027404088506231
2024-10-15,29.3,29.39,28.88,28.88,117112841.0,3411757960.0,24007256503.0,0.004878226755538073
2024-10-16,28.8,29.32,28.61,28.71,127230016.0,3677022600.0,24007256503.0,0.005299648295260271
2024-10-17,28.73,28.79,28.3,28.3,112093819.0,3190851474.0,24007256503.0,0.0046691640498776905
2024-10-18,28.32,28.67,28.03,28.43,149181606.0,4224020290.0,24007256503.0,0.006214021413956982
2024-10-21,28.36,28.36,27.85,27.96,139628417.0,3905210023.0,24007256503.0,0.005816092187899593
2024-10-22,27.96,28.36,27.83,28.08,104063225.0,2922214929.0,24007256503.0,0.004334657106154384
2024-10-23,28.08,28.33,28.0,28.06,90280066.0,2538199816.0,24007256503.0,0.0037605324035555002
2024-10-24,28.06,28.13,27.75,28.0,78386191.0,2189138483.0,24007256503.0,0.0032651040734373244
2024-10-25,28.0,28.08,27.41,27.54,150718465.0,4162517848.0,24007256503.0,0.006278037849979479
2024-10-28,27.54,27.54,27.16,27.54,117784905.0,3221776479.0,24007256503.0,0.0049062209580374725
2024-10-29,27.54,28.03,27.35,27.71,131188363.0,3635175151.0,24007256503.0,0.005464529567699933
2024-10-30,27.72,27.89,27.45,27.71,101259892.0,2800095149.0,24007256503.0,0.004217886870469615
2024-10-31,27.98,28.01,27.42,27.58,121903136.0,3369699700.0,24007256503.0,0.005077762050185398
2024-11-01,27.51,28.0,27.39,27.98,121360771.0,3377377151.0,24007256503.0,0.005055170339219497
2024-11-04,27.98,27.99,27.61,27.9,90600962.0,2514532409.0,24007256503.0,0.0037738990287656694
2024-11-05,27.81,27.94,27.72,27.86,130938756.0,3643039779.0,24007256503.0,0.005454132419655599
2024-11-06,27.83,27.9,27.46,27.5,138088740.0,3816254671.0,24007256503.0,0.00575195837070113
2024-11-07,27.4,27.85,27.39,27.83,133033377.0,3687552721.0,24007256503.0,0.0055413819143964186
2024-11-08,27.84,27.96,27.53,27.62,119023483.0,3295504902.0,24007256503.0,0.004957812775696655
2024-11-11,27.46,27.63,27.36,27.48,93996202.0,2579507983.0,24007256503.0,0.003915324601470144
2024-11-12,27.48,27.63,26.95,26.97,201746671.0,5479470999.0,24007256503.0,0.008403570436079994
2024-11-13,26.88,27.49,26.78,27.39,155188222.0,4230284151.0,24007256503.0,0.006464221431574546
2024-11-14,27.35,27.69,27.23,27.42,98646616.0,2714473179.0,24007256503.0,0.004109033282819005
2024-11-15,27.37,27.49,27.1,27.1,93580893.0,2550153940.0,24007256503.0,0.0038980252903244453
2024-11-18,27.16,27.54,27.09,27.42,119051790.0,3261120178.0,24007256503.0,0.004958991877523491
2024-11-19,27.4,27.5,27.17,27.37,95680280.0,2615794240.0,24007256503.0,0.0039854733083742235
2024-11-20,27.37,27.75,27.21,27.62,99804939.0,2747324911.0,24007256503.0,0.0041572821528994015
2024-11-21,27.56,27.7,27.54,27.67,67848491.0,1875901033.0,24007256503.0,0.0028261659549278987
2024-11-22,27.67,27.78,27.26,27.26,97129106.0,2668597372.0,24007256503.0,0.00404582281144297
2024-11-25,27.39,27.59,27.03,27.13,101408771.0,2767754675.0,24007256503.0,0.004224088287111346
2024-11-26,27.1,27.19,26.91,27.0,88306380.0,2387017997.0,24007256503.0,0.003678320344057849
2024-11-27,26.98,27.45,26.98,27.39,102469314.0,2795306804.0,24007256503.0,0.004268264221994513
2024-11-28,27.37,27.48,27.17,27.43,69160630.0,1892727089.0,24007256503.0,0.0028808218878053613
2024-11-29,27.44,27.7,27.3,27.32,109026420.0,2998565910.0,24007256503.0,0.004541394389916058
2024-12-02,27.39,27.71,27.3,27.61,88629895.0,2442141195.0,24007256503.0,0.0036917960612835796
2024-12-03,27.62,28.1,27.54,27.95,134347559.0,3742682857.0,24007256503.0,0.005596122946543752
2024-12-04,27.95,28.53,27.81,28.45,137225662.0,3874772096.0,24007256503.0,0.005716007657220306
2024-12-05,28.4,28.68,28.2,28.3,98035433.0,2785865462.0,24007256503.0,0.004083575021900119
2024-12-06,28.32,28.54,28.15,28.18,90935412.0,2571289497.0,24007256503.0,0.0037878302332728653
2024-12-09,28.13,28.51,27.93,28.41,80287292.0,2273588991.0,24007256503.0,0.003344292672091337
2024-12-10,28.4,28.58,27.96,28.02,167887746.0,4740338733.0,24007256503.0,0.006993208323450886
2024-12-11,28.1,28.22,27.97,28.17,63618426.0,1788397138.0,24007256503.0,0.002649966521249527
2024-12-12,28.15,28.48,28.13,28.4,77874956.0,2210068869.0,24007256503.0,0.0032438090537445863
2024-12-13,28.44,28.88,28.34,28.72,154285770.0,4421516826.0,24007256503.0,0.006426630630647867
2024-12-16,28.78,29.39,28.78,29.28,143463294.0,4191213538.0,24007256503.0,0.005975830432022606
2024-12-17,29.33,29.55,29.19,29.27,107804406.0,3166685527.0,24007256503.0,0.004490492530311763
2024-12-18,29.38,29.82,29.13,29.42,98396558.0,2902181336.0,24007256503.0,0.004098617348788028
2024-12-19,29.26,29.66,29.21,29.26,91061598.0,2682851059.0,24007256503.0,0.0037930863940500966
2024-12-20,29.21,29.43,29.08,29.2,78725172.0,2300287601.0,24007256503.0,0.0032792240125464702
2024-12-23,29.19,29.81,29.11,29.57,108633632.0,3214208944.0,24007256503.0,0.0045250331701344095
2024-12-24,29.47,29.85,29.36,29.81,92735550.0,2753108462.0,24007256503.0,0.003862813311817265
2024-12-25,29.82,29.93,29.67,29.79,68516052.0,2043557883.0,24007256503.0,0.0028539725891393746
2024-12-26,29.79,29.83,29.29,29.32,89884558.0,2645228041.0,24007256503.0,0.00374405788469698
2024-12-27,29.3,29.63,29.17,29.61,85423709.0,2508819673.0,24007256503.0,0.0035582453575786666
2024-12-30,29.61,29.83,29.34,29.41,77825662.0,2298925152.0,24007256503.0,0.0032417557579007303
2024-12-31,29.4,29.77,29.36,29.55,96537038.0,2859607977.0,24007256503.0,0.004021160768117611
2025-01-02,29.51,29.73,29.08,29.2,104122008.0,3057996060.0,24007256503.0,0.004337105657491046
2025-01-03,29.21,29.43,28.85,29.0,94632286.0,2753136714.0,24007256503.0,0.003941820090445343
2025-01-06,29.1,29.1,28.51,28.89,79467426.0,2286573074.0,24007256503.0,0.0033101419143861596
2025-01-07,28.88,28.89,28.54,28.7,65496030.0,1879633128.0,24007256503.0,0.0027281763741648477
2025-01-08,28.67,29.16,28.63,29.0,90630929.0,2624410315.0,24007256503.0,0.0037751472763526543
2025-01-09,28.94,29.06,28.64,28.79,58177058.0,1676501567.0,24007256503.0,0.0024233113847361137
2025-01-10,28.79,29.05,28.51,28.87,69490983.0,2005099923.0,24007256503.0,0.00289458243557802
2025-01-13,28.8,28.91,28.43,28.81,90627806.0,2602917132.0,24007256503.0,0.0037750171906846142
2025-01-14,28.8,28.98,28.72,28.84,81985665.0,2362763164.0,24007256503.0,0.003415036823960076
2025-01-15,28.73,29.12,28.61,28.8,72279278.0,2086198307.0,24007256503.0,0.0030107262773223513
2025-01-16,28.73,28.98,28.72,28.84,72060240.0,2076090814.0,24007256503.0,0.0030016024526165743
2025-01-17,28.87,29.03,28.76,29.01,59637230.0,1726533811.0,24007256503.0,0.002484133494910074
2025-01-20,29.05,29.06,28.83,28.97,66542377.0,1927427722.0,24007256503.0,0.00277176098783652
2025-01-21,28.96,29.31,28.82,29.16,78941328.0,2299694593.0,24007256503.0,0.0032882277902156506
2025-01-22,29.16,29.3,28.6,28.69,107370320.0,3102296596.0,24007256503.0,0.004472411080649001
2025-01-23,28.72,28.81,28.28,28.5,103468365.0,2953937702.0,24007256503.0,0.0043098787646589426
2025-01-24,28.38,28.65,28.2,28.2,84000577.0,2388148361.0,24007256503.0,0.003498966114245628
2025-01-27,28.27,29.1,28.22,28.9,99524449.0,2863650427.0,24007256503.0,0.004145598602137783
2025-02-05,28.86,28.89,28.27,28.35,90286113.0,2568658666.0,24007256503.0,0.0037607842857311767
2025-02-06,28.36,28.43,28.13,28.27,67609734.0,1908311707.0,24007256503.0,0.002816220753568878
2025-02-07,28.2,28.24,27.9,28.13,109147551.0,3059789716.0,24007256503.0,0.004546439989357413
2025-02-10,28.05,28.16,27.9,27.91,96900076.0,2709703559.0,24007256503.0,0.0040362827792459815
2025-02-11,27.98,27.98,27.7,27.9,90138630.0,2507433419.0,24007256503.0,0.003754641018174487
2025-02-12,27.85,28.03,27.77,27.99,71470071.0,1996133152.0,24007256503.0,0.0029770195103746627
2025-02-13,27.92,28.23,27.83,28.17,94001814.0,2643911849.0,24007256503.0,0.003915558364124336
2025-02-14,28.17,28.5,28.05,28.21,92876377.0,2628490803.0,24007256503.0,0.003868679329868199
2025-02-17,28.06,28.17,27.62,28.17,109580719.0,3060604828.0,24007256503.0,0.00456448320058173
2025-02-18,28.05,28.56,28.05,28.36,108370674.0,3074479598.0,24007256503.0,0.004514079898569741
2025-02-19,28.26,28.41,28.03,28.07,83243097.0,2344764606.0,24007256503.0,0.0034674139874998943
2025-02-20,28.0,28.12,27.86,28.04,69621175.0,1949177936.0,24007256503.0,0.002900005462569202
2025-02-21,28.04,28.04,27.71,27.8,124688160.0,3470960409.0,24007256503.0,0.005193769641458977
2025-02-24,27.8,27.92,27.51,27.55,129403179.0,3578403310.0,24007256503.0,0.005390169384153891
2025-02-25,27.58,27.65,27.2,27.33,97322862.0,2669049554.0,24007256503.0,0.004053893537890859
2025-02-26,27.3,27.7,27.27,27.63,88916962.0,2451236807.0,24007256503.0,0.0037037535708792355
2025-02-27,27.64,27.72,27.31,27.52,99176939.0,2727061265.0,24007256503.0,0.004131123395445316
2025-02-28,27.48,27.74,27.35,27.38,117501775.0,3236479356.0,24007256503.0,0.004894427440524773
2025-03-03,27.38,27.43,27.06,27.09,112763438.0,3060769037.0,24007256503.0,0.0046970564081701225
2025-03-04,27.09,27.2,26.98,27.15,64725189.0,1755054866.0,24007256503.0,0.0026960677073580566
2025-03-05,27.14,27.6,27.01,27.48,94660546.0,2594982596.0,24007256503.0,0.003942997234530777
2025-03-06,27.41,27.48,27.15,27.22,98075923.0,2671549581.0,24007256503.0,0.00408526159529075
2025-03-07,27.21,27.37,27.13,27.26,68383213.0,1864258519.0,24007256503.0,0.002848439303818605
2025-03-10,27.27,27.28,27.03,27.1,88322350.0,2392990833.0,24007256503.0,0.003678985559593744
2025-03-11,27.04,27.29,27.03,27.19,91040312.0,2468093094.0,24007256503.0,0.0037921997454654346
2025-03-12,27.16,27.19,27.01,27.12,78523785.0,2126412560.0,24007256503.0,0.003270835423872257
2025-03-13,27.1,27.35,27.09,27.25,87409660.0,2380546787.0,24007256503.0,0.003640968304274047
2025-03-14,27.29,27.55,27.23,27.45,111413990.0,3056432801.0,24007256503.0,0.004640846403506267
2025-03-17,27.51,27.69,27.35,27.37,76352193.0,2099106675.0,24007256503.0,0.0031803797735263446
2025-03-18,27.37,27.42,27.17,27.2,77719309.0,2116224352.0,24007256503.0,0.003237325722340994
2025-03-19,27.24,27.7,27.16,27.63,131859932.0,3633878031.0,24007256503.0,0.005492503151433505
2025-03-20,27.7,27.76,27.54,27.64,60194152.0,1663702537.0,24007256503.0,0.002507331564207597
2025-03-21,27.67,27.76,27.37,27.4,74187671.0,2042970840.0,24007256503.0,0.0030902186174721524
2025-03-24,27.42,27.8,27.37,27.7,99162478.0,2745637503.0,24007256503.0,0.004130521035904641
2025-03-25,27.71,28.0,27.56,27.93,77255982.0,2152626393.0,24007256503.0,0.0032180262659477947
2025-03-26,27.93,27.99,27.61,27.83,69088342.0,1917234896.0,24007256503.0,0.0028778107982212198
2025-03-27,27.75,27.86,27.62,27.77,57299116.0,1588239086.0,24007256503.0,0.0023867415251234464
2025-03-28,27.76,27.9,27.64,27.85,57222334.0,1590738628.0,24007256503.0,0.0023835432421380333
2025-03-31,27.92,28.11,27.75,27.81,90484100.0,2528379570.0,24007256503.0,0.003769031250559301
2025-04-01,27.85,27.94,27.66,27.9,57988638.0,1614469478.0,24007256503.0,0.0024154629244184404
2025-04-02,27.9,27.96,27.71,27.83,55353026.0,1539467924.0,24007256503.0,0.00230567895140717
2025-04-03,27.71,28.44,27.71,28.4,143798229.0,4054692590.0,24007256503.0,0.005989781838754905
2025-04-07,28.04,28.86,27.77,28.33,325872228.0,9247372446.0,24007256503.0,0.013573905371456262
2025-04-08,28.26,29.18,28.0,29.05,234119048.0,6700167019.0,24007256503.0,0.009752011770722071
2025-04-09,29.05,29.6,28.76,29.57,219801803.0,6447093992.0,24007256503.0,0.009155640211222515
2025-04-10,29.46,29.49,28.85,29.17,138562486.0,4027976355.0,24007256503.0,0.005771691820874448
2025-04-11,29.28,29.28,29.0,29.2,87332101.0,2542617678.0,24007256503.0,0.003637737656074395
2025-04-14,29.01,29.25,28.82,29.15,82637532.0,2399272788.0,24007256503.0,0.003442189739159634
2025-04-15,29.08,29.35,28.99,29.27,78307971.0,2283991241.0,24007256503.0,0.00326184589189583
2025-04-16,29.25,29.41,29.05,29.4,100760206.0,2945909908.0,24007256503.0,0.004197072913658784
2025-04-17,29.3,29.32,29.0,29.21,84085337.0,2448925444.0,24007256503.0,0.0035024967134204823
2025-04-18,29.1,29.6,29.06,29.58,88117388.0,2592643254.0,24007256503.0,0.0036704480576107753
2025-04-21,29.5,29.7,29.3,29.31,56583745.0,1666610558.0,24007256503.0,0.002356943409711525
2025-04-22,29.32,29.82,29.23,29.33,76894856.0,2269549948.0,24007256503.0,0.0032029838974058132
2025-04-23,29.28,29.38,29.08,29.2,61610691.0,1800663508.0,24007256503.0,0.00256633618224144
2025-04-24,29.2,29.55,29.16,29.46,56927325.0,1675349936.0,24007256503.0,0.002371254915899542
2025-04-25,29.48,29.73,29.3,29.52,54457223.0,1604922452.0,24007256503.0,0.0022683651084077394
2025-04-28,29.52,29.92,29.41,29.72,72347085.0,2153224045.0,24007256503.0,0.0030135507150081623
2025-04-29,29.72,29.77,29.35,29.46,72305923.0,2130508757.0,24007256503.0,0.003011836150080893
2025-04-30,29.55,29.57,29.32,29.5,55350878.0,1630308197.0,24007256503.0,0.0023055894784596996
2025-05-06,29.65,29.65,29.13,29.18,83099000.0,2427460661.0,24007256503.0,0.003461411760632281
2025-05-07,29.28,29.38,29.06,29.35,80888990.0,2365688066.0,24007256503.0,0.0033693558441337075
2025-05-08,29.28,29.48,29.22,29.31,46996050.0,1380550567.0,24007256503.0,0.0019575768682326225
2025-05-09,29.3,29.77,29.28,29.55,73292755.0,2165675400.0,24007256503.0,0.003052941721634922
2025-05-12,29.46,29.69,29.31,29.54,57235498.0,1690208659.0,24007256503.0,0.002384091576346832
2025-05-13,29.42,29.74,29.36,29.74,61698606.0,1827173098.0,24007256503.0,0.00256999820001465
2025-05-14,29.73,30.1,29.67,30.08,74790567.0,2238358173.0,24007256503.0,0.003115331691093233
2025-05-15,30.06,30.36,30.0,30.35,71543285.0,2161488738.0,24007256503.0,0.0029800691716298277
2025-05-16,30.3,30.5,29.96,30.1,63755987.0,1920478840.0,24007256503.0,0.002655696497100071
2025-05-19,30.1,30.58,30.1,30.47,56194236.0,1709383591.0,24007256503.0,0.0023407187736332073
2025-05-20,30.48,30.94,30.48,30.68,60587616.0,1863321473.0,24007256503.0,0.0025237209421421743
2025-05-21,30.74,30.95,30.7,30.8,53549849.0,1650446696.0,24007256503.0,0.00223056928613681
2025-05-22,30.8,31.05,30.56,31.03,53726373.0,1657926805.0,24007256503.0,0.0022379222296094615
2025-05-23,30.99,31.06,30.39,30.49,85424773.0,2613433482.0,24007256503.0,0.003558289677511678
2025-05-26,30.4,30.56,30.12,30.34,62651237.0,1899418062.0,24007256503.0,0.002609679160639241
2025-05-27,30.3,30.59,30.22,30.26,56798057.0,1726016759.0,24007256503.0,0.0023658703772712385
2025-05-28,30.27,30.55,30.2,30.53,53780908.0,1636711126.0,24007256503.0,0.0022401938344466564
2025-05-29,30.48,30.55,30.11,30.29,66936874.0,2025718727.0,24007256503.0,0.002788193394427865
2025-05-30,30.32,30.49,30.2,30.2,64478998.0,1954519954.0,24007256503.0,0.002685812849624969
2025-06-03,30.28,30.35,29.85,30.15,78322252.0,2350698980.0,24007256503.0,0.003262440753703476
2025-06-04,30.14,30.16,29.85,29.89,59558198.0,1785117391.0,24007256503.0,0.002480841490261808
2025-06-05,29.89,29.94,29.65,29.8,55135038.0,1641525833.0,24007256503.0,0.0022965988634773907
2025-06-06,29.8,30.02,29.75,29.99,54693654.0,1638392602.0,24007256503.0,0.0022782134223944066
2025-06-09,29.93,30.09,29.85,29.98,68059358.0,2040230084.0,24007256503.0,0.002834949424208266
2025-06-10,29.98,30.29,29.96,30.03,66348841.0,1998903728.0,24007256503.0,0.002763699425284555
2025-06-11,30.0,30.28,29.98,30.18,57665617.0,1739533416.0,24007256503.0,0.0024020077843044654
2025-06-12,30.16,30.33,30.02,30.19,63183872.0,1906275622.0,24007256503.0,0.0026318655774808923
2025-06-13,30.19,30.66,30.18,30.62,104423426.0,3184688177.0,24007256503.0,0.0043496609446794145
2025-06-16,30.55,30.62,30.3,30.46,51655391.0,1573740481.0,24007256503.0,0.002151657395485612
2025-06-17,30.45,30.7,30.06,30.67,78898566.0,2399315252.0,24007256503.0,0.0032864465787725747
2025-06-18,30.6,30.86,30.57,30.71,62172076.0,1912522039.0,24007256503.0,0.0025897201536639906
2025-06-19,30.8,30.84,30.58,30.72,55930574.0,1716728361.0,24007256503.0,0.0023297361776015843
2025-06-20,30.72,30.83,30.38,30.4,56160340.0,1716057582.0,24007256503.0,0.002339306867195845
2025-06-23,30.38,30.76,30.28,30.65,58800921.0,1794276498.0,24007256503.0,0.002449297819292767
2025-06-24,30.61,30.81,30.53,30.58,78840002.0,2415321534.0,24007256503.0,0.0032840071496777644
2025-06-25,30.48,30.95,30.4,30.88,78370666.0,2407314283.0,24007256503.0,0.0032644573939636387
2025-06-26,30.88,31.19,30.86,31.11,70564856.0,2189373110.0,24007256503.0,0.0029393136192460002
2025-06-27,31.16,31.16,30.2,30.22,147453009.0,4499854721.0,24007256503.0,0.006142018309404656
2025-06-30,30.23,30.42,30.1,30.14,75518456.0,2282994819.0,24007256503.0,0.003145651232183196
2025-07-01,30.2,30.52,30.15,30.37,59476275.0,1806986262.0,24007256503.0,0.0024774290636902937
2025-07-02,30.4,30.48,30.22,30.25,57183495.0,1734049631.0,24007256503.0,0.0023819254396209005
2025-07-03,30.26,30.28,29.85,30.09,93681123.0,2811204131.0,24007256503.0,0.0039022002779990042
2025-07-04,30.06,30.29,30.01,30.16,67922805.0,2048728031.0,24007256503.0,0.0028292614356626804
2025-07-07,30.24,30.28,30.07,30.26,50827848.0,1534745747.0,24007256503.0,0.00211718685946678
2025-07-08,30.27,30.27,29.91,29.92,107328601.0,3219638664.0,24007256503.0,0.004470673314403417
2025-07-09,29.95,30.1,29.85,29.98,67038321.0,2011578386.0,24007256503.0,0.0027924190751085092
2025-07-10,30.0,30.08,29.8,29.9,94764305.0,2835522287.0,24007256503.0,0.003947319219426761
2025-07-11,29.92,30.59,29.87,30.4,164215479.0,4984368453.0,24007256503.0,0.006840243448037441
2025-07-14,30.42,30.79,30.4,30.61,77154717.0,2363137312.0,24007256503.0,0.0032138081663083233
2025-07-15,30.61,30.68,30.35,30.48,56246157.0,1714077283.0,24007256503.0,0.0023428814947252033
2025-07-16,30.6,30.66,30.33,30.34,38621346.0,1174692478.0,24007256503.0,0.0016087363416629381
2025-07-17,30.32,30.4,30.12,30.16,61465548.0,1855170425.0,24007256503.0,0.0025602903852141178
2025-07-18,29.54,29.6,29.35,29.5,60170190.0,1774601208.0,24007256503.0,0.002506333449325249
2025-07-21,29.7,29.86,29.42,29.51,77827654.0,2301161415.0,24007256503.0,0.0032418387328129097
2025-07-22,29.46,29.51,29.28,29.36,94394047.0,2772595624.0,24007256503.0,0.003931896465895814
2025-07-23,29.41,29.45,29.17,29.18,107354945.0,3142732507.0,24007256503.0,0.0044717706492861725
2025-07-24,29.19,29.19,28.8,28.94,166882768.0,4823718576.0,24007256503.0,0.006951346897099465
2025-07-25,28.86,28.98,28.75,28.75,100879090.0,2910198554.0,24007256503.0,0.004202024916399503
2025-07-28,28.75,28.84,28.6,28.64,84445060.0,2421911286.0,24007256503.0,0.0035174806412989154
2025-07-29,28.61,28.74,28.6,28.63,71772013.0,2057394625.0,24007256503.0,0.0029895966242969585
2025-07-30,28.64,28.94,28.64,28.7,97828042.0,2814742121.0,24007256503.0,0.004074936342175341
2025-07-31,28.42,28.42,27.7,27.84,257969828.0,7209401327.0,24007256503.0,0.01074549388714048
2025-08-01,27.79,28.05,27.68,27.99,98148606.0,2738151406.0,24007256503.0,0.004088289138233481
2025-08-04,27.9,28.17,27.8,28.14,82320372.0,2311780582.0,24007256503.0,0.0034289787335638733
2025-08-05,28.14,28.18,27.96,28.1,78715270.0,2209870180.0,24007256503.0,0.003278811553921772
2025-08-06,28.09,28.12,27.87,27.97,114493479.0,3198859437.0,24007256503.0,0.0047691196612029635
2025-08-07,27.94,28.18,27.84,28.06,105195676.0,2948188366.0,24007256503.0,0.004381828302074188
2025-08-08,28.06,28.08,27.86,27.86,82497210.0,2304820604.0,24007256503.0,0.0034363447564152516
2025-08-11,27.86,27.88,27.51,27.69,124355056.0,3436843944.0,24007256503.0,0.005179894503333203
2025-08-12,27.69,27.88,27.64,27.76,74318390.0,2065281068.0,24007256503.0,0.0030956635961594784
2025-08-13,27.77,27.85,27.61,27.63,93425687.0,2589154700.0,24007256503.0,0.0038915603283667718
2025-08-14,27.62,27.89,27.6,27.66,101758796.0,2824224358.0,24007256503.0,0.004238668253795847
2025-08-15,27.71,27.78,27.6,27.63,107230233.0,2967736757.0,24007256503.0,0.004466575886611628
2025-08-18,27.64,27.72,27.55,27.64,114736196.0,3169229161.0,24007256503.0,0.004779229812688606
2025-08-19,27.65,27.78,27.61,27.63,114602398.0,3172704270.0,24007256503.0,0.004773656581112425
2025-08-20,27.6,27.74,27.46,27.69,102225937.0,2820524963.0,24007256503.0,0.0042581265788211005
2025-08-21,27.69,27.95,27.66,27.85,117934754.0,3284359052.0,24007256503.0,0.0049124627791294105
2025-08-22,27.88,27.92,27.7,27.87,103210400.0,2866065221.0,24007256503.0,0.004299133471877663
2025-08-25,28.04,28.55,28.03,28.35,218566604.0,6194362996.0,24007256503.0,0.0091041891426739
2025-08-26,28.35,28.4,28.21,28.31,113061248.0,3198022514.0,24007256503.0,0.004709461407465348
2025-08-27,28.25,28.3,27.93,27.96,127532414.0,3586735277.0,24007256503.0,0.0053122444034395715
2025-08-28,27.95,27.99,27.69,27.87,109296247.0,3043101973.0,24007256503.0,0.004552633783303898
2025-08-29,27.9,28.16,27.85,28.09,106729846.0,2996376746.0,24007256503.0,0.004445732730296059
2025-09-01,28.1,28.1,27.71,27.79,124608667.0,3468108875.0,24007256503.0,0.005190458434283344
2025-09-02,27.7,28.29,27.7,28.21,175144601.0,4918052711.0,24007256503.0,0.007295485886865646
2025-09-03,28.25,28.4,27.83,27.96,127133113.0,3563092890.0,24007256503.0,0.005295611890684517
2025-09-04,27.94,28.3,27.71,28.23,175848097.0,4929530683.0,24007256503.0,0.0073247893601680655
2025-09-05,28.16,28.31,28.0,28.07,106951308.0,3006365138.0,24007256503.0,0.004454957524473283
2025-09-08,28.02,28.22,28.0,28.15,90074039.0,2532976861.0,24007256503.0,0.003751950539985448
2025-09-09,28.16,28.2,27.96,28.01,76131632.0,2134208194.0,24007256503.0,0.0031711925096683338
2025-09-10,28.01,28.09,27.9,28.01,59861483.0,1675916918.0,24007256503.0,0.0024934745456033085
2025-09-11,28.0,28.11,27.92,28.0,105396656.0,2946879049.0,24007256503.0,0.004390199937540943
2025-09-12,28.0,28.15,27.9,27.93,92972812.0,2603224928.0,24007256503.0,0.003872696240338079
2025-09-15,27.9,27.91,27.76,27.8,72565697.0,2016875299.0,24007256503.0,0.0030226567950791057
2025-09-16,27.79,27.8,27.65,27.73,57512876.0,1594342991.0,24007256503.0,0.0023956454996352065
2025-09-17,27.72,27.83,27.67,27.7,61492675.0,1704493488.0,24007256503.0,0.002561420335235546
2025-09-18,27.69,27.7,27.21,27.31,144843297.0,3975030224.0,24007256503.0,0.006033313176868005
2025-09-19,27.32,27.35,27.12,27.2,73467022.0,1999478366.0,24007256503.0,0.0030602006518662137
2025-09-22,27.1,27.25,27.02,27.12,69683094.0,1890783496.0,24007256503.0,0.0029025846410768445
2025-09-23,27.12,27.39,27.03,27.32,87247325.0,2375221478.0,24007256503.0,0.0036342063904343832
2025-09-24,27.28,27.53,27.24,27.25,87441299.0,2391918904.0,24007256503.0,0.00364228619747005
2025-09-25,27.21,27.33,27.08,27.29,63429258.0,1726865388.0,24007256503.0,0.0026420869036857145
2025-09-26,27.3,27.55,27.24,27.47,79408706.0,2177282260.0,24007256503.0,0.003307695987256058
2025-09-29,27.43,27.5,27.19,27.3,92703100.0,2532328827.0,24007256503.0,0.0038614616371685628
2025-09-30,27.35,27.36,27.21,27.25,61882774.0,1686097117.0,24007256503.0,0.002577669547216567
2025-10-09,27.21,27.7,27.15,27.68,113249909.0,3112861218.0,24007256503.0,0.0047173199064144645
2025-10-10,27.65,27.79,27.51,27.73,71260502.0,1973210960.0,24007256503.0,0.0029682901080802437
2025-10-13,27.7,27.9,27.4,27.79,117498220.0,3255599090.0,24007256503.0,0.004894279360297465
2025-10-14,27.74,28.01,27.55,27.99,136669904.0,3807496908.0,24007256503.0,0.005692858073263033
2025-10-15,27.98,28.15,27.77,27.93,92632329.0,2588206846.0,24007256503.0,0.0038585137368122202
2025-10-16,27.85,28.17,27.84,28.16,93973494.0,2639404753.0,24007256503.0,0.003914378720794559
2025-10-17,28.13,28.38,28.06,28.11,114702154.0,3235603482.0,24007256503.0,0.004777811824756676
2025-10-20,28.12,28.15,27.75,28.05,91423076.0,2555513223.0,24007256503.0,0.0038081434248255553
2025-10-21,28.0,28.1,27.85,27.91,80163574.0,2239195693.0,24007256503.0,0.0033391393135647376
2025-10-22,27.89,28.08,27.85,28.04,61918968.0,1734320789.0,24007256503.0,0.002579177174712257
2025-10-23,28.04,28.27,28.04,28.23,78558809.0,2215031621.0,24007256503.0,0.003272294316103263
2025-10-24,28.21,28.29,28.08,28.19,77060006.0,2172735273.0,24007256503.0,0.0032098630674592247
2025-10-27,28.14,28.56,28.02,28.3,124842635.0,3534388258.0,24007256503.0,0.005200204154289741
2025-10-28,28.26,28.54,28.26,28.46,73263565.0,2082899503.0,24007256503.0,0.0030517258392621757
2025-10-29,28.46,28.46,28.26,28.29,74054303.0,2097455018.0,24007256503.0,0.0030846632971470943
2025-10-30,28.29,28.56,28.19,28.47,86717376.0,2465019759.0,24007256503.0,0.0036121318564311423
2025-10-31,28.46,28.46,27.93,28.1,118470229.0,3332582343.0,24007256503.0,0.004934767493536618
2025-11-03,28.11,28.35,28.11,28.31,61378322.0,1735602286.0,24007256503.0,0.002556657067096777
2025-11-04,28.31,28.69,28.28,28.6,104942889.0,2995456129.0,24007256503.0,0.004371298694079688
2025-11-05,28.63,28.69,28.4,28.42,68579115.0,1954741549.0,24007256503.0,0.002856599419905819
2025-11-06,28.39,28.6,28.36,28.5,67392832.0,1920939279.0,24007256503.0,0.002807185901961702
2025-11-07,28.51,28.64,28.43,28.52,55141784.0,1572837493.0,24007256503.0,0.00229687986184966
2025-11-10,28.52,28.59,28.39,28.53,49334459.0,1406140642.0,24007256503.0,0.002054981125970602
2025-11-11,28.53,28.72,28.47,28.62,62517578.0,1788389426.0,24007256503.0,0.0026041117189791207
2025-11-12,28.7,28.88,28.61,28.61,62970497.0,1810844126.0,24007256503.0,0.002622977639786998
2025-11-13,28.62,28.73,28.26,28.44,101232804.0,2874569006.0,24007256503.0,0.00421675854495701
2025-11-14,28.44,28.71,28.34,28.34,74762518.0,2134920337.0,24007256503.0,0.003114163336017071
2025-11-17,28.37,28.43,28.03,28.16,72559643.0,2041952507.0,24007256503.0,0.0030224046213249227
2025-11-18,28.16,28.34,28.08,28.15,59013698.0,1664566130.0,24007256503.0,0.0024581608478513785
2025-11-19,28.15,28.33,28.11,28.23,48159761.0,1359794725.0,24007256503.0,0.0020060501704549974
2025-11-20,28.18,28.32,28.05,28.14,57611235.0,1624414752.0,24007256503.0,0.0023997425525403445
2025-11-21,28.17,28.27,28.07,28.16,91994150.0,2591450861.0,24007256503.0,0.003831930982555387
2025-11-24,28.18,28.2,27.92,28.19,97179569.0,2725992366.0,24007256503.0,0.004047924800897438
2025-11-25,28.19,28.2,27.83,28.03,92985419.0,2602515319.0,24007256503.0,0.0038732213732285627
2025-11-26,28.03,28.12,27.9,27.94,66273278.0,1854668140.0,24007256503.0,0.002760551918613372
2025-11-27,27.93,28.14,27.78,28.09,76869286.0,2152113661.0,24007256503.0,0.0032019188027750793
2025-11-28,28.01,28.07,27.95,27.98,59018067.0,1651765723.0,24007256503.0,0.0024583428344936028
2025-12-01,28.05,28.15,27.99,28.07,58252394.0,1634524009.0,24007256503.0,0.002426449435932867
2025-12-02,28.03,28.27,28.02,28.26,74877962.0,2111131853.0,24007256503.0,0.0031189720487488056
2025-12-03,28.25,28.36,28.21,28.27,44559966.0,1260442579.0,24007256503.0,0.0018561040489750125
2025-12-04,28.3,28.32,28.17,28.24,37996706.0,1072988579.0,24007256503.0,0.0015827175418920462
2025-12-05,28.24,28.24,28.02,28.07,54497550.0,1531066285.0,24007256503.0,0.002270044892184572
2025-12-08,28.07,28.1,27.86,27.87,75426506.0,2109155093.0,24007256503.0,0.0031418211402279364
2025-12-09,27.93,28.04,27.9,27.97,51230207.0,1432281938.0,24007256503.0,0.0021339467503751694
2025-12-10,27.93,28.07,27.85,27.89,58538954.0,1634914947.0,24007256503.0,0.002438385826913827
2025-12-11,27.92,27.94,27.75,27.86,69563624.0,1936057504.0,24007256503.0,0.0028976082290497114
2025-12-12,27.85,28.05,27.81,28.04,89870832.0,2509907080.0,24007256503.0,0.003743486140899504
2025-12-15,27.99,28.15,27.96,28.04,53946613.0,1514955530.0,24007256503.0,0.002247096122510238
2025-12-16,28.06,28.08,27.82,27.97,67907746.0,1896170505.0,24007256503.0,0.002828634166986723
2025-12-17,27.93,28.0,27.84,27.92,59243613.0,1653641726.0,24007256503.0,0.0024677377439024234
2025-12-18,27.92,28.09,27.89,28.08,46419794.0,1300956749.0,24007256503.0,0.0019335734590997218
2025-12-19,28.03,28.08,27.82,27.85,79999314.0,2233930352.0,24007256503.0,0.0033322972156357438
2025-12-22,27.84,27.86,27.5,27.54,156403393.0,4316199315.0,24007256503.0,0.006514838252361551
2025-12-23,27.5,27.74,27.48,27.72,70945112.0,1962122211.0,24007256503.0,0.002955152830192594
2025-12-24,27.71,27.71,27.55,27.64,49994280.0,1381469831.0,24007256503.0,0.0020824653576618636
2025-12-25,27.63,27.68,27.57,27.64,30080576.0,831149451.0,24007256503.0,0.0012529784899095431
2025-12-26,27.61,27.67,27.52,27.64,48259339.0,1332687115.0,24007256503.0,0.0020101979996743654
2025-12-29,27.64,27.64,27.5,27.52,68903336.0,1897569339.0,24007256503.0,0.002870104544906649
2025-12-30,27.5,27.5,27.32,27.32,72424700.0,1982353612.0,24007256503.0,0.0030167836958358675
2025-12-31,27.35,27.37,27.17,27.19,74293024.0,2021839640.0,24007256503.0,0.0030946069989595095
2026-01-05,27.2,27.31,27.1,27.28,76569131.0,2084118017.0,24007256503.0,0.0031894161246801256
2026-01-06,27.3,27.44,27.24,27.44,73843681.0,2020307561.0,24007256503.0,0.00307589003311446
2026-01-07,27.44,27.45,27.22,27.23,72170195.0,1970227485.0,24007256503.0,0.00300618252614502
2026-01-08,27.23,27.3,27.19,27.26,47057275.0,1282365975.0,24007256503.0,0.001960127138814034
2026-01-09,27.27,27.29,27.18,27.29,62903453.0,1713592955.0,24007256503.0,0.0026201849841584125
2026-01-12,27.29,27.45,27.22,27.4,78435554.0,2145881938.0,24007256503.0,0.003267160243412175
2026-01-13,27.45,27.57,27.32,27.36,78538492.0,2154672433.0,24007256503.0,0.0032714480303147365
2026-01-14,27.45,27.54,26.8,26.81,292750088.0,7941387446.0,24007256503.0,0.012194233354545001
2026-01-15,26.98,27.01,26.77,26.82,125927447.0,3382187545.0,24007256503.0,0.005245390991855476
2026-01-16,26.88,27.03,26.44,26.52,238854630.0,6368509096.0,24007256503.0,0.009949268046107317
2026-01-19,26.61,26.92,26.6,26.8,104721813.0,2803299152.0,24007256503.0,0.004362089978374403
2026-01-20,26.8,26.94,26.73,26.88,105003377.0,2822226858.0,24007256503.0,0.004373818265609756
2026-01-21,26.89,26.9,26.55,26.58,116328162.0,3105540544.0,24007256503.0,0.0048455416796777
2026-01-22,26.58,26.72,26.3,26.31,180784966.0,4779737327.0,24007256503.0,0.007530430058820287
2026-01-23,26.36,26.42,25.96,26.0,210691513.0,5502988264.0,24007256503.0,0.008776159532167765
2026-01-26,26.05,26.28,25.86,25.98,202869796.0,5283656766.0,24007256503.0,0.008450353166120791
2026-01-27,25.98,26.14,25.86,25.93,131381483.0,3416663130.0,24007256503.0,0.005472573802157789
2026-01-28,25.93,25.94,25.61,25.65,232649760.0,5985858969.0,24007256503.0,0.009690809942024302
2026-01-29,25.65,26.2,25.38,26.03,261623032.0,6732321039.0,24007256503.0,0.01089766471097216
2026-01-30,26.04,26.57,26.04,26.36,223849239.0,5906700028.0,24007256503.0,0.00932423240331636
2026-02-02,26.49,26.55,26.09,26.14,124225665.0,3267262732.0,24007256503.0,0.005174504841253997
2026-02-03,26.2,26.23,25.91,26.0,88543815.0,2302972625.0,24468217716.0,0.0036187276093305465
2026-02-04,25.97,26.39,25.95,26.38,95705181.0,2512165683.0,24468217716.0,0.003911407937874342
2026-02-05,26.42,26.69,26.35,26.6,103244750.0,2739767940.0,24468217716.0,0.004219545174820284
2026-02-06,26.6,26.77,26.38,26.52,72562680.0,1922388504.0,24468217716.0,0.0029655891100131325
2026-02-09,26.53,26.57,26.28,26.46,67829125.0,1792121462.0,24468217716.0,0.0027721318237104737
2026-02-10,26.46,26.6,26.37,26.57,55920101.0,1483185481.0,24468217716.0,0.0022854178285095653
2026-02-11,26.58,26.59,26.41,26.48,53388246.0,1412807447.0,24468217716.0,0.002181942576270642
2026-02-12,26.27,26.3,26.05,26.12,73734237.0,1925902011.0,24468217716.0,0.0030134698757312626
2026-02-13,26.13,26.18,25.95,26.0,71554068.0,1863613082.0,24468217716.0,0.002924367799507118
2026-02-24,26.13,26.16,25.98,26.05,73078939.0,1903435481.0,24468217716.0,0.0029866882765316
2026-02-25,26.08,26.2,25.95,25.97,95620954.0,2492461852.0,24468217716.0,0.003907965635661013
2026-02-26,25.98,26.09,25.93,26.04,61977169.0,1611605301.0,24468217716.0,0.002532966222524354
2026-02-27,26.05,26.18,26.02,26.04,91903782.0,2396913236.0,24468217716.0,0.0037560472555344007
2026-03-02,26.12,26.65,26.12,26.57,181772888.0,4815661932.0,24468217716.0,0.007428938638270207
2026-03-03,26.57,27.1,26.53,26.97,214554653.0,5763725302.0,24468217716.0,0.008768707859735148
2026-03-04,26.8,27.19,26.52,27.09,175735443.0,4731660303.0,24468217716.0,0.0071821922233871955
2026-03-05,26.98,27.24,26.84,27.08,132914871.0,3600687805.0,24468217716.0,0.005432143548121435
2026-03-06,27.06,27.15,26.98,27.14,87836924.0,2377351285.0,24468217716.0,0.003589837438080445
2026-03-09,27.16,27.63,27.09,27.2,207502799.0,5674816795.0,24468217716.0,0.00848050321476059
2026-03-10,27.01,27.24,26.73,27.15,119285715.0,3217091405.0,24468217716.0,0.004875128886972341
2026-03-11,27.15,27.31,26.95,27.3,89744546.0,2439249557.0,24468217716.0,0.0036678006972823032
2026-03-12,27.32,27.5,27.16,27.5,107896209.0,2951508824.0,24468217716.0,0.004409647251481077
2026-03-13,27.5,27.63,27.35,27.42,94277629.0,2590387280.0,24468217716.0,0.0038530648245111436
2026-03-16,27.42,27.5,27.24,27.36,87203787.0,2388063540.0,24468217716.0,0.003563961544406915
2026-03-17,27.32,27.57,27.28,27.49,85028895.0,2338113044.0,24468217716.0,0.0034750751357095697
2026-03-18,27.48,27.65,27.24,27.29,80028992.0,2191462951.0,24468217716.0,0.0032707323814463317
2026-03-19,27.27,27.48,27.2,27.26,101525781.0,2777309817.0,24468217716.0,0.004149292039918842
2026-03-20,27.26,27.39,27.02,27.18,84555509.0,2299198422.0,24468217716.0,0.0034557281605643204
2026-03-23,27.07,27.26,26.66,26.74,175727130.0,4727621378.0,24468217716.0,0.007181852476532869
2026-03-24,26.9,27.13,26.72,27.1,91076718.0,2455035706.0,24468217716.0,0.0037222456926416865
2026-03-25,27.15,27.27,26.92,27.21,86054505.0,2335396506.0,24468217716.0,0.0035169911433201016
2026-03-26,27.19,27.45,27.1,27.31,84501370.0,2305295042.0,24468217716.0,0.003453515535164776
2026-03-27,27.28,27.4,27.18,27.25,68551722.0,1869448582.0,24468217716.0,0.0028016638888730084
2026-03-30,27.25,27.25,27.01,27.14,69278060.0,1880990759.0,24468217716.0,0.002831348846250392
2026-03-31,27.14,27.33,27.04,27.04,80258884.0,2181329248.0,24468217716.0,0.0032801279166123306
2026-04-01,27.12,27.12,26.84,26.88,90608171.0,2440214452.0,24468217716.0,0.003703096484250688
2026-04-02,26.9,27.02,26.76,27.01,73984893.0,1988851813.0,24468217716.0,0.0030237140219502205
2026-04-03,27.0,27.0,26.66,26.7,65627680.0,1757122436.0,24468217716.0,0.0026821602113293866
2026-04-07,26.71,26.75,26.4,26.48,72627179.0,1926064162.0,24468217716.0,0.0029682251418135944
2026-04-08,26.52,26.58,26.39,26.58,80619977.0,2138241990.0,24468217716.0,0.003294885550543464
2026-04-09,26.58,26.58,26.31,26.39,69128454.0,1824031017.0,24468217716.0,0.0028252345472141293
2026-04-10,26.47,26.5,26.32,26.4,66558904.0,1756489575.0,24468217716.0,0.002720218725063759
2026-04-13,26.39,26.43,26.24,26.42,62626392.0,1648289578.0,24468217716.0,0.0025594995404609306
2026-04-14,26.42,26.5,26.32,26.42,70116597.0,1848972432.0,24468217716.0,0.002865619303123582
2026-04-15,26.41,26.67,26.36,26.55,97056586.0,2576891492.0,24468217716.0,0.003966638973321452
2026-04-16,26.56,26.7,26.52,26.55,71958595.0,1912488030.0,24468217716.0,0.0029409005525132953
2026-04-17,26.55,26.58,26.38,26.38,83606671.0,2214978373.0,24468217716.0,0.0034169497742097005
2026-04-20,26.41,26.84,26.41,26.84,95041799.0,2538195456.0,24468217716.0,0.0038842959509000634
2026-04-21,26.86,27.15,26.85,27.13,90443249.0,2446267987.0,24468217716.0,0.0036963562303460418
2026-04-22,27.13,27.13,26.82,26.86,74160924.0,1997674385.0,24468217716.0,0.003030908293394229
2026-04-23,26.86,27.01,26.66,26.95,84590800.0,2270225989.0,24468217716.0,0.0034571704805734693
2026-04-24,26.91,26.95,26.75,26.81,56446440.0,1514495496.0,24468217716.0,0.0023069289580127097
2026-04-27,26.8,26.85,26.62,26.66,56259868.0,1504214891.0,24468217716.0,0.0022993038828165707
2026-04-28,26.68,26.78,26.61,26.73,70060777.0,1869479612.0,24468217716.0,0.0028633379763572477
2026-04-29,26.71,26.8,26.6,26.77,85596119.0,2284682165.0,24468217716.0,0.003498257208330621
2026-04-30,27.09,27.42,26.94,27.32,191463737.0,5218424711.0,24468217716.0,0.007824997276969628
2026-05-06,27.34,27.34,27.04,27.2,123774954.0,3359761259.0,24468217716.0,0.0050586011386952135
2026-05-07,27.18,27.2,26.9,27.05,97328307.0,2633218235.0,24468217716.0,0.003977744032265827
2026-05-08,27.06,27.16,26.98,27.0,80442310.0,2173718079.0,24468217716.0,0.003287624416853133
2026-05-11,27.05,27.2,26.95,27.01,103095275.0,2787957982.0,24468217716.0,0.0042134362296680486
2026-05-12,27.01,27.17,26.91,27.04,101176233.0,2738732723.0,24468217716.0,0.004135006242560932
2026-05-13,27.08,27.29,26.97,27.0,139691941.0,3785965443.0,24468217716.0,0.00570911795135181
2026-05-14,26.98,27.08,26.85,26.94,110294232.0,2971318672.0,24468217716.0,0.004507652877711545
2026-05-15,26.9,27.15,26.72,27.03,118755488.0,3202012497.0,24468217716.0,0.004853458857460822
2026-05-18,27.04,27.18,26.81,26.89,91589769.0,2465321894.0,24468217716.0,0.0037432137503055065
2026-05-19,26.89,27.35,26.77,27.25,172564585.0,4692289634.0,24468217716.0,0.007052601337904492
2026-05-20,27.25,27.28,26.87,26.9,128434436.0,3473080686.0,24468217716.0,0.0052490311101006555
2026-05-21,26.86,26.97,26.63,26.66,116610037.0,3127663670.0,24468217716.0,0.004765775683111876
2026-05-22,26.73,26.76,26.5,26.56,91588815.0,2436330692.0,24468217716.0,0.0037431747609515996
2026-05-25,26.6,26.83,26.55,26.67,84154393.0,2245695731.0,24468217716.0,0.003439334812889565
2026-05-26,26.66,27.15,26.59,27.14,162652981.0,4397744505.0,24468217716.0,0.006647520587232623
2026-05-27,27.06,27.33,27.01,27.24,111271540.0,3026248640.0,24468217716.0,0.004547594814281813
2026-05-28,27.25,27.37,27.11,27.22,114657318.0,3124821006.0,24468217716.0,0.004685969339116371
2026-05-29,27.2,27.76,27.08,27.75,213437057.0,5888377325.0,24468217716.0,0.00872303244467338
2026-06-01,27.74,27.87,27.55,27.77,139278066.0,3861503134.0,24468217716.0,0.005692203151720559
2026-06-02,27.82,28.15,27.62,27.96,125757446.0,3513868172.0,24468217716.0,0.005139624285661232
2026-06-03,27.85,27.98,27.51,27.89,114300588.0,3168757471.0,24468217716.0,0.004671390018131879
2026-06-04,27.83,27.96,27.61,27.72,87497229.0,2430916403.0,24468217716.0,0.0035759543263661877
2026-06-05,27.72,28.1,27.51,27.61,109413563.0,3042122314.0,24468217716.0,0.0044716605136488315
2026-06-08,27.5,27.61,27.26,27.51,118065467.0,3238081015.0,24468217716.0,0.004825258152039242
2026-06-09,27.51,27.7,27.39,27.63,88253597.0,2433424842.0,24468217716.0,0.0036068665901354204
2026-06-10,27.6,27.82,27.43,27.69,88750011.0,2457850309.0,24468217716.0,0.0036271547045278055
2026-06-11,27.69,27.95,27.6,27.89,99125010.0,2759358768.0,24468217716.0,0.004051174104731838
2026-06-12,27.77,28.29,27.67,28.28,149424523.0,4191923900.0,24468217716.0,0.006106882190372611
2026-06-15,28.24,28.24,27.39,27.57,207661158.0,5743667948.0,24468217716.0,0.008486975243162415
2026-06-16,27.41,27.45,27.14,27.19,120599299.0,3287063796.0,24468217716.0,0.004928814202970696
2026-06-17,27.22,27.27,26.91,27.0,103444150.0,2794894312.0,24468217716.0,0.0042276945219576366
2026-06-18,26.93,26.98,26.65,26.66,129594498.0,3466900701.0,24468217716.0,0.005296442082712748
2026-06-22,26.66,27.09,26.51,26.94,149732867.0,4009564149.0,24468217716.0,0.006119484007291968
2026-06-23,26.93,27.25,26.86,26.87,118565470.0,3206812850.0,24468217716.0,0.0048456929465062306
2026-06-24,26.87,27.0,26.56,26.6,113456072.0,3026880697.0,24468217716.0,0.0046368752034526
2026-06-25,26.5,26.58,26.2,26.22,132187574.0,3482768792.0,24468217716.0,0.005402419397043426
2026-06-26,26.25,26.72,26.15,26.65,128265188.0,3395741671.0,24468217716.0,0.005242114055415086
2026-06-29,26.55,26.9,26.26,26.84,123257906.0,3286300313.0,24468217716.0,0.005037469726264553
2026-06-30,26.71,26.84,26.38,26.47,102277653.0,2712032641.0,24468217716.0,0.004180020555118719
2026-07-01,26.44,26.72,26.36,26.64,90939756.0,2417436712.0,24468217716.0,0.003716648145587393
2026-07-02,26.79,27.09,26.55,26.95,140055304.0,3761292696.0,24468217716.0,0.005723968358693184
2026-07-03,26.96,27.23,26.81,27.05,102824327.0,2779267352.0,24468217716.0,0.004202362762726367
2026-07-06,26.91,27.2,26.78,27.19,92457731.0,2502075780.0,24468217716.0,0.0037786867876175964
2026-07-07,27.19,27.46,27.05,27.41,126822030.0,3460604485.0,24468217716.0,0.005183133135073826
2026-07-08,27.38,28.15,27.25,27.83,164844014.0,4582942182.0,24468217716.0,0.00673706666800692
2026-07-09,27.7,27.85,27.53,27.77,116039936.0,3214016729.0,24468217716.0,0.0047424760293889485
2026-07-10,27.75,28.12,27.6,28.03,147074295.0,4103252830.0,24468217716.0,0.006010829914425141
2026-07-13,27.93,28.48,27.8,28.42,200809214.0,5671275769.0,24468217716.0,0.008206940788690505
2026-07-14,28.4,28.73,28.21,28.55,159241008.0,4530406161.0,24468217716.0,0.006508075489939375
2026-07-15,28.4,28.77,28.25,28.68,119360883.0,3415566785.0,24468217716.0,0.00487820095380093
2026-07-16,28.65,28.76,28.13,28.24,146113464.0,4139610581.0,24468217716.0,0.005971561382031312
2026-07-17,27.61,28.19,27.35,27.99,242860129.0,6802221692.0,24468217716.0,0.009925534087478365
2026-07-20,27.75,28.98,27.75,28.98,229266916.0,6567613792.0,24468217716.0,0.009369988393150524
2026-07-21,29.0,29.54,28.51,28.73,255005593.0,7372431513.0,24468217716.0,0.010421911230307937
2026-07-22,28.53,29.09,28.34,29.09,168282572.0,4833398608.0,24468217716.0,0.006877598276802908
2026-07-23,29.09,29.17,28.66,28.94,108155288.0,3122728895.0,24468217716.0,0.004420235640182171
2026-07-24,29.2,29.3,28.75,28.9,102175770.0,2952607877.0,24468217716.0,0.004175856663772706
2026-07-27,29.15,29.15,28.3,28.35,138719264.0,3951796879.0,24468217716.0,0.0056693652807123
2026-07-28,28.45,29.07,28.31,29.07,161302844.0,4643667790.0,24468217716.0,0.006592341374113348
2026-07-29,29.5,29.57,28.7,28.93,131444127.0,3804789457.0,24468217716.0,0.005372035206064373
2026-07-30,28.85,29.53,28.81,29.49,193063376.0,5667026325.0,24468217716.0,0.00789037347308521
2026-07-31,28.99,29.09,28.47,29.09,172339493.0,4958587427.0,24468217716.0,0.007043401975588339
2026-08-03,28.99,29.2,28.75,29.05,101801037.0,2949045835.0,24468217716.0,0.004160541571993261
2026-08-04,28.89,29.02,28.18,28.3,150898453.0,4287876494.0,24468217716.0,0.006167120742158758
2026-08-05,28.28,28.3,27.65,27.76,162011766.0,4502975337.0,24468217716.0,0.00662131455100054
2026-08-06,27.77,27.83,27.57,27.75,107092691.0,2963193717.0,24468217716.0,0.004376807998155545
2026-08-07,27.76,27.84,27.51,27.75,103438314.0,2860787286.0,24468217716.0,0.004227456008467699
2026-08-10,27.68,28.21,27.57,28.05,118747347.0,3321846355.0,24468217716.0,0.004853126140133614
2026-08-11,28.09,28.4,27.96,28.31,109150749.0,3087915915.0,24468217716.0,0.004460919477948951
2026-08-12,28.21,28.3,27.96,28.02,68860401.0,1932456903.0,24468217716.0,0.002814279397022511
2026-08-13,27.9,28.24,27.8,28.24,76607981.0,2149278508.0,24468217716.0,0.003130917907024561
2026-08-14,28.11,28.21,27.93,28.1,73543285.0,2067064986.0,24468217716.0,0.0030056657928096394
2026-08-17,28.08,28.15,27.91,27.96,75398039.0,2108947681.0,24468217716.0,0.0030814683715478185
2026-08-18,27.92,28.15,27.91,28.12,71508633.0,2006062074.0,24468217716.0,0.0029225109008752946
2026-08-19,28.24,28.43,28.07,28.42,128036154.0,3623005629.0,24468217716.0,0.005232753586145996
2026-08-20,28.21,28.35,28.02,28.16,82162445.0,2312546485.0,24468217716.0,0.00335792520540935
2026-08-21,28.15,28.23,27.93,27.96,63514724.0,1779819532.0,24468217716.0,0.0025958050863045543
2026-08-24,27.93,28.25,27.86,28.15,93557336.0,2629092938.0,24468217716.0,0.0038236269223165353
2026-08-25,28.16,28.39,28.12,28.21,90148572.0,2546238002.0,24468217716.0,0.0036843129747472776
2026-08-26,28.2,28.49,28.12,28.24,76106307.0,2155589479.0,24468217716.0,0.0031104148198842193
2026-08-27,28.19,28.28,27.9,28.1,94775418.0,2658024415.0,24468217716.0,0.0038734091342511414
2026-08-28,28.01,28.07,27.87,28.05,67454352.0,1886753422.0,24468217716.0,0.0027568150971572793
2026-08-31,28.01,28.14,27.8,28.09,98206717.0,2746323620.0,24468217716.0,0.004013644072481082
2026-09-01,28.02,28.46,27.9,28.4,124047349.0,3507221780.0,24468217716.0,0.005069733743577255
2026-09-02,28.49,28.85,28.35,28.72,124955254.0,3581667647.0,24468217716.0,0.0051068392250854695
2026-09-03,28.62,28.82,28.41,28.44,73811515.0,2111883535.0,24468217716.0,0.0030166281768750957
2026-09-04,28.38,28.59,28.34,28.42,68260323.0,1941587643.0,24468217716.0,0.0027897546029829515
2026-09-07,28.4,28.47,27.78,27.85,159765966.0,4468951082.0,24468217716.0,0.006529530178878844
2026-09-08,27.84,27.89,27.63,27.87,91849100.0,2551462999.0,24468217716.0,0.0037538124380812176
2026-09-09,27.81,28.07,27.7,28.05,70031426.0,1956050913.0,24468217716.0,0.002862138420249783
